Message ID	ham	spam
1	1.0	0.0
2	1.0	5.916145485855274e-25
3	1.0	0.0
4	1.0	0.0
5	1.0	7.184301615281282e-93
6	1.0	6.877691509031447e-53
7	1.0	0.0
8	1.0	9.513516632069348e-261
9	1.0	0.0
10	1.0	2.3583051337479796e-209
11	1.0	2.1603830320290815e-242
12	1.0	3.9119354948252004e-203
13	1.0	1.1142990994027372e-88
14	1.0	2.833075645409072e-72
15	1.0	2.0942928284237612e-272
16	1.0	1.7472664978287235e-63
17	1.0	5.246606017158751e-205
18	1.0	1.50111e-318
19	1.0	9.325085610254144e-44
20	1.0	4.313644846234317e-32
21	1.0	2.4327706872851813e-199
22	1.0	2.4099157213029092e-107
23	1.0	4.345139865655e-254
24	1.0	0.0
25	1.0	2.291988844725524e-57
26	1.0	0.0
27	1.0	3.9598904222948206e-292
28	1.0	2.8525561625310996e-165
29	1.0	1.0474931929488157e-66
31	1.0	7.176638893726426e-116
32	1.0	1.3204550381935984e-54
33	1.0	1.9875852803489554e-182
34	1.0	1.090668698836296e-60
35	1.0	0.0
36	1.0	1.6179940761163166e-108
37	1.0	4.01194434288983e-92
38	1.0	0.0
39	1.0	1.0132155176752956e-183
40	1.0	1.082857927001121e-184
41	1.0	1.8495776251499828e-58
42	1.0	9.608549484454879e-91
43	1.0	0.0
44	1.0	5.4917795906245565e-111
45	1.0	2.4501955106190417e-117
46	1.0	6.050086463459346e-155
47	0.9999999999977525	2.247590883020943e-12
48	1.0	4.965766007500307e-271
49	1.0	9.099784052369474e-159
50	1.0	2.315178105364288e-110
51	1.0	1.015177479205644e-28
52	1.0	0.0
53	1.0	0.0
54	1.0	8.26101150243111e-27
55	1.0	2.501088886888137e-17
56	1.0	7.232997781659715e-120
57	1.0	1.0836808196144579e-60
58	1.0	4.457430181124188e-74
59	1.0	5.92440894488416e-54
61	1.0	1.2995452001806952e-22
62	1.0	1.110470126628505e-56
63	1.0	6.077250700716147e-252
64	1.0	1.4883658983016582e-25
65	1.0	1.7570379447788978e-29
66	1.0	1.0262205293969198e-49
67	0.9999999964490456	3.550954514381662e-09
68	1.0	5.878053506964735e-99
69	1.0	0.0
70	1.0	0.0
71	1.0	4.5672834638748686e-229
72	1.0	4.097037071418523e-34
73	1.0	4.245367787030286e-47
74	1.0	3.1355770592714862e-46
75	1.0	1.309379117331284e-59
76	1.0	1.9456064947033094e-102
77	1.0	9.9171438834e-313
78	1.0	4.934865000200838e-18
79	1.0	0.0
80	1.0	2.191838712293685e-27
81	1.0	0.0
82	1.0	5.0601526670166785e-28
83	1.0	2.3261154910401793e-24
84	1.0	1.771982056207349e-142
85	1.0	0.0
86	1.0	3.8157236544340216e-35
87	1.0	5.533504181031077e-221
88	1.0	4.5037105573061585e-50
89	1.0	1.4580207537713218e-24
91	0.999999999999956	4.387020691661116e-14
92	1.0	2.8705281392208042e-123
93	1.0	2.2431569645908607e-105
94	1.0	5.271208717725305e-53
95	1.0	1.9735481750595154e-148
96	1.0	1.3494887989547131e-24
97	1.0	3.169842966109645e-28
98	1.0	4.7735413445626364e-54
99	1.0	1.5564474171114474e-122
100	1.0	6.056562047858956e-121
101	1.0	7.84219955578668e-109
102	1.0	0.0
103	1.0	0.0
104	1.0	1.9736269453192547e-276
105	1.0	0.0
106	0.9999910203436105	8.97965638954629e-06
107	1.3393702462954035e-05	0.999986606297537
108	1.0	3.6996012354313675e-45
109	1.0	4.54133806888294e-129
110	1.0	2.9467805402431354e-91
111	1.0	1.202911002473973e-154
112	1.0	1.48848436869255e-299
113	1.0	2.8169001553128424e-31
114	1.0	7.215839538733459e-239
115	1.0	1.3033193465467043e-30
116	1.0	2.816294585161216e-159
117	1.0	2.9523630565634155e-44
118	0.9999999999960678	3.932259276969289e-12
119	1.0	2.324082966844004e-50
121	1.0	2.0683618742566365e-68
122	1.0	3.560483792185044e-54
123	1.0	0.0
124	1.0	4.281443315465264e-161
125	1.0	0.0
126	1.0	9.066210429073343e-57
127	0.9999999999988682	1.131812068792663e-12
128	1.0	1.4493845852304492e-130
129	1.0	0.0
130	1.0	6.758159105402963e-23
131	0.9998754287185797	0.00012457128142019793
132	1.0	0.0
133	1.0	1.5347458941572542e-50
134	1.0	6.4180567506163e-58
135	1.0	8.916239159817729e-162
136	1.0	0.0
137	1.0	1.462551772689352e-51
138	1.0	2.0454793674110467e-26
139	1.0	2.8762886270327225e-53
140	1.0	9.808232671110608e-87
141	1.0	2.2917429234787735e-27
142	1.0	1.1662177323897144e-67
143	1.0	0.0
144	1.0	1.1647808299692928e-176
145	1.0	2.0929035151474996e-26
146	1.0	4.0994927306837204e-106
147	1.0	9.624070118347228e-209
148	1.0	0.0
149	1.0	6.496863028041774e-123
151	1.0	2.3415116641625045e-291
152	1.0	0.0
153	1.0	0.0
154	1.0	4.6732773536119735e-126
155	0.9955606614555237	0.004439338544476198
156	1.0	3.0659859138785715e-30
157	1.0	1.0710294354475993e-66
158	1.0	0.0
159	1.0	2.705061040661963e-143
160	1.0	0.0
161	1.0	9.039700747471295e-124
162	1.0	0.0
163	1.0	0.0
164	1.0	9.064973466784991e-39
165	1.0	7.088552733164583e-116
166	1.0	0.0
167	1.0	1.9641514411282985e-36
168	1.0	0.0
169	1.0	4.3081955229386984e-63
170	1.0	7.4012259925115725e-286
171	1.0	1.0239683000507174e-57
172	1.0	1.3391068543140772e-193
173	1.0	1.3945815727710887e-22
174	1.0	2.442579339505015e-65
175	1.0	0.0
176	1.0	1.6672472897459572e-283
177	1.0	4.05786999035978e-270
178	1.0	4.176246608469089e-207
179	1.0	1.185318025027728e-228
181	1.0	1.3109584842085202e-128
182	1.0	4.845263415146466e-198
183	0.9999878986291438	1.2101370856126478e-05
184	1.0	2.0929035151474996e-26
185	1.0	1.6052421954453764e-118
186	1.0	2.7906412439360188e-61
187	1.0	4.3892895211093047e-70
188	1.0	1.4093163847459608e-52
189	1.0	1.0298426100334692e-38
190	1.0	4.7682056688521403e-17
191	1.0	0.0
192	1.0	2.1350159469540425e-34
193	1.0	4.227729894651345e-152
194	1.0	4.073133066931427e-124
195	1.0	1.6163991988085917e-101
196	1.0	1.9183209261394573e-214
197	1.0	1.6482065925610762e-71
198	1.0	6.11538119830427e-95
199	0.1041910069840643	0.8958089930159358
200	1.0	2.4304147604192763e-57
201	1.0	3.272448343509523e-119
202	1.0	2.737689248541911e-88
203	1.0	4.8101496115873484e-229
204	1.0	3.185355618125814e-127
205	1.0	1.363939306847199e-204
206	1.0	3.252859383642915e-150
207	1.0	1.1940244987441152e-50
208	1.0	1.0285313427510836e-26
209	1.0	3.3208476905018696e-222
211	1.0	5.4166508734045124e-46
212	1.0	2.46004745481056e-138
213	1.0	1.995130350883718e-257
214	1.0	4.809054644506813e-49
215	1.0	2.478780476369241e-27
216	1.0	0.0
217	1.0	6.675564778152786e-208
218	1.0	0.0
219	0.9999999317518982	6.824810188653565e-08
220	1.0	1.7054172216214583e-50
221	1.0	1.9433085801211102e-98
222	1.0	3.14931108119824e-50
223	1.0	2.734859724481778e-26
224	1.0	3.3213291838639806e-68
225	0.998735082889356	0.0012649171106439588
226	1.0	1.0762862461975268e-52
227	1.0	3.286153895624221e-130
228	1.0	0.0
229	1.0	4.796516606490143e-304
230	1.0	5.303762545937389e-274
231	1.0	3.2214522455769026e-123
232	1.0	3.1045858132068285e-26
233	1.0	1.0746619702675411e-35
234	1.0	2.8668693806075984e-57
235	1.0	1.779311222167482e-199
236	1.0	1.6438088542166574e-173
237	1.0	5.373302404664139e-54
238	1.0	1.43399178000352e-48
239	1.0	3.953116915883521e-267
241	1.0	1.1367374138595777e-121
242	1.0	4.442688417284419e-61
243	1.0	2.4227110405725122e-64
244	1.0	1.0321963156801144e-59
245	1.0	2.6688160759666655e-258
246	1.0	4.513896537808921e-44
247	1.0	0.0
248	1.0	3.225154447402206e-164
249	0.9999999999999951	4.791724851627451e-15
250	1.0	9.254633681966328e-26
251	1.0	3.423894023840078e-37
252	0.9995743065795044	0.00042569342049570135
253	1.0	6.098240683229326e-114
254	1.0	0.0
255	1.0	1.790039185182197e-49
256	1.0	7.296102628836781e-125
257	1.0	1.1097129991853267e-186
258	1.0	0.0
259	1.0	1.9553584278202247e-53
260	1.0	1.7444041582667902e-40
261	1.0	3.313196405544395e-129
262	0.9999999999999947	5.395744504932596e-15
263	1.0	5.505206343728144e-74
264	1.0	5.72791460417773e-29
265	1.0	4.501687277175994e-121
266	1.0	8.908973967261971e-84
267	1.0	1.453904347706172e-79
268	1.0	6.958220062383425e-108
269	1.0	1.0772022850862077e-104
271	1.0	8.055012258335369e-171
272	1.0	1.6750418218805457e-103
273	1.0	3.084204541276269e-75
274	1.0	7.1986333381189655e-211
275	1.0	1.747398038002873e-196
276	1.0	6.101701069190286e-102
277	1.0	1.3236468318163145e-64
278	1.0	6.980836342271993e-139
279	1.0	1.0306932303882427e-42
280	0.999999999999414	5.858948888550089e-13
281	1.0	0.0
282	1.0	3.8242159354452414e-96
283	1.0	9.021667613372886e-48
284	0.00858060107813912	0.9914193989218609
285	1.0	2.9054528391585822e-254
286	1.0	4.1741407913129635e-108
287	1.0	2.096712089353161e-280
288	1.0	4.970302508718073e-192
289	1.0	4.130855681967922e-96
290	1.0	1.3844488770264858e-37
291	1.0	1.5579144734145198e-103
292	1.0	1.843688818e-314
293	1.0	1.5571894625188113e-83
294	1.0	9.584522159179556e-113
295	1.0	1.3844464589376853e-257
296	1.0	0.0
297	1.0	8.025159516178657e-45
298	1.0	1.5007766938752257e-48
299	1.0	0.0
301	1.0	0.0
302	1.0	4.864021701137373e-37
303	1.0	3.721238961700809e-112
304	0.9993453031434507	0.0006546968565493487
305	1.0	1.42486312979587e-132
306	1.0	0.0
307	1.0	2.0210515112625175e-102
308	1.0	4.0977374148190074e-63
309	0.9999999980786374	1.9213626144395337e-09
310	1.0	4.029817870541609e-226
311	1.0	2.05692017348568e-234
312	1.0	1.8731453549944705e-74
313	1.0	1.1245090249131252e-30
314	1.0	0.0
315	1.0	3.296641914697198e-64
316	1.0	2.0809e-319
317	1.0	9.039781059128383e-26
318	1.0	6.006073170902522e-140
319	1.0	3.969827491973784e-30
320	1.0	5.0170268910819596e-77
321	1.0	7.09707007601301e-132
322	1.0	2.769699710026052e-90
323	1.0	1.8013918435171534e-19
324	1.0	1.4670714999651026e-198
325	1.0	1.67570156907379e-71
326	1.0	1.761457357297982e-300
327	1.0	1.2181599255795604e-68
328	1.0	3.4931250691470443e-44
329	1.0	1.4573500368257456e-192
331	1.0	8.534660745127735e-19
332	1.0	2.5717627398781496e-156
333	1.0	0.0
334	1.0	3.049655792117957e-224
335	1.0	4.142015518438348e-116
336	1.0	0.0
337	0.9981983124713733	0.0018016875286267224
338	1.0	2.6894554840453494e-97
339	1.0	3.976004699365981e-98
340	1.0	3.876406880000841e-113
341	1.0	1.5827950347476328e-51
342	1.0	1.0994469839359423e-69
343	1.0	1.1895278355255771e-17
344	1.0	0.0
345	1.0	6.914608225935393e-287
346	1.0	4.028307950442512e-88
347	0.9999877312824325	1.2268717567517467e-05
348	1.0	4.574116980196415e-255
349	1.0	1.7419323618980668e-110
350	1.0	1.3067922551360631e-41
351	1.0	1.211303640674134e-198
352	1.0	6.133505272046732e-96
353	1.0	0.0
354	1.0	4.966205869276894e-295
355	1.0	1.6524246486917994e-87
356	1.0	9.140922051268623e-77
357	1.0	6.499047673221552e-31
358	1.0	5.507264336891674e-43
359	1.0	4.132317503072278e-105
361	0.9978790554295269	0.002120944570473215
362	0.9999999999952396	4.760382787056791e-12
363	1.0	2.2889676087302363e-99
364	1.0	5.0468055657691825e-139
365	1.0	1.339231051032783e-54
366	1.0	2.57244745500454e-101
367	1.0	4.6868280201085226e-101
368	1.0	1.1113610697697364e-55
369	1.0	8.576308422366323e-231
370	1.0	0.0
371	1.0	5.442721688837026e-188
372	1.0	2.946948836068285e-17
373	1.0	2.197045984834127e-100
374	1.0	1.3470209575851325e-111
375	1.0	1.321959242091434e-147
376	1.0	5.2904638233463096e-64
377	1.0	2.6335843754599728e-216
378	1.0	0.0
379	1.0	5.752224312668748e-78
380	1.0	1.608378089100419e-131
381	1.0	1.8187254812212144e-182
382	1.0	6.990349998970884e-86
383	1.0	0.0
384	1.0	2.7827682530734335e-92
385	1.0	3.2795339015257025e-27
386	1.0	0.0
387	1.0	0.0
388	1.0	0.0
389	1.0	0.0
391	1.0	1.8647614475787854e-90
392	1.0	0.0
393	1.0	4.240595322518321e-241
394	1.0	8.667873536298639e-42
395	1.0	4.5426738078592343e-17
396	1.0	6.471121811753919e-82
397	1.0	1.9242427935738e-70
398	1.0	7.261852502563197e-40
399	1.0	1.0463506248065457e-173
400	1.0	1.1487549485344334e-80
401	1.0	0.0
402	1.0	1.3406926931399274e-74
403	1.0	3.2990781045469987e-230
404	1.0	1.3602945564584916e-307
405	1.0	2.920238213599442e-59
406	1.0	5.797394568609295e-297
407	1.0	7.631121713712451e-113
408	1.0	9.630623067602678e-117
409	1.0	3.90171639808245e-131
410	1.0	8.568798377427617e-28
411	1.0	6.298381958072314e-212
412	1.0	1.1565378347386239e-99
413	1.0	2.2674926450745708e-123
414	1.0	1.454875558389593e-18
415	0.9999999999966964	3.3036209976115905e-12
416	0.9999999993639166	6.360833098744856e-10
417	1.0	9.364586182898101e-274
418	1.0	1.711483137464401e-33
419	1.0	0.0
421	1.0	8.886240732469999e-161
422	1.0	1.4220255629314799e-68
423	6.163629748514566e-11	0.9999999999383637
424	1.0	2.545818113373952e-216
425	1.0	0.0
426	1.0	1.1823558696363473e-70
427	0.9999999998506679	1.4933219187647812e-10
428	1.0	1.5658292669350916e-62
429	1.0	3.591668383425552e-53
430	1.0	1.860005833689515e-114
431	1.0	1.9836508513696764e-307
432	1.0	1.2224192864370021e-131
433	1.0	3.9121418844720617e-26
434	1.0	1.6885458153278387e-237
435	1.0	0.0
436	1.0	9.486830149392721e-79
437	1.0	1.9405499622074203e-50
438	1.0	2.950979764081884e-59
439	1.0	3.995342373093498e-288
440	1.0	1.0455536267169621e-174
441	1.0	0.0
442	1.0	1.2192074625033158e-28
443	1.0	1.991326713268099e-55
444	1.0	8.107180388672795e-50
445	1.0	1.9567865282079752e-129
446	1.0	0.0
447	1.0	2.860178491038297e-130
448	1.0	1.3378800577386324e-26
449	1.0	7.965286608650384e-19
451	1.0	0.0
452	1.0	0.0
453	1.0	1.4669965044467823e-90
454	1.0	3.7052470356652204e-232
455	1.0	6.931145730810747e-48
456	1.0	2.0450797035031135e-27
457	1.0	0.0
458	1.0	1.0311166135805676e-112
459	1.0	0.0
460	1.0	6.430625857022066e-57
461	1.0	1.471889100483742e-19
462	1.0	2.2178573372464732e-269
463	1.0	2.6341174869133124e-162
464	1.0	8.566053894359982e-63
465	1.0	4.591304307030281e-71
466	1.0	1.523020039237904e-27
467	1.0	5.838099731163382e-129
468	1.0	3.139244301546599e-32
469	1.0	0.0
470	1.0	0.0
471	1.0	8.526610679134098e-215
472	1.0	0.0
473	1.0	1.5700805251735984e-192
474	1.0	1.6023554707462056e-134
475	1.0	3.2266431049610077e-72
476	1.0	0.0
477	1.0	1.5117723100569176e-156
478	1.0	5.0141644844462274e-36
479	1.0	1.5933159455216873e-30
481	1.0	2.6687318751077616e-49
482	1.0	0.0
483	1.0	2.2611583541695716e-75
484	1.0	0.0
485	0.999995099244494	4.900755505951626e-06
486	1.0	0.0
487	1.0	2.967962147056725e-115
488	1.0	2.977766901109944e-246
489	1.0	4.5982136211642305e-48
490	1.0	9.987021645100317e-188
491	1.0	2.042107142043692e-37
492	1.0	1.3638832926180435e-41
493	1.0	0.0
494	1.0	4.421425387248274e-23
495	1.0	0.0
496	1.0	1.3281236720376316e-272
497	1.0	0.0
498	1.0	8.765427434026855e-57
499	1.0	3.7242307628167896e-67
500	0.9999999999618494	3.8150603284142665e-11
501	1.0	3.8858331452737546e-25
502	1.0	8.729014797283486e-85
503	1.0	1.9109395783483623e-122
504	1.0	7.539081220546637e-144
505	1.0	5.916145485855274e-25
506	1.0	5.150796690835261e-70
507	1.0	7.83396396966642e-250
508	1.0	0.0
509	1.0	0.0
511	1.0	9.9042334579639e-60
512	0.999999999999998	1.9811991018517955e-15
513	1.0	2.752412450198581e-96
514	1.0	3.220587052646765e-138
515	0.9999999999999942	5.765978993212917e-15
516	1.0	5.222848029124685e-122
517	1.0	9.015285790923794e-138
518	1.0	1.731191885894353e-100
519	1.0	2.404147260882595e-309
520	1.0	6.233745198209876e-26
521	0.9999998152732416	1.8472675845088766e-07
522	0.9995824445005217	0.0004175554994782863
523	1.0	5.2486823951974e-71
524	1.0	1.3082743677933644e-245
525	1.0	1.3385694948449764e-39
526	1.0	8.437051076223985e-45
527	1.0	3.5141266591855142e-130
528	1.0	0.0
529	1.0	0.0
530	1.0	4.7245011693114724e-160
531	1.0	1.1211521761379096e-46
532	1.0	0.0
533	1.0	2.348520451593771e-78
534	0.9999999999999896	1.0334957320746219e-14
535	1.0	1.001175086348599e-134
536	1.0	5.913031182822883e-39
537	1.0	8.224927606435474e-109
538	1.0	8.139229459185231e-116
539	1.0	0.0
541	1.0	1.3790165401820548e-112
542	1.0	7.941894972374298e-76
543	1.0	0.0
544	1.0	4.1733881535942594e-106
545	1.0	3.051185475053499e-51
546	1.0	0.0
547	1.0	1.6921258080270977e-36
548	0.9999867534817228	1.3246518277169799e-05
549	1.0	0.0
550	1.0	8.997898856480141e-150
551	1.0	1.332116475781585e-72
552	1.0	9.609866183588051e-37
553	1.0	5.311398604489935e-266
554	1.3948097044701362e-10	0.9999999998605191
555	1.0	7.275962434412376e-124
556	1.0	1.7813096179106176e-86
557	1.0	6.074027455673443e-231
558	1.0	8.318195163960732e-86
559	1.0	0.0
560	1.0	0.0
561	1.0	1.918246741956828e-288
562	1.0	4.2003354329478153e-35
563	1.0	2.4297815241542184e-55
564	1.0	0.0
565	1.0	2.311566887525214e-194
566	1.0	1.3840644471056202e-90
567	1.0	1.5907944928288877e-60
568	1.0	3.8276050423196345e-152
569	1.0	3.96777974649747e-126
571	1.0	2.6075438248099722e-30
572	1.0	1.2683195144235686e-63
573	1.0	1.497102004294767e-189
574	1.0	1.1918039954751874e-222
575	1.0	1.5612286394267201e-292
576	1.0	1.600725405299276e-98
577	1.0	0.0
578	1.0	7.336213682361706e-64
579	0.999999797165492	2.0283450810036238e-07
580	1.0	4.1485587375515815e-201
581	1.0	1.6951065204033326e-166
582	1.0	3.8371784068618726e-246
583	0.9999999999999998	2.7719428593422203e-16
584	1.0	0.0
585	1.0	1.9299902896974384e-304
586	0.9999999999999998	2.349035946748684e-16
587	1.0	5.0329410236520656e-54
588	1.0	5.758572159862399e-59
589	1.0	5.927978284880045e-52
590	1.0	3.40758792609825e-76
591	1.0	2.991993194079163e-44
592	1.0	7.629332271807798e-55
593	1.0	0.0
594	1.0	6.028663794740679e-110
595	1.0	2.9868935402675688e-92
596	1.0	1.5331815040293693e-27
597	1.0	0.0
598	1.0	1.699919242585753e-262
599	1.0	3.8167860603512535e-20
601	1.0	1.5571461488412988e-25
602	1.0	2.4081753229157736e-101
603	1.0	2.0308232430183029e-112
604	1.0	2.5549308358589915e-160
605	1.0	1.7979135300762743e-45
606	1.0	2.3361269074620445e-202
607	1.0	3.378373432063787e-67
608	1.0	1.7447324226313236e-117
609	2.8413332802145887e-62	1.0
610	1.0	4.829159677809738e-22
611	1.0	0.0
612	1.0	1.0391318100590825e-172
613	1.0	1.065730005129839e-303
614	1.0	1.3899204288097434e-109
615	1.0	2.2826739282464877e-68
616	1.0	1.2702622037658488e-86
617	1.0	0.0
618	1.0	1.5407141235533366e-288
619	1.0	6.385443444084946e-69
620	1.0	0.0
621	0.9999999999990901	9.09938761090233e-13
622	1.0	2.04907805823529e-27
623	1.0	0.0
624	1.0	4.737279634083728e-46
625	1.0	0.0
626	1.0	0.0
627	1.0	1.0242991406367954e-235
628	1.0	1.9127018430670535e-55
629	1.0	0.0
631	1.0	1.3596804124630517e-45
632	1.0	2.2191404580725308e-55
633	1.0	3.081637094892984e-94
634	1.0	1.011756100684266e-41
635	1.0	0.0
636	1.0	0.0
637	1.0	2.0104332719408875e-64
638	1.0	2.4591079814104115e-84
639	1.0	5.693630531960848e-31
640	1.0	9.427241964662837e-34
641	1.0	2.542658321401177e-45
642	1.0	3.976449003696163e-42
643	1.0	7.396823303978291e-307
644	1.0	1.0730157526631454e-127
645	1.0	1.8319459189111568e-118
646	1.0	7.721225979118012e-288
647	1.0	0.0
648	1.0	0.0
649	1.0	0.0
650	1.0	4.6808499540205633e-82
651	1.0	2.1689718049646197e-221
652	1.0	6.608720570407281e-33
653	1.0	1.957792389298449e-139
654	1.0	1.47205349769791e-228
655	1.0	2.884779145813591e-100
656	1.0	1.625659021978087e-45
657	1.0	0.0
658	1.0	2.350830716257435e-133
659	1.0	3.9142215725576544e-27
661	1.0	0.0
662	1.0	3.789391192807117e-135
663	1.0	0.0
664	1.0	0.0
665	1.0	0.0
666	1.0	1.0394375658894603e-36
667	1.0	2.6688844490293923e-55
668	1.0	0.0
669	1.0	1.9986483531199175e-81
670	1.0	4.4666724611793905e-206
671	1.0	2.1517943258084444e-55
672	1.0	2.5312653175124238e-70
673	1.0	4.9937482997896235e-291
674	1.0	0.0
675	1.0	0.0
676	0.999999999945707	5.4293114097144397e-11
677	1.0	0.0
678	1.0	8.990577037153845e-17
679	1.0	1.547650479389584e-45
680	1.0	1.7203179506232666e-32
681	1.0	0.0
682	1.0	0.0
683	1.0	3.850493209252268e-36
684	0.9999999997712443	2.2875575088456868e-10
685	1.0	1.315820057917591e-34
686	1.0	8.900036945798662e-20
687	1.0	2.391759993332853e-184
688	1.0	1.2899807181890306e-148
689	1.0	4.787220618425535e-261
691	1.0	0.0
692	1.0	1.4159773696502716e-198
693	1.0	6.31406715536406e-63
694	1.0	0.0
695	1.0	7.838160135205677e-77
696	1.0	5.5203095150514535e-18
697	1.0	5.922463205405848e-52
698	1.0	1.8970991716518646e-36
699	1.0	3.677228126711473e-30
700	1.0	1.927071382276136e-151
701	1.0	3.5643627818987755e-184
702	1.0	8.356928827624344e-89
703	1.0	3.088895461718158e-76
704	1.0	7.851835038859515e-40
705	1.0	2.587139935172649e-278
706	1.0	9.241895901951611e-61
707	1.0	1.5551990702541444e-32
708	1.0	2.2654863140927546e-117
709	1.0	0.0
710	1.0	0.0
711	1.0	9.037078156778019e-102
712	1.0	0.0
713	1.0	2.405000487710558e-97
714	0.9999999998982314	1.0176862681086185e-10
715	1.0	0.0
716	1.0	2.8910966078968447e-75
717	1.0	8.473314512682448e-299
718	1.0	1.0589441433618965e-241
719	0.003301835377010454	0.9966981646229895
721	1.0	0.0
722	1.0	5.177748190013227e-194
723	1.0	6.510283314413508e-47
724	1.0	4.9414425384593704e-21
725	1.0	0.0
726	1.0	1.5569333659758397e-109
727	5.397227972706745e-32	1.0
728	1.0	0.0
729	1.0	2.0165330937786865e-70
730	1.0	2.0669832369054322e-258
731	1.0	4.559860570693424e-92
732	1.0	0.0
733	0.9962768983304662	0.0037231016695337786
734	1.0	9.712536531804197e-24
735	1.0	0.0
736	1.0	4.583883834676729e-92
737	1.0	0.0
738	1.0	2.3375734348470766e-22
739	1.0	1.390808230789633e-211
740	1.0	2.288828497251476e-148
741	1.0	5.512984812870799e-97
742	1.0	0.0
743	1.0	2.2753269063892544e-78
744	1.0	2.3831411093418798e-91
745	1.0	0.0
746	1.0	9.943251194190723e-98
747	1.0	0.0
748	1.0	1.267085297817334e-47
749	1.0	5.265750360192893e-20
751	1.0	7.736488084361866e-169
752	1.0	3.9350366498552066e-218
753	1.0	6.277238956316287e-265
754	1.0	1.16486387082586e-38
755	1.0	0.0
756	1.0	4.633940604848406e-29
757	1.0	5.354939259504598e-77
758	1.0	0.0
759	1.0	0.0
760	1.0	1.5943905629359307e-78
761	1.0	3.8237375519485473e-305
762	1.0	0.0
763	1.0	1.3491935215820685e-108
764	1.0	1.086537543949846e-149
765	1.0	0.0
766	1.0	8.301871703009302e-75
767	1.0	1.7627122730702887e-45
768	1.0	2.2526436994324843e-25
769	1.0	1.426297173050483e-135
770	0.9999999999999942	5.697341439180487e-15
771	1.0	3.0789314365367536e-211
772	1.0	6.364927287731741e-223
773	1.0	4.410482879081509e-37
774	1.0	0.0
775	1.0	9.724671092796816e-199
776	1.0	0.0
777	1.0	7.687296772921795e-280
778	1.0	0.0
779	1.0	5.512527943742335e-51
781	1.0	0.0
782	1.0	2.450128699407708e-100
783	1.0	0.0
784	1.0	6.983363223887011e-48
785	1.0	1.198973678857077e-65
786	1.0	2.1568623063233054e-132
787	1.0	1.674218300546484e-22
788	1.0	0.0
789	1.0	1.3304971687914188e-55
790	1.0	1.125518915001855e-53
791	1.0	1.7399059506973166e-190
792	1.0	3.913654648709507e-65
793	1.0	3.267238128022821e-42
794	1.0	3.7122432471091914e-42
795	1.0	1.1176033993526398e-45
796	1.0	6.991151011711514e-178
797	1.0	1.8918117408972322e-132
798	1.0	4.329928562038817e-98
799	1.0	0.0
800	1.0	8.911381917077877e-81
801	1.0	0.0
802	1.0	0.0
803	1.0	0.0
804	1.0	0.0
805	1.0	1.7330022136271583e-113
806	0.9999999764025017	2.3597498186941832e-08
807	0.9999999733640186	2.6635981474685153e-08
808	1.0	2.43295582864478e-246
809	1.0	2.562022172576784e-116
811	0.9999998601894213	1.398105786390408e-07
812	1.0	5.874881783219764e-136
813	1.0	2.7932363233920805e-55
814	1.0	1.2979516850510534e-92
815	1.0	2.540956724734935e-101
816	1.0	1.5294091536753886e-45
817	1.0	3.80464651273176e-106
818	0.9999999999970137	2.986344217300035e-12
819	1.0	0.0
820	1.0	2.3758380611212325e-52
821	1.0	1.0659855891929997e-154
822	1.0	9.825867879395801e-147
823	1.0	9.814316578581086e-120
824	1.0	1.4073800567514453e-115
825	1.0	3.4094637171877134e-76
826	1.0	0.0
827	1.0	7.069632463736242e-178
828	1.0	0.0
829	1.0	0.0
830	1.0	1.4417977143481818e-90
831	0.9999999999997489	2.511185425596142e-13
832	1.0	4.314096234811686e-100
833	1.0	7.231559251629699e-255
834	1.0	7.719516412406267e-212
835	1.0	0.0
836	0.9981953076609182	0.0018046923390817146
837	1.0	3.972130259543633e-25
838	1.0	3.412208851531504e-19
839	1.0	8.198828184147861e-89
841	1.0	2.178780187234796e-73
842	1.0	8.617472120185721e-53
843	1.0	1.2876417928175317e-185
844	1.0	2.9539553501640484e-89
845	1.0	2.7396684371249986e-23
846	1.0	0.0
847	1.0	1.9521932139200152e-38
848	1.0	7.6894295613561845e-84
849	1.0	6.174304395255787e-82
850	0.999999999950302	4.969793772948082e-11
851	1.0	4.725597317251504e-59
852	1.0	0.0
853	1.0	8.201456504731625e-37
854	1.0	0.0
855	1.0	1.2372959583365997e-107
856	1.0	1.718858582353944e-182
857	1.0	8.934225278211974e-116
858	1.0	2.406549379955124e-24
859	1.0	0.0
860	1.0	3.012764331334918e-154
861	1.0	1.4222563104411335e-44
862	1.0	2.4246302482017555e-260
863	1.0	1.1708838000817638e-28
864	1.0	1.6222521849450886e-245
865	1.0	6.349987391281094e-26
866	1.0	2.349128284e-315
867	1.0	6.959323626132642e-111
868	1.0	5.182833931265315e-85
869	1.0	1.4353748369276642e-223
871	1.0	8.665700838836053e-55
872	1.0	1.8369579657098076e-76
873	1.0	2.8185991612838203e-19
874	1.0	1.69629225937222e-42
875	1.0	2.191058602988813e-60
876	1.0	1.6031353088568828e-38
877	1.0	0.0
878	1.0	1.1255330534927309e-77
879	1.0	1.4253422061117418e-178
880	1.0	2.3852691817169746e-25
881	1.0	4.447541856900742e-64
882	1.0	5.104080742216491e-280
883	1.0	0.0
884	1.0	0.0
885	1.0	6.858010215201332e-189
886	1.0	0.0
887	1.0	5.052020774217156e-53
888	1.0	1.848038881653138e-51
889	1.0	8.201456504731625e-37
890	1.0	9.630146459491125e-101
891	1.0	6.775813232738806e-264
892	1.0	2.9208988489730914e-99
893	1.0	1.0865963530726054e-115
894	1.0	0.0
895	1.0	0.0
896	1.0	2.9728559854317544e-134
897	1.0	1.138698138986955e-42
898	1.0	2.6158932889449276e-20
899	1.0	1.6031353088568828e-38
901	1.0	1.3082466414207245e-185
902	1.0	1.1240105083369917e-92
903	1.0	3.945546498324189e-120
904	1.0	4.3265017880066327e-122
905	1.0	4.855766563366795e-100
906	1.0	2.313895485561397e-47
907	1.0	0.0
908	1.0	0.0
909	1.0	0.0
910	1.0	0.0
911	1.0	0.0
912	1.0	6.126212148588122e-277
913	1.0	6.527928109308649e-69
914	1.0	2.685366881337494e-40
915	1.0	2.79404296457258e-26
916	1.0	2.0035857374943564e-63
917	1.0	1.6031353088568828e-38
918	1.0	0.0
919	1.0	7.29842817409423e-20
920	1.0	9.716171628137474e-105
921	1.0	2.837131802274438e-113
922	0.999999999962313	3.768693882550825e-11
923	1.0	3.458405210432463e-111
924	1.0	0.0
925	1.0	5.266948351526683e-131
926	0.9970052585597577	0.002994741440242219
927	0.9999999999999996	4.577603365865803e-16
928	1.0	1.068017375370625e-30
929	1.0	1.6031353088568828e-38
931	1.0	8.746241034085997e-61
932	1.0	5.178725586584507e-119
933	1.0	9.425209308030946e-98
934	1.0	1.0987654894341757e-43
935	1.0	0.0
936	1.0	6.429196633578084e-120
937	1.0	2.742878906158516e-65
938	1.0	2.2451620166558439e-38
939	1.0	7.896474427381926e-55
940	1.0	8.774922594847296e-229
941	1.0	2.1499056679909574e-84
942	1.0	7.783098531390881e-238
943	1.0	3.656832513595214e-140
944	1.0	4.0707978176943925e-94
945	1.0	6.018040600348048e-78
946	1.0	5.600013822595047e-34
947	1.0	1.1178385378114713e-96
948	1.0	8.217730665799883e-194
949	1.0	2.4213759226273395e-22
950	1.0	2.132080861913013e-104
951	1.0	3.674776624669613e-38
952	1.0	1.1662878063522356e-38
953	1.0	6.943342643266524e-112
954	1.0	5.588327228815346e-83
955	1.0	7.994106821599327e-48
956	1.0	2.3248218869821837e-57
957	1.0	1.705681857753822e-78
958	1.0	4.2720332105187645e-77
959	1.0	3.9871037301061545e-100
961	1.0	3.825054065065357e-71
962	1.0	1.1662878063522356e-38
963	1.0	6.282244732243522e-52
964	1.0	6.598264503063483e-48
965	1.0	3.8200280337658442e-236
966	1.0	3.586017758979994e-96
967	1.0	1.5897693165506873e-40
968	1.0	1.0140457091514373e-54
969	1.0	4.560213981813052e-53
970	1.0	8.201456504731625e-37
971	1.0	8.753815811934571e-39
972	1.0	8.557021401453117e-26
973	1.0	0.0
974	1.0	6.497363411704485e-242
975	1.0	3.2762664749773606e-222
976	1.0	0.0
977	1.0	0.0
978	1.0	2.875929739284161e-100
979	1.0	1.7238112422103173e-48
980	1.0	1.1662878063522356e-38
981	1.0	1.4576172090470313e-63
982	1.0	1.979856709917363e-110
983	1.0	0.0
984	1.0	3.1505241039131704e-218
985	1.0	7.636744757860966e-99
986	1.0	4.721091985914249e-103
987	1.0	8.876073471354692e-96
988	1.0	1.6697350313783377e-106
989	1.0	6.837816890960219e-131
991	1.0	1.1662878063522356e-38
992	1.0	2.069016957658069e-55
993	1.0	1.3034985461019589e-141
994	0.9999999999962881	3.711875801366519e-12
995	1.0	5.40267561132542e-30
996	1.0	1.3720102244568053e-55
997	1.0	7.759665929325152e-28
998	1.0	4.4389536757031376e-66
999	1.0	3.01686665042351e-103
1000	1.0	5.7758033033537015e-52
1001	0.9999999999986047	1.3954159750807436e-12
1002	0.9999999881167753	1.1883224814521372e-08
1003	1.0	4.4910819492191244e-160
1004	1.0	4.117644175346106e-88
1005	1.0	1.565375264863723e-64
1006	1.0	2.1697767766751734e-240
1007	1.0	8.201456504731625e-37
1008	1.0	8.494959636612954e-109
1009	1.0	0.0
1010	1.0	1.1231653129683984e-135
1011	1.0	2.003895747729249e-63
1012	1.0	1.2368709776157865e-83
1013	1.0	1.873127432598335e-91
1014	1.0	1.6679267328306035e-81
1015	1.0	2.999609066882085e-100
1016	1.0	8.201456504731625e-37
1017	1.0	1.0275002877777835e-35
1018	1.0	0.0
1019	1.0	1.966503703850305e-29
1021	1.0	6.081137008303597e-53
1022	1.0	1.2621226042670253e-163
1023	1.0	1.391715379774055e-60
1024	1.0	1.7806563928960485e-58
1025	1.0	2.3648205685570375e-110
1026	1.0	1.0109503219837008e-86
1027	1.0	7.532226372356039e-83
1028	1.0	1.1662878063522356e-38
1029	1.0	5.044545384479078e-59
1030	1.0	1.6597203142136483e-259
1031	1.0	0.0
1032	1.0	1.7670182275765145e-125
1033	1.0	1.3592851905158243e-180
1034	1.0	6.73891372505939e-92
1035	1.0	2.67581803868502e-21
1036	1.0	5.496375024117179e-86
1037	1.0	0.0
1038	1.0	0.0
1039	1.0	0.0
1040	1.0	0.0
1041	1.0	1.7723738684782487e-99
1042	1.0	1.2447282248601856e-154
1043	1.0	1.262360237599691e-98
1044	1.0	7.228743335954142e-126
1045	1.0	3.8724572355987937e-137
1046	1.0	1.3237680913705397e-81
1047	0.9993821524345224	0.0006178475654775281
1048	1.0	2.4846602390266483e-44
1049	1.0	1.1662878063522356e-38
1051	1.0	2.1452746307661374e-172
1052	1.0	3.3749308005353944e-65
1053	1.0	3.246076217630599e-34
1054	1.0	0.0
1055	1.0	0.0
1056	1.0	0.0
1057	1.0	1.296983445146413e-38
1058	1.0	1.7363181740166744e-129
1059	1.0	2.2451620166558439e-38
1060	1.0	2.732824734715004e-50
1061	1.0	1.1955328116105508e-55
1062	1.0	4.528592304618499e-52
1063	1.0	0.0
1064	1.0	1.8753642528205715e-77
1065	1.0	1.628283725077309e-188
1066	1.0	6.076010655669739e-109
1067	1.0	0.0
1068	1.0	7.301746274861338e-68
1069	1.0	1.1662878063522356e-38
1070	1.0	3.798114908754991e-114
1071	1.0	0.0
1072	1.0	1.8871151324812395e-69
1073	1.0	3.7869791914369244e-107
1074	1.0	3.720763879616401e-42
1075	1.0	2.231620546742983e-64
1076	1.0	1.3892041089818927e-18
1077	1.0	0.0
1078	1.0	1.1662878063522356e-38
1079	1.0	7.407522605475473e-71
1081	1.0	1.0341768184365758e-63
1082	1.0	2.514927419349285e-18
1083	1.0	0.0
1084	1.0	1.5564120425225453e-248
1085	1.0	0.0
1086	1.0	3.343948803920209e-32
1087	1.0	2.4e-322
1088	1.0	2.2138842448384392e-273
1089	1.0	1.1191259952827336e-114
1090	1.0	7.063880008655106e-23
1091	1.0	0.0
1092	1.0	1.5494841854936077e-159
1093	1.0	4.1557963454500433e-128
1094	1.0	1.0637916001196721e-122
1095	2.677800952899752e-82	1.0
1096	1.0	9.967439653244614e-230
1097	1.0	1.9265219331380296e-52
1098	1.0	1.1662878063522356e-38
1099	1.0	1.3310080012131695e-49
1100	1.0	0.0
1101	1.0	1.4104064501742521e-219
1102	1.0	0.0
1103	1.0	1.735358059296335e-169
1104	1.0	2.779260203273485e-227
1105	1.0	0.0
1106	1.0	9.660259057654405e-95
1107	1.0	2.903270770216976e-122
1108	1.0	0.0
1109	1.0	0.0
1111	1.0	3.8217473828171376e-27
1112	1.0	2.322502268709244e-36
1113	1.0	3.38353063396356e-67
1114	1.0	8.201456504731625e-37
1115	1.0	7.981719208670344e-45
1116	1.0	4.5645549182913004e-17
1117	1.0	9.962468004680585e-165
1118	1.0	3.6730209652693606e-163
1119	1.0	9.023582016107156e-41
1120	1.0	9.26885786986523e-33
1121	1.0	4.470057137041917e-43
1122	1.0	1.2872909549132388e-27
1123	1.0	0.0
1124	1.0	0.0
1125	1.0	1.0214317289071485e-81
1126	1.0	1.97334304092317e-35
1127	1.0	3.74580856993587e-38
1128	1.0	1.4733526187330587e-53
1129	1.0	4.478365792872655e-306
1130	1.0	1.5859535676328246e-31
1131	1.0	4.610672040337391e-189
1132	1.0	1.4753067362246194e-112
1133	1.0	1.530854561770563e-31
1134	1.0	5.992910703423733e-113
1135	1.0	4.5082467597120445e-27
1136	1.0	2.6340913361227236e-36
1137	1.0	1.6880530476896958e-88
1138	1.0	4.136045850668924e-115
1139	1.0	2.632911689346308e-127
1141	1.0	3.74580856993587e-38
1142	1.0	8.020603087174808e-44
1143	1.0	1.2907869570565352e-59
1144	1.0	5.0277961257632574e-33
1145	1.0	0.0
1146	1.0	4.1309881560557385e-83
1147	1.0	2.6340913361227236e-36
1148	1.0	1.2907869570565352e-59
1149	1.0	0.0
1150	1.0	6.088574919734624e-51
1151	1.0	1.3422068621887612e-157
1152	1.0	4.975943235034252e-140
1153	1.0	3.0461865310558655e-76
1154	0.9999999999994744	5.254787481183443e-13
1155	1.0	5.3268010743225896e-49
1156	1.0	1.0026340326620364e-40
1157	1.0	3.352411006185904e-98
1158	1.0	1.953122663710302e-38
1159	1.0	0.0
1160	1.0	0.0
1161	1.0	2.7250917847734624e-38
1162	1.0	6.831651117782882e-60
1163	1.0	0.0
1164	1.0	0.0
1165	1.0	2.3105168746611009e-302
1166	1.0	1.7393648468903233e-60
1167	1.0	1.6274605907379824e-276
1168	1.0	9.72094292396993e-72
1169	1.0	0.0
1171	1.0	1.4605043081113213e-78
1172	1.0	6.985930769164181e-54
1173	1.0	9.390530420585326e-60
1174	1.0	2.7250917847734624e-38
1175	1.0	0.0
1176	1.0	3.4777277539527086e-62
1177	1.0	4.842109732090362e-49
1178	1.0	4.41043202503835e-28
1179	1.0	3.029325358117232e-218
1180	1.0	1.4317678112161812e-134
1181	1.0	7.439272695749093e-86
1182	1.0	3.2920968670086306e-183
1183	1.0	1.5949422220363003e-52
1184	1.0	2.7250917847734624e-38
1185	1.0	9.390530420585326e-60
1186	1.0	0.0
1187	1.0	3.674038590554157e-112
1188	0.9999999999998546	1.454415805137719e-13
1189	1.0	1.5531983432265326e-24
1190	1.0	1.776090724559051e-26
1191	1.0	2.5254066374048125e-177
1192	1.0	5.0872123946842655e-51
1193	1.0	9.946643930126016e-40
1194	1.0	6.37818982604814e-59
1195	1.0	0.0
1196	1.0	0.0
1197	1.0	3.3405629837524825e-260
1198	1.0	5.494486548871229e-224
1199	1.0	9.045182827061351e-82
1201	1.0	2.526499568427511e-150
1202	1.0	2.528637895024696e-35
1203	1.0	1.1050114147881258e-253
1204	1.0	6.603522168701582e-35
1205	1.0	1.8501432698131952e-236
1206	1.0	0.0
1207	1.0	3.993746408411551e-138
1208	1.0	1.9163127336573636e-36
1209	1.0	1.8501432698131952e-236
1210	1.0	6.084802908580798e-238
1211	0.021155598944386404	0.9788444010556137
1212	1.0	1.2737680954687442e-26
1213	1.0	0.0
1214	1.0	2.7250917847734624e-38
1215	1.0	9.390530420585326e-60
1216	1.0	1.0483340162795495e-219
1217	1.0	1.0026340326620364e-40
1218	1.0	1.868185123935543e-53
1219	1.0	1.8861394586137882e-53
1220	1.0	5.664875859801888e-18
1221	1.0	3.639610991508794e-193
1222	1.0	0.0
1223	1.0	0.0
1224	0.9999999999533846	4.661532512512746e-11
1225	1.0	1.321241309258976e-263
1226	1.0	5.50382568259893e-43
1227	1.0	1.3591126825149118e-53
1228	1.0	1.321241309258976e-263
1229	1.0	0.0
1231	1.0	1.39460669718308e-53
1232	1.0	2.7250917847734624e-38
1233	1.0	9.390530420585326e-60
1234	1.0	1.7867539165658265e-78
1235	1.0	1.2056581782533726e-240
1236	1.0	2.0238361889849898e-38
1237	1.0	1.2243063514112743e-62
1238	1.0	4.995991541293619e-55
1239	1.0	4.430154630949413e-165
1240	1.0	6.874185096052768e-32
1241	1.0	1.9151250461635253e-77
1242	1.0	1.7544709911234217e-132
1243	1.0	2.3080862764410497e-109
1244	1.0	4.7951516643023416e-132
1245	1.0	7.81353735976888e-138
1246	1.0	0.0
1247	1.0	3.9750157834645594e-143
1248	1.0	1.2404783068915015e-97
1249	1.0	8.324289843704369e-148
1250	1.0	2.6490402753970292e-30
1251	1.0	3.085027792806388e-41
1252	1.0	2.7250917847734624e-38
1253	1.0	1.2907869570565352e-59
1254	1.0	6.359634473343524e-63
1255	1.0	3.6368225101204752e-180
1256	1.0	2.5080211023495e-78
1257	1.0	0.0
1258	1.0	0.0
1259	1.0	3.144680816420102e-48
1261	1.0	1.3964842872004237e-108
1262	1.0	2.7250917847734624e-38
1263	1.0	9.390530420585326e-60
1264	0.9999999988379806	1.162019468913935e-09
1265	1.0	1.751847339016332e-57
1266	1.0	6.28546926716165e-53
1267	1.0	1.7820232973136224e-49
1268	1.0	2.1399749710182448e-178
1269	1.0	0.0
1270	1.0	9.194699531083163e-86
1271	1.0	8.804945035453159e-137
1272	1.0	6.015905643890039e-62
1273	1.0	3.500842427393173e-30
1274	1.0	2.7250917847734624e-38
1275	1.0	1.868185123935543e-53
1276	1.0	6.015905643890039e-62
1277	1.0	7.76209602198549e-124
1278	1.0	7.535666698055696e-44
1279	1.0	0.0
1280	1.0	2.7250917847734624e-38
1281	1.0	9.390530420585326e-60
1282	1.0	0.0
1283	1.0	0.0
1284	1.0	0.0
1285	1.0	0.0
1286	1.0	0.0
1287	1.0	0.0
1288	1.0	0.0
1289	1.0	0.0
1291	1.0	6.185592314489717e-129
1292	1.0	1.7820232973136224e-49
1293	1.0	0.0
1294	1.0	2.266437593429217e-98
1295	1.0	1.4548147780911712e-197
1296	1.0	1.1051873316230413e-61
1297	1.0	3.991885234680556e-58
1298	1.0	4.48681385493223e-22
1299	1.0	3.866133817637441e-48
1300	1.0	6.285419548354494e-42
1301	1.0	0.0
1302	1.0	2.211957121380335e-164
1303	1.0	3.866133817637441e-48
1304	1.0	0.0
1305	1.0	0.0
1306	1.0	0.0
1307	1.0	0.0
1308	1.0	0.0
1309	1.0	0.0
1310	1.0	1.762805796355135e-148
1311	1.0	4.880094237739944e-175
1312	1.0	0.0
1313	1.0	2.1680378553184743e-275
1314	1.0	6.238603276880371e-55
1315	0.9999999999995985	4.0136441437726983e-13
1316	1.0	4.69614234784819e-57
1317	1.0	6.082497010414035e-61
1318	1.0	1.5474604441535836e-301
1319	1.0	5.5520878012885e-39
1321	1.0	0.0
1322	1.0	1.7820232973136224e-49
1323	1.0	1.5587583557948743e-25
1324	1.0	7.186282210715381e-53
1325	0.9999999999335476	6.645246650921143e-11
1326	1.0	5.5520878012885e-39
1327	1.0	0.0
1328	1.0	4.941632875046411e-81
1329	1.0	4.285504680255735e-52
1330	1.0	0.0
1331	1.0	1.7820232973136224e-49
1332	1.0	1.4740611285548457e-120
1333	1.0	0.0
1334	1.0	7.828239648411365e-56
1335	1.0	5.5520878012885e-39
1336	1.0	1.3918770386243067e-60
1337	1.0	2.172656953225754e-136
1338	1.0	1.9132217742932825e-60
1339	1.0	5.5520878012885e-39
1340	0.9999999999988238	1.1762108808843044e-12
1341	1.0	6.086255112076066e-58
1342	0.9999941310957816	5.868904218370297e-06
1343	1.0	3.497815570239563e-25
1344	1.0	4.566099227568833e-62
1345	0.9842468986721155	0.015753101327884583
1346	0.9069809619446987	0.09301903805530123
1347	1.0	3.0870197662562403e-130
1348	1.0	3.90428557725711e-37
1349	1.0	0.0
1351	1.0	9.036437565667453e-19
1352	1.0	0.0
1353	1.0	0.0
1354	1.0	5.5520878012885e-39
1355	1.0	2.086915484227874e-145
1356	1.0	0.0
1357	1.0	4.919261677826917e-74
1358	1.0	4.742412603657211e-229
1359	1.0	1.5290112908660528e-43
1360	1.0	4.03916766517794e-39
1361	1.0	1.0600057435003465e-83
1362	1.0	0.0
1363	1.0	0.0
1364	1.0	0.0
1365	1.0	0.0
1366	1.0	1.7820232973136224e-49
1367	1.0	4.735983389347156e-72
1368	1.0	4.57266965336889e-42
1369	1.0	1.2055834073767244e-55
1370	1.0	1.3760492409010776e-28
1371	1.0	1.9132217742932825e-60
1372	1.0	6.416286225332219e-194
1373	1.0	0.0
1374	1.0	1.401025254583074e-279
1375	1.0	0.0
1376	1.0	4.1595564966715097e-50
1377	1.0	0.0
1378	1.0	5.550071828933973e-246
1379	1.0	1.4794103445401087e-154
1381	1.0	6.808738251592088e-147
1382	1.0	1.3918770386243067e-60
1383	1.0	4.03916766517794e-39
1384	1.0	0.0
1385	1.0	0.0
1386	1.0	4.5289855298089523e-95
1387	1.0	2.805007735541755e-35
1388	1.0	1.24515694036561e-60
1389	0.9999999999999996	4.191709237750056e-16
1390	1.0	1.396508764478994e-158
1391	1.0	1.6789954427210424e-22
1392	1.0	5.752082036137029e-132
1393	1.0	4.03916766517794e-39
1394	0.9999999999999682	3.170681228680336e-14
1395	1.0	9.06996862064151e-39
1396	1.0	3.9625399855144403e-28
1397	1.0	0.0
1398	1.0	1.7820232973136224e-49
1399	1.0	1.4096670479641864e-42
1400	1.0	4.015934155712709e-62
1401	1.0	9.903273656321154e-44
1402	1.0	3.4110179328160026e-39
1403	1.0	1.1797460158552968e-172
1404	1.0	2.451296485286675e-271
1405	1.0	2.285075814223842e-249
1406	1.0	1.4585227760071668e-31
1407	1.0	4.03916766517794e-39
1408	1.0	1.7470614449995148e-59
1409	1.0	1.6271237469758797e-56
1411	1.0	1.6197096136188662e-25
1412	1.0	6.44880108315698e-26
1413	1.0	4.03916766517794e-39
1414	1.0	1.7470614449995148e-59
1415	1.0	6.44880108315698e-26
1416	1.0	4.863199704875445e-28
1417	1.0	6.594279321642552e-157
1418	1.0	2.0734929569113413e-38
1419	1.0	1.6503426615969696e-43
1420	1.0	7.0400937771874e-30
1421	7.324509013267485e-31	1.0
1422	1.0	1.2824127563677616e-53
1423	1.0	1.7820232973136224e-49
1424	1.0	1.963490002300933e-51
1425	1.0	4.03916766517794e-39
1426	1.0	1.5228043880022123e-154
1427	1.0	0.0
1428	1.0	0.0
1429	1.0	0.0
1430	1.0	0.0
1431	1.0	4.818476614355353e-275
1432	1.0	0.0
1433	1.0	7.053557455232149e-299
1434	1.0	1.011923043049098e-289
1435	1.0	3.558136114589309e-130
1436	1.0	1.1405511375997312e-71
1437	1.0	5.198272137229961e-121
1438	1.0	7.240016039345551e-110
1439	1.0	4.03916766517794e-39
1441	0.999999999999704	2.9588814295121975e-13
1442	1.0	0.0
1443	1.0	1.725099444692051e-308
1444	0.9999939401941	6.059805899945578e-06
1445	1.0	0.0
1446	1.0	2.2192322557763446e-210
1447	1.0	3.8959602880593666e-17
1448	1.0	4.03916766517794e-39
1449	1.0	5.441859563103665e-72
1450	1.0	2.5578474200635684e-175
1451	1.0	0.0
1452	1.0	5.7888475560169234e-92
1453	1.0	4.03916766517794e-39
1454	1.0	9.653925940525128e-60
1455	1.0	6.497934086927493e-53
1456	1.0	4.1772449143526804e-41
1457	1.0	4.99761544532794e-126
1458	1.0	0.0
1459	1.0	7.215447924930816e-282
1460	1.0	2.471101924401475e-94
1461	1.0	4.500937180182026e-75
1462	1.0	0.0
1463	1.0	1.102157188634229e-78
1464	1.0	0.0
1465	1.0	1.5647321622468822e-126
1466	1.0	1.7840553268567377e-209
1467	1.0	3.324996594323377e-52
1468	1.0	4.3067382285278313e-131
1469	1.0	4.03916766517794e-39
1471	1.0	3.029600301017084e-28
1472	1.0	1.7840553268567377e-209
1473	1.0	3.324996594323377e-52
1474	1.0	1.9819146298918818e-301
1475	1.0	1.1865847407418438e-62
1476	1.0	4.7412617157616344e-48
1477	1.0	2.845088227625995e-156
1478	1.0	0.0
1479	1.0	0.0
1480	1.0	1.717004792444003e-113
1481	1.0	1.1159716738411623e-152
1482	1.0	0.0
1483	1.0	2.9583885314850925e-42
1484	1.0	6.902856985926953e-54
1485	1.0	0.0
1486	1.0	1.7540310323149105e-44
1487	1.0	4.03916766517794e-39
1488	1.0	2.416566871952813e-61
1489	1.0	0.0
1490	1.0	1.7540310323149105e-44
1491	1.0	8.66478128043125e-143
1492	1.0	0.0
1493	1.0	0.0
1494	1.0	0.0
1495	1.0	3.0439596225970957e-37
1496	0.9999999999875597	1.2440280491255067e-11
1497	1.0	2.6324173631453085e-162
1498	1.0	1.883480825164974e-70
1499	1.0	0.0
1501	1.0	9.47522886278117e-21
1502	1.0	1.1199282453390116e-38
1503	1.0	2.8756474383356765e-64
1504	1.0	0.0
1505	1.0	4.03916766517794e-39
1506	1.0	7.190664884369419e-236
1507	1.0	1.883480825164974e-70
1508	1.0	0.0
1509	1.0	0.0
1510	1.0	9.47522886278117e-21
1511	1.0	4.18327908541639e-99
1512	1.0	2.22367632721076e-120
1513	1.0	6.857849796644581e-38
1514	1.0	4.787201836420128e-38
1515	1.0	3.32172184047618e-61
1516	0.9999999999999825	1.7454951373093364e-14
1517	1.0	0.0
1518	1.0	1.4456820084405485e-126
1519	1.0	3.46474897567032e-199
1520	1.0	9.721e-320
1521	1.0	6.277269451542161e-18
1522	0.9999999999999991	8.110973723281169e-16
1523	1.0	0.0
1524	1.0	7.60097016889931e-31
1525	1.0	2.6510584977364775e-222
1526	1.0	2.688437822968825e-51
1527	1.0	1.2842638657421481e-99
1528	1.0	8.298477957965259e-151
1529	1.0	2.3697743183045e-298
1531	1.0	3.32172184047618e-61
1532	1.0	0.0
1533	1.0	7.60097016889931e-31
1534	1.0	2.6510584977364775e-222
1535	1.0	2.688437822968825e-51
1536	1.0	1.2842638657421481e-99
1537	1.0	8.298477957965259e-151
1538	1.0	4.1987626571580585e-260
1539	1.0	1.8189591489352795e-70
1540	1.0	7.57066687372863e-47
1541	1.0	0.0
1542	1.0	0.0
1543	1.0	0.0
1544	1.0	2.5e-323
1545	1.0	1.39761440662467e-63
1546	1.0	4.01941140197849e-120
1547	1.0	4.905473873520645e-46
1548	1.0	1.763208151346007e-198
1549	1.0	2.696369331553148e-41
1550	1.0	1.1987351882597876e-41
1551	1.0	0.0
1552	1.0	1.2496307932913086e-216
1553	1.0	3.2109576233498144e-32
1554	1.0	0.0
1555	1.0	0.0
1556	1.0	7.747140845074533e-122
1557	1.0	0.0
1558	0.9999999999999989	1.0436444475691674e-15
1559	1.0	3.6775000630182106e-39
1561	1.0	0.0
1562	1.0	0.0
1563	1.0	5.349681205660198e-85
1564	1.0	6.348937172659602e-66
1565	1.0	1.6431972700264855e-87
1566	1.0	1.0636145402582618e-68
1567	1.0	4.1632322132595275e-42
1568	1.0	5.13200001909723e-36
1569	1.0	1.1810537274885277e-31
1570	1.0	2.7081214254331217e-67
1571	1.0	5.7513165083530014e-216
1572	1.0	1.482024685927068e-77
1573	1.0	3.6775000630182106e-39
1574	1.0	3.005369511308799e-59
1575	1.0	1.8227267814014836e-114
1576	1.0	8.956873106119097e-163
1577	1.0	1.631836419324568e-307
1578	1.0	0.0
1579	1.0	0.0
1580	1.0	3.0287692738798157e-42
1581	1.0	3.241513711859906e-132
1582	1.0	2.675397053300516e-39
1583	1.0	6.27585660223662e-42
1584	1.0	2.3133831817956127e-73
1585	1.0	0.0
1586	1.0	2.97253733202294e-24
1587	1.0	0.0
1588	1.0	1.9326574023538598e-125
1589	1.0	3.1415410539599463e-53
1591	1.0	0.0
1592	1.0	0.0
1593	1.0	4.505444216521834e-261
1594	1.0	1.6006455845010707e-61
1595	1.0	2.675397053300516e-39
1596	1.0	0.0
1597	1.0	7.192129329734939e-46
1598	1.0	5.85366369891987e-87
1599	1.0	3.7467653305669334e-48
1600	1.0	7.969678102353278e-59
1601	0.9999999999998339	1.660496492447063e-13
1602	1.0	2.3823025916057463e-302
1603	0.9999999889679431	1.1032056934791742e-08
1604	1.0	2.2001871574952167e-61
1605	1.0	2.675397053300516e-39
1606	1.0	5.8725067744465e-36
1607	1.0	3.77195691884427e-80
1608	1.0	2.1195107054374713e-149
1609	1.0	2.675397053300516e-39
1610	1.0	3.0996573938395056e-32
1611	1.0	1.2194185714106083e-70
1612	1.0	3.588685258715e-311
1613	1.0	7.055440458072444e-73
1614	0.9999998282884048	1.7171159523325652e-07
1615	1.0	1.5444936413460904e-56
1616	1.0	8.140682103050388e-59
1617	0.9999999997698399	2.3016018117475884e-10
1618	1.0	6.666110395332587e-114
1619	1.0	5.619089966923845e-45
1621	1.0	1.1203525498445807e-150
1622	1.0	3.7912015435777893e-196
1623	1.0	4.88246255114503e-85
1624	1.0	0.0
1625	1.0	1.315517104389688e-85
1626	1.0	2.675397053300516e-39
1627	1.0	7.630072732268772e-107
1628	1.0	0.0
1629	1.0	4.374692911494648e-242
1630	1.0	6.919917689528325e-123
1631	1.0	0.0
1632	1.0	1.675340839842791e-38
1633	1.0	5.921418108134809e-59
1634	1.0	4.293484926256354e-76
1635	1.0	5.583719986681226e-51
1636	1.0	2.675397053300516e-39
1637	1.0	3.733552003630166e-36
1638	1.0	4.293484926256354e-76
1639	1.0	5.583719986681226e-51
1640	1.0	2.162796108309416e-107
1641	1.0	2.675397053300516e-39
1642	1.0	4.108622619250843e-282
1643	1.0	2.2001871574952167e-61
1644	1.0	1.7820232973136224e-49
1645	1.0	5.4499206220071464e-55
1646	1.0	6.856027942374708e-287
1647	1.0	9.96278384456962e-47
1648	1.0	2.818816588157535e-26
1649	1.0	1.5382437762350023e-56
1651	1.0	1.2001244493697142e-59
1652	1.0	2.675397053300516e-39
1653	1.0	3.052986713151907e-200
1654	1.0	2e-323
1655	0.9848309257721406	0.015169074227859491
1656	1.0	7.387686503528145e-116
1657	1.0	8.458654757151127e-47
1658	1.0	8.332324642670822e-21
1659	1.0	9.371290724082582e-171
1660	1.0	0.0
1661	1.0	0.0
1662	1.0	1.211323008792136e-60
1663	1.0	1.8345370165434393e-58
1664	1.0	4.03253172386036e-142
1665	1.0	3.4827098483314985e-38
1666	1.0	1.6819712907181363e-41
1667	1.0	3.757574470614805e-138
1668	1.0	2.8845449034633677e-38
1669	1.0	2.6053140889857152e-77
1670	1.0	3.1415410539599463e-53
1671	1.0	4.23843491269056e-26
1672	1.0	9.967399570293336e-158
1673	1.0	1.2419396907204212e-50
1674	1.0	2.603704482900091e-146
1675	1.0	4.23843491269056e-26
1676	1.0	9.967399570293336e-158
1677	1.0	5.425579078907564e-111
1678	1.0	2.0259368217046866e-117
1679	1.0	9.22971062843043e-171
1681	1.0	1.1417504540144843e-48
1682	4.780406309269938e-51	1.0
1683	1.0	1.503662522693535e-286
1684	1.0	0.0
1685	1.0	9.080877047793267e-56
1686	1.0	8.5143011205627e-45
1687	1.0	6.840270930188482e-186
1688	1.0	1.503662522693535e-286
1689	1.0	0.0
1690	1.0	1.6754501498979564e-226
1691	1.0	2.8437179355111487e-105
1692	1.0	3.221318495821685e-55
1693	1.0	9.111336254357057e-75
1694	1.0	1.6368436189335775e-52
1695	1.0	5.758434905580869e-100
1696	1.0	1.1284890930384638e-39
1697	1.0	9.080877047793267e-56
1698	1.0	3.8951637754175143e-57
1699	1.0	0.0
1700	1.0	1.1993163717741565e-195
1701	1.0	0.0
1702	0.9999999999999913	8.715392564766841e-15
1703	1.0	9.09247095376594e-159
1704	1.0	2.675397053300516e-39
1705	1.0	3.421382051793028e-41
1706	1.0	1.3536694396523157e-120
1707	1.0	1.2694741996371678e-213
1708	1.0	0.0
1709	1.0	1.3190058593296036e-232
1711	1.0	9.09247095376594e-159
1712	1.0	7.518498133825325e-115
1713	1.0	1.977617337023652e-42
1714	1.0	3.6344874247669755e-67
1715	1.0	0.0
1716	1.0	9.533875502837475e-79
1717	1.0	1.7359362447681323e-165
1718	1.0	0.0
1719	1.0	2.4492477155492205e-149
1720	0.9999999999999998	2.6714590486569555e-16
1721	1.0	0.0
1722	1.0	1.2920803715759454e-42
1723	1.0	2.675397053300516e-39
1724	1.0	0.0
1725	1.0	9.533875502837475e-79
1726	1.0	1.7359362447681323e-165
1727	1.0	0.0
1728	1.0	2.4492477155492205e-149
1729	1.0	0.0
1730	1.0	7.019596320777613e-130
1731	1.0	9.845301713422862e-46
1732	1.0	1.1808175712993098e-48
1733	1.0	2.560416876869069e-55
1734	1.0	1.5211766879880984e-135
1735	1.0	3.8109585082945876e-42
1736	1.0	4.134455803998266e-133
1737	1.0	6.100680001361652e-41
1738	1.0	9.191028532302184e-17
1739	1.0	2.1359110325509423e-84
1741	0.9999999999999998	3.2527857046174567e-16
1742	1.0	3.432836297421007e-309
1743	1.0	3.980469642979883e-195
1744	1.0	9.756736180521647e-35
1745	1.0	4.144078249767417e-108
1746	1.0	5.979570212099918e-62
1747	1.0	4.0477082219113714e-33
1748	1.0	0.0
1749	1.0	2.0428858057193874e-22
1750	1.0	0.0
1751	1.0	4.366021425735472e-267
1752	1.0	1.7820232973136224e-49
1753	1.0	0.0
1754	1.0	2.482422237118851e-66
1755	1.0	5.074861239009229e-56
1756	1.0	4.0477082219113714e-33
1757	1.0	6.207362508066123e-64
1758	1.0	3.305787334823774e-54
1759	1.0	0.0
1760	1.0	2.0291125426068216e-43
1761	0.9999999999999969	3.127850425418673e-15
1762	1.0	2.940885806922188e-43
1763	1.0	4.0939163477925845e-283
1764	1.0	7.128609739409506e-107
1765	1.0	0.0
1766	1.0	7.929539199078758e-169
1767	1.0	5.979570212099918e-62
1768	1.0	4.0477082219113714e-33
1769	1.0	3.062303449377279e-302
1771	1.0	7.128609739409506e-107
1772	1.0	0.0
1773	1.0	7.929539199078758e-169
1774	1.0	2.976456389997253e-209
1775	1.0	4.3784918368408006e-154
1776	1.0	9.949595390802675e-69
1777	1.0	1.867288083350858e-33
1778	1.0	5.979570212099918e-62
1779	1.0	4.0477082219113714e-33
1780	1.0	8.508026912699353e-103
1781	1.0	1.7094916259950622e-103
1782	1.0	1.4243993872564306e-151
1783	1.0	5.381050118964074e-44
1784	1.0	4.994105474207868e-119
1785	1.0	1.0571860341823702e-268
1786	1.0	1.2535884533173937e-148
1787	1.0	1.0975403689385537e-47
1788	1.0	0.0
1789	1.0	4.164479246916963e-82
1790	1.0	0.0
1791	0.9999999999996727	3.2737152716809463e-13
1792	1.0	8.599260846496967e-42
1793	1.0	4.069614979879696e-47
1794	1.0	4.164479246916963e-82
1795	1.0	0.0
1796	0.9999999999996727	3.2737152716809463e-13
1797	1.0	7.286828674557802e-135
1798	1.0	2.393241228884064e-38
1799	1.0	2.2980919112036092e-61
1801	1.0	6.255999112179449e-42
1802	1.0	5.883173929955131e-38
1803	1.0	0.0
1804	1.0	5.410404128894965e-35
1805	1.0	7.870013463199445e-62
1806	1.0	3.3691585603014733e-71
1807	1.0	6.255999112179449e-42
1808	1.0	1.2194185714106083e-70
1809	1.0	9.715773062874186e-18
1810	1.0	1.1376147674852063e-54
1811	1.0	0.0
1812	1.0	3.999789469532555e-276
1813	1.0	6.255999112179449e-42
1814	1.0	1.1376147674852063e-54
1815	1.0	1.114093217005774e-25
1816	1.0	0.0
1817	1.0	4.56105432144321e-54
1818	1.0	0.0
1819	1.0	0.0
1820	1.0	0.0
1821	1.0	2.0100671315163046e-33
1822	1.0	0.0
1823	1.0	0.0
1824	1.0	5.883173929955131e-38
1825	1.0	1.0173983952345177e-100
1826	1.0	0.0
1827	1.0	0.0
1828	1.0	0.0
1829	1.0	1.0233107033365171e-105
1831	1.0	2.1880490215487047e-32
1832	1.0	0.0
1833	1.0	2.103960388056278e-127
1834	1.0	1.3811958394015622e-153
1835	1.0	1.2866881334995205e-42
1836	1.0	0.0
1837	1.0	2.103960388056278e-127
1838	1.0	1.3811958394015622e-153
1839	1.0	0.0
1840	1.0	2.0155160633547047e-175
1841	1.0	1.5857797913634858e-38
1842	1.0	5.634988486632248e-63
1843	1.0	9.512222279865539e-67
1844	1.0	6.0420093947592e-104
1845	1.0	6.250867987536608e-45
1846	1.0	1.2866881334995205e-42
1847	1.0	0.0
1848	1.0	1.3124401748419035e-98
1849	1.0	8.312770764300788e-89
1850	1.0	1.4684349648116074e-95
1851	1.0	6.0420093947592e-104
1852	1.0	0.0
1853	1.0	1.2671558520118368e-38
1854	1.0	8.067012214295529e-130
1855	1.0	5.875316273666162e-34
1856	1.0	0.0
1857	1.0	1.820982403173439e-260
1858	1.0	8.040424570195346e-76
1859	1.0	1.210973893061189e-71
1861	1.0	1.7908534084577144e-94
1862	1.0	3.988388873371817e-31
1863	1.0	1.2866881334995205e-42
1864	1.0	1.5795818303004983e-120
1865	1.0	0.0
1866	1.0	0.0
1867	1.0	6.123035318757025e-60
1868	1.0	1.2605537387715049e-20
1869	1.0	8.945287783765934e-37
1870	1.0	4.221264458515454e-29
1871	1.0	1.2866881334995205e-42
1872	1.0	0.0
1873	1.0	0.0
1874	1.0	0.0
1875	1.0	3.8754762851166956e-209
1876	0.9995862848056128	0.00041371519438719004
1877	1.0	1.580744438294467e-50
1878	1.0	3.3876098457786747e-46
1879	0.29442557648045975	0.7055744235195403
1880	1.0	6.660236247908193e-41
1881	1.0	8.745673712812292e-99
1882	1.0	0.0
1883	1.0	0.0
1884	1.0	0.0
1885	1.0	1.580744438294467e-50
1886	1.0	6.94907489702026e-59
1887	1.0	5.829434993489233e-104
1888	1.0	2.298525903767991e-119
1889	1.0	5.185733495181446e-54
1891	1.0	2.579306318317652e-35
1892	1.0	0.0
1893	1.0	2.9298723569828454e-23
1894	1.0	8.752034017937164e-108
1895	1.0	4.190758366093583e-223
1896	1.0	0.0
1897	1.0	2.5522458406104335e-76
1898	1.0	0.0
1899	1.0	3.3200345207762854e-84
1900	1.0	0.0
1901	1.0	8.001801472310082e-101
1902	1.0	9.130496193127503e-271
1903	1.0	2.012495257964398e-101
1904	1.0	3.133509498033804e-37
1905	1.0	9.824438838634045e-86
1906	1.0	3.38853329849326e-143
1907	1.0	1.2802221233809736e-141
1908	1.0	5.883173929955131e-38
1909	1.0	3.545417356445911e-35
1910	1.0	2.016834118217315e-233
1911	1.0	8.745344326329249e-67
1912	1.0	3.133509498033804e-37
1913	1.0	8.168575994298436e-22
1914	1.0	1.1435314887435126e-78
1915	1.0	1.5786773971724475e-72
1916	1.0	3.337076574505575e-48
1917	1.0	1.6790875392657034e-42
1918	1.0	5.883173929955131e-38
1919	1.0	2.399096100175344e-233
1921	1.0	5.82031286061748e-116
1922	0.999999999999986	1.3977650609010582e-14
1923	1.0	2.579306318317652e-35
1924	1.0	4.495453317805605e-43
1925	1.0	3.892741698962689e-37
1926	1.0	0.0
1927	1.0	0.0
1928	1.0	1.5458145559968778e-105
1929	1.0	1.6683083701718142e-33
1930	1.0	5.808940925686338e-102
1931	1.0	1.0674455428598183e-137
1932	1.0	2.938930520613998e-105
1933	1.0	4.197274795265656e-27
1934	1.0	1.2552145660249607e-74
1935	1.0	2.319633218883731e-65
1936	1.0	1.2997559319551992e-33
1937	1.0	1.3309490767539512e-152
1938	1.0	6.660236247908193e-41
1939	1.0	9.57796248249122e-79
1940	1.0	1.1616606557595975e-31
1941	1.0	2.7727381704421774e-32
1942	1.0	4.774369077419055e-45
1943	0.01760551545222999	0.98239448454777
1944	1.0	6.048698158e-314
1945	1.0	8.301739797400752e-41
1946	1.0	2.2251129335656414e-88
1947	1.0	3.533121371733292e-30
1948	1.0	3.048825243697872e-132
1949	1.0	1.683093312294499e-23
1951	1.0	1.7314465531473307e-45
1952	1.0	7.143410436402453e-234
1953	1.0	1.7368893207442912e-30
1954	1.0	2.952166717998026e-55
1955	1.0	8.301739797400752e-41
1956	1.0	1.7011513294525813e-90
1957	1.0	1.2063686328331862e-258
1958	1.0	3.882753339478698e-69
1959	1.0	4.794765791368985e-255
1960	1.0	4.4208696e-316
1961	1.0	0.0
1962	0.9999999999972564	2.7435073119683757e-12
1963	1.0	4.0456688211284036e-75
1964	1.0	2.4678023459318786e-31
1965	1.0	1.7851878835947747e-34
1966	1.0	6.067488625620782e-306
1967	1.0	0.0
1968	1.0	0.0
1969	1.0	0.0
1970	1.0	0.0
1971	1.0	2.0438398619146613e-38
1972	1.0	7.327322696867098e-42
1973	1.0	1.6790875392657034e-42
1974	1.0	5.969201324434589e-88
1975	1.0	0.0
1976	0.9999999999999998	1.3402828793067047e-16
1977	1.0	7.327322696867098e-42
1978	1.0	1.3990513460647295e-79
1979	1.0	0.0
1981	1.0	2.4162161676981944e-36
1982	1.0	6.692828009263204e-36
1983	1.0	5.782412049852352e-122
1984	1.0	7.881062283891833e-64
1985	1.0	4.589432537145645e-109
1986	1.0	2.037830639224066e-101
1987	1.0	3.9784185874793393e-100
1988	1.0	1.344910533243783e-288
1989	1.0	0.0
1990	1.0	0.0
1991	1.0	1.2035935703324892e-33
1992	1.0	1.937575652639946e-40
1993	1.0	2.1503806806607478e-187
1994	1.0	0.0
1995	0.9999999754197865	2.458021349184067e-08
1996	1.0	2.1371441623241327e-60
1997	1.0	1.191602966208587e-71
1998	1.0	2.17521540297333e-88
1999	1.0	0.0
2000	1.0	1.9617581786516324e-42
2001	1.0	2.663318544025165e-40
2002	1.0	0.0
2003	1.0	1.620807e-318
2004	1.0	1.8091320955961823e-272
2005	1.0	0.0
2006	1.0	6.968912949359706e-99
2007	1.0	3.7526071573595895e-41
2008	1.0	1.8677520566700972e-37
2009	1.0	6.079165307311037e-300
2011	1.0	1.7820232973136224e-49
2012	1.0	5.45184250140578e-18
2013	1.0	6.69524539854807e-26
2014	1.0	5.543383080226121e-60
2015	1.0	3.7526071573595895e-41
2016	1.0	1.5902029642332587e-194
2017	1.0	6.03780347504541e-184
2018	1.0	1.1376914648805712e-69
2019	1.0	1.0294401210248919e-48
2020	1.0	1.1652998025752104e-37
2021	0.9999999999996747	3.252395441954354e-13
2022	1.0	1.8677520566700972e-37
2023	1.0	0.0
2024	1.0	2.0615760634860706e-246
2025	1.0	3.2721552326988686e-98
2026	1.0	2.6857057007658674e-39
2027	1.0	2.919744267793109e-18
2028	1.0	5.189413559381745e-277
2029	1.0	1.2643001210742533e-55
2030	1.0	1.218471145640921e-42
2031	1.0	2.950628845165097e-176
2032	1.0	1.2661023704187588e-85
2033	1.0	1.3445654948237431e-140
2034	1.0	1.3943781014435135e-53
2035	1.0	1.3943781014435135e-53
2036	1.0	2.950628845165097e-176
2037	1.0	0.0
2038	1.0	3.3658970303159116e-280
2039	1.0	5.842677085937172e-261
2041	1.0	1.0782222414439458e-87
2042	1.0	9.721114681408307e-101
2043	1.0	2.6279488635130203e-248
2044	1.0	3.713429338661478e-90
2045	1.0	1.0036130004824964e-40
2046	1.0	2.6345681820071543e-53
2047	1.0	3.0926331742141676e-35
2048	1.0	0.0
2049	1.0	2.1716651894573817e-140
2050	1.0	1.6378107833129195e-283
2051	1.0	5.652374100662111e-228
2052	1.0	5.702711561761439e-23
2053	1.0	0.0
2054	1.0	5.3306586582874806e-42
2055	1.0	0.0
2056	1.0	0.0
2057	1.0	1.5096806306261446e-23
2058	1.0	1.0853513493484928e-113
2059	1.0	4.609469134474928e-91
2060	1.0	1.2963423877446367e-106
2061	1.0	3.5544713398701174e-142
2062	1.0	5.067104760096457e-66
2063	1.0	1.4271874807651433e-42
2064	1.0	5.7331569013752224e-55
2065	1.0	5.3306586582874806e-42
2066	1.0	3.0926331742141676e-35
2067	1.0	2.9652532121044145e-217
2068	1.0	3.2924406726592936e-19
2069	1.0	1.5427638762586654e-141
2071	1.0	1.8677520566700972e-37
2072	1.0	3.5351331170525976e-90
2073	1.0	6.203656977684032e-214
2074	1.0	2.137505436580895e-25
2075	1.0	0.0
2076	1.0	0.0
2077	1.0	4.0719114225370494e-100
2078	1.0	5.236898140120543e-32
2079	1.0	8.267208015755734e-27
2080	1.0	1.4782570988084777e-51
2081	1.0	2.0579492793384264e-154
2082	1.0	8.741651352242785e-40
2083	1.0	0.0
2084	1.0	2.5453555715046647e-49
2085	1.0	1.4271874807651433e-42
2086	1.0	5.3306586582874806e-42
2087	1.0	2.0579492793384264e-154
2088	1.0	8.741651352242785e-40
2089	1.0	0.0
2090	1.0	2.5453555715046647e-49
2091	1.0	5.620667857709029e-235
2092	1.0	0.0
2093	1.0	5.59634364820024e-209
2094	5.8455972918520046e-74	1.0
2095	1.0	5.954546830777794e-84
2096	1.0	1.0682913699723277e-140
2097	1.0	1.8677520566700972e-37
2098	1.0	2.789077300536891e-38
2099	1.0	0.0
2101	1.0	7.845505948482133e-33
2102	1.0	2.8582469254238315e-59
2103	1.0	2.2105156473589038e-99
2104	1.0	1.2249507576385455e-95
2105	1.0	3.3297838612746043e-40
2106	1.0	1.7870822420637435e-65
2107	1.0	2.189846767057288e-230
2108	1.0	1.1870377415943615e-285
2109	0.9999999986571688	1.342831146803022e-09
2110	1.0	6.580484924144521e-50
2111	1.0	5.0805939298799e-62
2112	1.0	1.8677520566700972e-37
2113	1.0	2.506007304313258e-137
2114	1.0	3.1435905332152667e-180
2115	1.0	1.1870377415943615e-285
2116	0.9999999986571688	1.342831146803022e-09
2117	1.0	2.2547959924170002e-173
2118	1.0	1.111475701431829e-223
2119	1.0	0.0
2120	1.0	1.1829677152300674e-96
2121	1.0	4.476598421480651e-89
2122	1.0	3.4048635854437353e-31
2123	1.0	3.8780770148590453e-42
2124	1.0	4.349658165282202e-280
2125	1.0	1.6377495645919708e-133
2126	1.0	1.2651723711786643e-107
2127	1.0	1.5076175319219236e-62
2128	1.0	3.0549182672208523e-33
2129	1.0	5.413840114710345e-33
2131	1.0	1.3146860620974174e-40
2132	1.0	1.9915236502576232e-35
2133	1.0	1.4437287158170054e-94
2134	1.0	0.0
2135	1.0	1.084578145305886e-66
2136	1.0	6.845603983880946e-60
2137	1.0	6.410073299052072e-42
2138	1.0	5.3306586582874806e-42
2139	1.0	6.410073299052072e-42
2140	1.0	0.0
2141	1.0	1.084578145305886e-66
2142	1.0	2.8282217209153644e-50
2143	1.0	3.8261017936990094e-42
2144	1.0	8.388826099631934e-37
2145	1.0	8.18861508800718e-35
2146	1.0	4.138526714072874e-59
2147	0.999999999990481	9.519159149750441e-12
2148	1.0	4.137832538256906e-83
2149	1.0	1.7820232973136224e-49
2150	1.0	0.0
2151	1.0	1.5507127196157964e-85
2152	1.0	2.1890313390694574e-236
2153	1.0	6.394176525621531e-95
2154	1.0	1.2886937431432593e-25
2155	1.0	8.388826099631934e-37
2156	1.0	2.1890313390694574e-236
2157	1.0	1.2662711860550521e-113
2158	0.9999995309998314	4.69000168513726e-07
2159	1.0	1.3824020636405385e-156
2161	1.0	3.955971559011955e-85
2162	1.0	1.0269276583329317e-37
2163	1.0	1.2861836602555425e-40
2164	1.0	8.388826099631934e-37
2165	1.0	8.920438058836029e-41
2166	1.0	1.2668089507752783e-34
2167	1.0	1.991770824236342e-17
2168	1.0	3.955971559011955e-85
2169	1.0	1.0269276583329317e-37
2170	1.0	6.452873299724897e-21
2171	1.0	3.1939184256086076e-159
2172	1.0	5.479670977528254e-52
2173	1.0	6.617858451994214e-64
2174	1.0	1.2373284787522003e-273
2175	1.0	7.6377423601816375e-53
2176	1.0	1.5422451619183435e-33
2177	1.0	1.2373284787522003e-273
2178	1.0	2.9489587688824463e-53
2179	1.0	8.762520261569877e-202
2180	1.0	7.775289104752581e-144
2181	1.0	1.53541276752022e-34
2182	1.0	3.607153092620304e-52
2183	1.0	1.6346274442314067e-222
2184	1.0	8.616425985814606e-262
2185	1.0	7.775289104752581e-144
2186	1.0	1.2947708607710657e-22
2187	1.0	8.978401622346446e-69
2188	1.0	8.388826099631934e-37
2189	1.0	1.2947708607710657e-22
2191	1.0	1.0331737520696588e-53
2192	1.0	3.0822163306203196e-159
2193	0.9909800173048373	0.009019982695162791
2194	1.0	1.8786998514988877e-51
2195	1.0	2.734783678174492e-156
2196	1.0	1.1638383187189938e-123
2197	1.0	6.102906932158287e-37
2198	1.0	1.1885507271013759e-113
2199	1.0	1.7820232973136224e-49
2200	1.0	2.804119280897227e-82
2201	1.0	9.195482151213108e-51
2202	1.0	2.5108367096618983e-34
2203	1.0	0.0
2204	1.0	1.5718414508592402e-254
2205	1.0	1.0314404102699853e-250
2206	1.0	9.939271115905953e-30
2207	1.0	1.0628656065290723e-31
2208	1.0	6.102906932158287e-37
2209	1.0	2.1577645295749804e-60
2210	1.0	1.5718414508592402e-254
2211	1.0	5.071430313100185e-129
2212	1.0	1.0513481137024989e-280
2213	1.0	7.226967208068461e-254
2214	1.0	1.3063083981089902e-58
2215	1.0	0.0
2216	1.0	1.5032754494693598e-286
2217	1.0	9.015968299087899e-35
2218	1.0	1.5884569610878743e-36
2219	1.0	4.556150668371298e-53
2221	1.0	9.015968299087899e-35
2222	1.0	0.0
2223	1.0	0.0
2224	1.0	7.881153992386572e-195
2225	1.0	5.0955034463513645e-112
2226	1.0	2.645590794021815e-112
2227	1.0	0.0
2228	1.0	0.0
2229	1.0	1.5884569610878743e-36
2230	1.0	6.2627131735026945e-53
2231	1.0	1.855051139548633e-103
2232	1.0	0.0
2233	1.0	4.0722244320414505e-45
2234	1.0	3.962953840559933e-51
2235	1.0	1.5884569610878743e-36
2236	1.0	3.677836558915585e-34
2237	1.0	2.328142995109953e-25
2238	1.0	9.927842585600657e-143
2239	1.0	1.2381521759008162e-67
2240	1.0	4.663355791121245e-42
2241	1.0	2.96554537738833e-109
2242	1.0	6.104755617030455e-43
2243	1.0	0.0
2244	1.0	3.2709114394781023e-50
2245	1.0	1.0067999592482021e-259
2246	1.0	2.913699204052644e-202
2247	1.0	5.180348291807955e-143
2248	1.0	0.0
2249	1.0	4.732771337685936e-173
2251	1.0	0.0
2252	1.0	1.5315479655484555e-49
2253	1.0	4.663355791121245e-42
2254	1.0	3.677836558915585e-34
2255	1.0	2.457856750961719e-215
2256	1.0	6.721215357375399e-56
2257	1.0	0.0
2258	1.0	1.0663356840797641e-122
2259	0.9999999999720162	2.7983838091769636e-11
2260	1.0	6.016235008163512e-28
2261	1.0	0.0
2262	1.0	0.0
2263	1.0	0.0
2264	1.0	0.0
2265	1.0	8.35747463098623e-59
2266	1.0	1.0550492469434788e-159
2267	1.0	6.102906932158287e-37
2268	1.0	1.26716728876864e-41
2269	1.0	2.7908664369935355e-68
2270	1.0	2.2913850300127706e-58
2271	1.0	0.0
2272	1.0	2.359946582112911e-48
2273	1.0	1.8753984611670897e-171
2274	1.0	0.0
2275	1.0	2.8585859045436817e-83
2276	1.0	1.7418004473587634e-41
2277	1.0	6.102906932158287e-37
2278	1.0	4.76902689742381e-18
2279	1.0	3.816384807552635e-120
2281	1.0	8.589820344069574e-160
2282	1.0	6.136043418753177e-125
2283	1.0	0.0
2284	1.0	8.177685705781196e-179
2285	1.0	4.7017590273981235e-153
2286	1.0	3.1446681317271675e-60
2287	1.0	6.102906932158287e-37
2288	1.0	6.307383808180758e-138
2289	1.0	4.9670414578368286e-179
2290	1.0	3.9467319916900956e-194
2291	1.0	5.801402922999387e-170
2292	1.0	1.6372629128124002e-94
2293	1.0	1.5884569610878743e-36
2294	1.0	9.546802204942086e-51
2295	1.0	1.3018457884516113e-126
2296	1.0	2.484529334920665e-125
2297	1.0	2.375439897151501e-144
2298	1.0	7.989430387431876e-97
2299	1.0	3.418135906657228e-159
2300	1.0	5.631774438180397e-169
2301	1.0	6.893512928484783e-153
2302	1.0	2.3197475423170184e-242
2303	1.0	3.3829684203021764e-183
2304	1.0	1.1170193673503806e-34
2305	1.0	1.5118482485383953e-53
2306	1.0	5.085210709958566e-84
2307	1.0	6.085826424014952e-94
2308	1.0	8.233413155987955e-103
2309	1.0	4.3149598155868e-120
2311	1.0	2.1044295946270755e-57
2312	1.0	1.5118482485383953e-53
2313	0.9999999999999696	3.045590507443695e-14
2314	1.0	2.6338283252222808e-145
2315	1.0	3.922243599982663e-299
2316	1.0	1.4647468645413565e-97
2317	1.0	2.513969315813373e-44
2318	1.0	9.939099364690092e-49
2319	1.0	4.865037885908286e-42
2320	1.0	1.125402017306394e-29
2321	1.0	3.750035517676722e-32
2322	1.0	2.9459125841532854e-137
2323	0.9999999999999503	4.9721493945211885e-14
2324	1.0	1.7429679711613576e-219
2325	1.0	4.504947802147087e-122
2326	1.0	5.332736563476138e-34
2327	1.0	5.17623585552139e-83
2328	1.0	5.045257237725088e-154
2329	1.0	1.8243216369598557e-80
2330	1.0	1.3564569345588803e-34
2331	1.0	1.994907105539746e-49
2332	1.0	1.022530855550488e-51
2333	0.9999999999999887	1.1252973817846256e-14
2334	1.0	5.332736563476138e-34
2335	1.0	2.7421242007001694e-49
2336	1.0	1.1521282968384347e-65
2337	1.0	6.604227484832886e-60
2338	1.0	1.0631103744371462e-108
2339	1.0	1.0864577330932254e-267
2341	1.0	3.750035517676722e-32
2342	1.0	7.00111801559632e-59
2343	1.0	1.0320881241176588e-33
2344	1.0	4.772444120277004e-18
2345	1.0	1.8743055930842162e-288
2346	1.0	3.6230746426968354e-126
2347	1.0	5.610387633675322e-215
2348	1.0	3.226432043045e-54
2349	1.0	5.332736563476138e-34
2350	1.0	4.07429500334876e-52
2351	0.9999999999999969	3.0361424199563236e-15
2352	0.9999857452954706	1.4254704529465859e-05
2353	1.0	3.9568119734930334e-274
2354	1.0	0.0
2355	1.0	2.4972934483401012e-51
2356	1.0	1.270587681395732e-67
2357	1.0	0.0
2358	1.0	1.1572846636193054e-58
2359	1.0	3.87958869978726e-34
2360	0.9999999999999996	3.9568208994691244e-16
2361	1.0	9.191241327582426e-61
2362	0.999999999999986	1.3893148933711809e-14
2363	1.0	0.0
2364	1.0	0.0
2365	1.0	0.0
2366	1.0	7.956139157268846e-166
2367	3.7115427855401824e-32	1.0
2368	1.0	1.0673919516507078e-30
2369	1.0	3.87958869978726e-34
2371	1.0	3.9390133883980755e-300
2372	1.0	1.4138792965483105e-128
2373	1.0	2.1122378313093338e-29
2374	1.0	2.5972253609334265e-100
2375	1.0	0.0
2376	1.0	0.0
2377	1.0	9.343008600512572e-265
2378	1.0	1.1866044514582587e-76
2379	1.0	9.020809308364395e-29
2380	1.0	1.1173066605246396e-30
2381	1.0	3.87958869978726e-34
2382	1.0	7.765322184166743e-31
2383	1.0	5.545705353245919e-36
2384	1.0	1.0872391891672043e-79
2385	1.0	7.489774189981491e-35
2386	1.0	5.53682416884718e-209
2387	1.0	0.0
2388	1.0	7.478594009449911e-44
2389	1.0	0.0
2390	1.0	1.0623419946012377e-126
2391	0.9999999998503719	1.496281715465751e-10
2392	1.0	7.721945186200498e-32
2393	1.0	5.487867889003959e-53
2394	1.0	3.87958869978726e-34
2395	1.0	7.765322184166743e-31
2396	1.0	1.1828883873274567e-280
2397	1.0	5.771098500733961e-106
2398	1.0	0.0
2399	1.0	4.759730648499266e-19
2401	1.0	9.938368661908769e-65
2402	1.0	3.87958869978726e-34
2403	0.9999999999999847	1.5420674753227844e-14
2404	1.0	3.559869782309393e-29
2405	1.0	1.9452170462507288e-32
2406	1.0	6.187785950243488e-33
2407	1.0	0.0
2408	1.0	8.313123311336796e-40
2409	1.0	4.5743005741211825e-41
2410	1.0	3.1035862786392806e-197
2411	1.0	4.4951247540872145e-77
2412	1.0	3.87958869978726e-34
2413	1.0	7.765322184166743e-31
2414	1.0	9.739820328406857e-54
2415	1.0	1.9452170462507288e-32
2416	1.0	7.765322184166743e-31
2417	1.0	4.6914506077920506e-36
2418	1.0	1.4478864827471361e-130
2419	1.0	1.2441362327034972e-117
2420	1.0	1.0373255624628704e-87
2421	1.0	1.0295304066794239e-32
2422	1.0	7.765322184166743e-31
2423	1.0	1.7420114913698238e-41
2424	1.0	5.2325226725791e-48
2425	1.0	0.0
2426	1.0	8.718185558801106e-60
2427	1.0	9.532019169899592e-245
2428	1.0	1.5598225825758734e-132
2429	1.0	6.20293341356794e-36
2431	1.0	6.392251991338369e-62
2432	1.8573333360472367e-10	0.9999999998142666
2433	1.0	1.9452170462507288e-32
2434	1.0	6.11510634196749e-64
2435	1.0	3.571111505982303e-68
2436	1.0	1.0050056922456391e-20
2437	1.0	1.6003762085343805e-53
2438	1.0	3.87958869978726e-34
2439	1.0	7.765322184166743e-31
2440	1.0	1.8925674265050786e-68
2441	1.0	0.0
2442	1.0	6.532643756187128e-26
2443	1.0	1.9349359405624031e-121
2444	1.0	1.440364387934819e-39
2445	1.0	6.488861041020174e-32
2446	1.0	0.0
2447	1.0	0.0
2448	1.0	1.4779260095634257e-67
2449	1.0	3.87958869978726e-34
2450	1.0	4.988507728503661e-153
2451	1.0	2.1853993809654573e-104
2452	1.0	1.657129106509859e-113
2453	1.0	3.0040138400155206e-52
2454	1.0	6.874453192989192e-38
2455	1.0	2.9714892546685406e-55
2456	0.9999999999999558	4.4128968853596844e-14
2457	1.0	2.432489285928688e-106
2458	1.0	1.0661530341837836e-16
2459	1.0	3.87958869978726e-34
2461	1.0	1.0735484555574097e-86
2462	1.0	0.0
2463	1.0	0.0
2464	1.0	0.0
2465	1.0	1.1542539678161416e-65
2466	1.0	4.212331929370137e-54
2467	1.0	2.897184569115102e-62
2468	1.0	3.346894995923439e-229
2469	1.0	1.4781127578926769e-213
2470	1.0	2.5182501755157655e-33
2471	1.0	5.844011450658293e-66
2472	0.9999999999999998	2.8976832532631708e-16
2473	1.0	1.1455702507714911e-56
2474	1.0	3.87958869978726e-34
2475	1.0	0.0
2476	1.0	4.238562888164612e-57
2477	1.0	1.0062934771249459e-81
2478	1.0	1.793637208518943e-166
2479	1.0	3.545303139113925e-296
2480	1.0	6.084615219682709e-49
2481	1.0	9.280926630469658e-45
2482	1.0	3.87958869978726e-34
2483	1.0	7.24040158763303e-22
2484	1.0	0.0
2485	1.0	0.0
2486	1.0	2.869344874849195e-154
2487	1.0	4e-323
2488	1.0	4.653300296460756e-193
2489	1.0	1.031795927482575e-62
2491	1.0	6.062419692399532e-69
2492	1.0	2.193438663971908e-95
2493	0.9999999050545844	9.494541562826344e-08
2494	1.0	2.0942464232720877e-40
2495	1.0	3.87958869978726e-34
2496	1.0	7.765322184166743e-31
2497	1.0	0.0
2498	1.0	0.0
2499	1.0	0.0
2500	1.0	1.2145383842868063e-237
2501	1.0	2.3285904013399023e-31
2502	1.0	9.675824958642812e-19
2503	1.0	3.383033544870827e-39
2504	1.0	7.765322184166743e-31
2505	1.0	2.158795776493607e-44
2506	1.0	5.004288881445143e-239
2507	1.0	0.0
2508	1.0	1.4585789175296163e-221
2509	1.0	0.0
2510	1.0	0.0
2511	1.0	7.063270736417046e-50
2512	1.0	3.6748440978677216e-75
2513	1.0	1.213650297525788e-184
2514	1.0	5.326848476542873e-301
2515	1.0	4.7924604050300904e-35
2516	1.0	3.285665704589221e-70
2517	1.0	3.383033544870827e-39
2518	1.0	7.765322184166743e-31
2519	1.0	0.0
2521	1.0	1.0846674105426525e-80
2522	1.0	2.541446880627566e-23
2523	1.0	1.101539681786045e-31
2524	1.0	3.383033544870827e-39
2525	0.9963193029703734	0.0036806970296267153
2526	1.0	1.8370637037694392e-35
2527	1.0	7.77020367987396e-34
2528	1.0	2.0646284497881467e-77
2529	1.0	3.8894537689447426e-49
2530	1.0	2.284779810835349e-58
2531	1.0	3.383033544870827e-39
2532	1.0	1.3950596104205363e-68
2533	1.0	1.0265582709801963e-107
2534	1.0	1.003974344359497e-89
2535	1.0	1.5741985180367112e-38
2536	1.0	1.615628264452496e-35
2537	0.29293026170486575	0.7070697382951342
2538	1.0	1.4172750357003042e-49
2539	1.0	2.3987681750001337e-134
2540	1.0	5.480759580882223e-75
2541	1.0	0.0
2542	0.19554888664859726	0.8044511133514026
2543	1.0	1.8134246509304258e-187
2544	1.0	3.383033544870827e-39
2545	1.0	9.538421302291121e-24
2546	1.0	0.0
2547	1.0	0.0
2548	1.0	3.383033544870827e-39
2549	1.0	2.572133195764623e-157
2551	1.0	3.6459458472680126e-139
2552	1.0	0.0
2553	1.0	0.0
2554	1.0	0.0
2555	1.0	1.024983702865162e-36
2556	1.0	7.196622928326747e-69
2557	1.0	9.735043603823666e-143
2558	1.0	2.46117139961002e-39
2559	1.0	2.4038659961171156e-44
2560	0.9999977618140027	2.238185997292295e-06
2561	0.9999999981031789	1.896821092816188e-09
2562	1.0	3.2779085076806547e-127
2563	1.0	2.46117139961002e-39
2564	1.0	4.2867964397662885e-78
2565	1.0	6.067874454966108e-54
2566	1.0	5.236969027194145e-132
2567	1.0	2.46117139961002e-39
2568	1.0	0.0
2569	1.0	4.832799620243596e-188
2570	1.0	4.252428129810705e-42
2571	1.0	6.416051727603481e-38
2572	1.0	1.183925420382836e-53
2573	1.0	1.8806313166657492e-44
2574	1.0	7.056113390369579e-162
2575	1.0	0.0
2576	1.0	0.0
2577	1.0	0.0
2578	1.0	1.0907970624073978e-38
2579	1.0	6.8173736307e-314
2581	1.0	1.0524557801798356e-34
2582	1.0	3.389425420156427e-35
2583	1.0	2.074975811226313e-71
2584	1.0	7.133534470330357e-39
2585	1.0	5.758037822258753e-203
2586	1.0	9.606971682806713e-56
2587	1.0	3.389425420156427e-35
2588	1.0	0.0
2589	1.0	0.0
2590	1.0	2.837356991737346e-87
2591	1.0	5.345895454033446e-32
2592	1.0	0.0
2593	1.0	4.0285729040512435e-141
2594	1.0	0.0
2595	1.0	2.1795747648142543e-149
2596	1.0	3.2596308852099045e-235
2597	1.0	1.3648848276523777e-151
2598	1.0	9.618147989004629e-242
2599	1.0	3.402039271534309e-141
2600	1.0	1.0014533706350414e-166
2601	1.0	1.7820232973136224e-49
2602	1.0	1.7836403986715137e-68
2603	1.0	4.748073500823168e-19
2604	1.0	0.0
2605	1.0	2.786248233208965e-42
2606	1.0	1.105172818764621e-85
2607	1.0	7.074843768929758e-28
2608	1.0	4.7921530741027056e-43
2609	0.9999999947548841	5.2451158708025805e-09
2611	1.0	3.9389424238037534e-59
2612	1.0	4.269559800633446e-92
2613	1.0	6.761542345975124e-235
2614	1.0	8.195066630287216e-70
2615	1.0	3.554952771405326e-34
2616	1.0	0.0
2617	1.0	6.80605892018427e-194
2618	1.0	8.415794320196385e-60
2619	1.0	1.5643651553439e-56
2620	1.0	1.617966306066856e-241
2621	1.0	0.0
2622	1.0	0.0
2623	1.0	2.0299544478912005e-147
2624	1.0	8.906910615764498e-75
2625	1.0	2.592631635627443e-128
2626	1.0	0.0
2627	1.0	1.838585999674429e-117
2628	1.0	0.0
2629	1.0	0.0
2630	1.0	6.687690047970766e-32
2631	1.0	3.0786551926695986e-40
2632	1.0	1.7922974125020754e-38
2633	1.0	8.1371464087115e-311
2634	0.9840974987411756	0.0159025012588244
2635	1.0	1.2211334494772752e-296
2636	1.0	1.1466692647414321e-45
2637	1.0	2.46117139961002e-39
2638	1.0	0.0
2639	1.0	3.963011270590936e-59
2641	1.0	9.106983827509392e-169
2642	1.0	0.0
2643	1.0	0.0
2644	1.0	1.733503970165068e-21
2645	1.0	5.584787197463467e-57
2646	1.0	2.8920528191544944e-39
2647	1.0	3.2511150843873223e-168
2648	1.0	1.0189476924779236e-252
2649	1.0	3.325352544328217e-24
2650	1.0	2.8920528191544944e-39
2651	1.0	3.2511150843873223e-168
2652	1.0	3.2819648729438513e-68
2653	1.0	2.1039808178833603e-39
2654	1.0	1.033896637387103e-146
2655	1.0	1.1205998660896706e-49
2656	1.0	6.624479921766401e-40
2657	1.0	1.7422780328716128e-20
2658	1.0	1.0228871983936958e-190
2659	1.0	4.477578514817561e-179
2660	1.0	6.69296051108074e-203
2661	1.0	2.2098766067309317e-44
2662	1.0	7.300374795380908e-154
2663	0.9999998310434789	1.6895652117398555e-07
2664	1.0	3.149273804177493e-83
2665	1.0	2.156514235036281e-56
2666	1.0	0.0
2667	1.0	1.72947919755665e-54
2668	1.0	8.78698691955141e-148
2669	1.0	7.539320702977816e-38
2671	1.0	1.0130092124949725e-93
2672	1.0	2.312039971673067e-22
2673	1.0	9.726477526256379e-40
2674	1.0	2.2655602216362797e-76
2675	1.0	2.8961386206294116e-147
2676	1.0	2.8920528191544944e-39
2677	1.0	4.989626870621636e-141
2678	1.0	5.7202997171503434e-80
2679	1.0	1.1795934959856893e-54
2680	1.0	2.3089542924394587e-49
2681	1.0	1.0225911639780466e-292
2682	1.0	2.8920528191544944e-39
2683	1.0	5.655852138519658e-26
2684	1.0	4.021473917784794e-240
2685	1.0	0.0
2686	1.0	1.1135581148933058e-39
2687	1.0	1.1135581148933058e-39
2688	1.0	8.031847362049571e-42
2689	1.0	8.031847362049571e-42
2690	1.0	0.0
2691	1.0	0.0
2692	1.0	1.741911249253353e-98
2693	1.0	1.9218579065189462e-19
2694	1.0	0.0
2695	1.0	0.0
2696	1.0	1.9218579065189462e-19
2697	1.0	6.014097278313113e-53
2698	1.0	6.014097278313113e-53
2699	1.3098256577854112e-38	1.0
2701	1.0	2.1039808178833603e-39
2702	1.0	4.91551607608424e-156
2703	1.0	2.1039808178833603e-39
2704	1.0	4.91551607608424e-156
2705	1.0	1.7820232973136224e-49
2706	1.0	9.224580250513562e-57
2707	1.0	7.261873696113756e-147
2708	1.0	7.13291074902842e-33
2709	1.0	7.261873696113756e-147
2710	1.0	7.13291074902842e-33
2711	1.0	0.0
2712	1.0	0.0
2713	1.0	1.7820232973136224e-49
2714	1.0	9.224580250513562e-57
2715	1.0	1.8755760968186366e-86
2716	1.0	1.8755760968186366e-86
2717	1.0	0.0
2718	1.0	2.2820928654445924e-147
2719	1.0	2.1039808178833603e-39
2720	1.0	0.0
2721	1.0	2.2820928654445924e-147
2722	1.0	2.1039808178833603e-39
2723	1.0	0.0
2724	1.0	0.0
2725	1.0	0.0
2726	1.0	0.0
2727	1.0	3.8929308617371644e-30
2728	1.0	1.07729888318941e-67
2729	1.0	1.07729888318941e-67
2731	1.0	2.307395887615094e-18
2732	1.0	2.7013917814659396e-70
2733	1.0	9.800785307908911e-17
2734	1.0	2.1039808178833603e-39
2735	1.0	1.033896637387103e-146
2736	1.0	2.1039808178833603e-39
2737	1.0	1.033896637387103e-146
2738	1.0	1.0750040132426845e-39
2739	1.0	0.0
2740	1.0	1.0750040132426845e-39
2741	1.0	0.0
2742	1.0	4.010018616939585e-296
2743	1.0	0.0
2744	1.0	0.0
2745	1.0	4.010018616939585e-296
2746	1.0	2.9474594524374345e-91
2747	1.0	3.2296056740387745e-95
2748	1.0	1.033896637387103e-146
2749	1.0	2.1039808178833603e-39
2750	1.0	1.033896637387103e-146
2751	1.0	2.1039808178833603e-39
2752	1.0	1.9368519351951798e-35
2753	1.0	1.9368519351951798e-35
2754	1.0	2.474505181451078e-53
2755	1.0	2.474505181451078e-53
2756	1.0	7.200859461656045e-31
2757	1.0	7.200859461656045e-31
2758	0.9999999997763753	2.2362464708108397e-10
2759	0.9999999997763753	2.2362464708108397e-10
2761	1.0	0.0
2762	1.0	8.741458883527867e-43
2763	1.0	1.3598321648477865e-185
2764	1.0	2.949883650250509e-196
2765	1.0	1.9552533214393826e-100
2766	1.0	1.9552533214393826e-100
2767	1.0	2.949883650250509e-196
2768	1.0	1.3598321648477865e-185
2769	1.0	8.741458883527867e-43
2770	1.0	2.6313240883827964e-17
2771	1.0	1.5158780838324694e-50
2772	1.0	2.6313240883827964e-17
2773	1.0	3.508879030154818e-175
2774	1.0	2.1039808178833603e-39
2775	1.0	3.7614590045338445e-144
2776	1.0	6.493254707480844e-35
2777	1.0	3.508879030154818e-175
2778	1.0	2.1039808178833603e-39
2779	1.0	3.7614590045338445e-144
2780	1.0	9.283815057931834e-216
2781	1.0	9.283815057931834e-216
2782	1.0	1.2295583831874175e-42
2783	1.0	1.2295583831874175e-42
2784	1.0	3.6867382743646543e-53
2785	1.0	5.308544871676509e-42
2786	1.0	6.276158486581299e-124
2787	1.0	7.562331333025116e-50
2788	1.0	7.562331333025116e-50
2789	1.0	6.276158486581299e-124
2791	1.0	3.6867382743646543e-53
2792	0.999999999999919	8.109131951814807e-14
2793	1.0	1.5158780838324694e-50
2794	0.999999999999919	8.109131951814807e-14
2795	1.0	1.6707655915106207e-145
2796	1.0	2.1039808178833603e-39
2797	1.0	1.6707655915106207e-145
2798	1.0	2.1039808178833603e-39
2799	1.0	6.512561959514932e-211
2800	1.0	0.0
2801	1.0	0.0
2802	1.0	0.0
2803	1.0	6.512561959514932e-211
2804	1.0	0.0
2805	1.0	0.0
2806	1.0	0.0
2807	1.0	1.5641083457155106e-55
2808	1.0	4.563218781768828e-68
2809	1.0	3.892191084102736e-71
2810	1.0	1.5641083457155106e-55
2811	1.0	4.563218781768828e-68
2812	1.0	4.6423910296777506e-158
2813	1.0	6.683316423650409e-65
2814	1.0	4.6423910296777506e-158
2815	1.0	6.683316423650409e-65
2816	0.9999999999882938	1.1706115707355433e-11
2817	0.9999999536842458	4.6315754301447284e-08
2818	0.9999999999997244	2.755967240871038e-13
2819	0.9999999989095896	1.0904104363341858e-09
2821	1.0	2.1039808178833603e-39
2822	1.0	7.820349753150941e-147
2823	1.0	2.1039808178833603e-39
2824	1.0	5.96974680953604e-50
2825	1.0	5.96974680953604e-50
2826	1.0	3.892191084102736e-71
2827	1.0	2.5568358526060368e-87
2828	1.0	3.6183269476052847e-62
2829	1.0	8.107658464229026e-52
2830	1.0	8.107658464229026e-52
2831	1.0	3.6183269476052847e-62
2832	0.9999999999797835	2.0216460482439296e-11
2833	1.0	8.999119608747388e-194
2834	0.9999999991412951	8.58704783914877e-10
2835	1.0	5.0169306503154774e-191
2836	1.0	1.388535840555088e-86
2837	1.0	1.1135581148933058e-39
2838	1.0	4.851838093897559e-145
2839	1.0	1.388535840555088e-86
2840	1.0	1.1135581148933058e-39
2841	1.0	4.851838093897559e-145
2842	0.9999999999999885	1.1490850377992267e-14
2843	1.0	1.8590574576315537e-31
2844	1.0	5.27463596712461e-31
2845	1.0	8.517899238127127e-155
2846	0.9999999999999885	1.1490850377992267e-14
2847	1.0	1.8590574576315537e-31
2848	1.0	5.27463596712461e-31
2849	1.0	8.517899238127127e-155
2851	1.0	1.5620147844110893e-145
2852	1.0	0.0
2853	1.0	1.2912192671183748e-187
2854	1.0	1.2912192671183748e-187
2855	1.0	0.0
2856	1.0	1.5620147844110893e-145
2857	1.0	1.6439271155777156e-31
2858	1.0	1.695716062270983e-89
2859	1.0	1.6439271155777156e-31
2860	1.0	8.408427813352436e-90
2861	1.0	3.894338338671141e-161
2862	1.0	2.1039808178833603e-39
2863	1.0	3.894338338671141e-161
2864	1.0	2.1039808178833603e-39
2865	1.0	1.2236331662321022e-135
2866	1.0	1.2236331662321022e-135
2867	1.0	2.348520451593771e-78
2868	1.0	2.4059905617833384e-230
2869	1.0	1.1362333914817437e-59
2870	1.0	2.348520451593771e-78
2871	1.0	2.4059905617833384e-230
2872	1.0	0.0
2873	1.0	0.0
2874	1.0	1.0041091401278385e-32
2875	0.9951939423449857	0.004806057655014288
2876	0.9951939423449857	0.004806057655014288
2877	1.0	2.1039808178833603e-39
2878	1.0	3.6361832173276156e-194
2879	1.0	2.1039808178833603e-39
2881	1.0	2.0513976581801557e-34
2882	1.0	2.0513976581801557e-34
2883	1.0	3.030532677142718e-98
2884	1.0	3.030532677142718e-98
2885	1.0	8.440493769326207e-103
2886	1.0	1.1362333914817437e-59
2887	1.0	8.440493769326207e-103
2888	0.9999999998131022	1.8689785470935267e-10
2889	1.0	0.0
2890	0.9999999632811525	3.671884741448172e-08
2891	1.0	8.15063610203461e-35
2892	1.0	8.15063610203461e-35
2893	1.0	0.0
2894	1.0	2.338934514397783e-61
2895	1.0	0.0
2896	1.0	0.0
2897	1.0	2.2880402988240474e-71
2898	1.0	1.329405540073762e-61
2899	1.0	1.2132654325916501e-57
2900	1.0	2.6201265675103324e-37
2901	1.0	2.6201265675103324e-37
2902	1.0	2.1039808178833603e-39
2903	1.0	2.1039808178833603e-39
2904	1.0	6.285361460369799e-36
2905	1.0	3.354088715575758e-237
2906	1.0	1.3322745782200807e-29
2907	1.0	1.2011730926064351e-210
2908	1.0	1.9673489736428442e-41
2909	1.0	6.285361460369799e-36
2911	1.0	1.3322745782200807e-29
2912	1.0	1.2011730926064351e-210
2913	1.0	1.9673489736428442e-41
2914	1.0	4.493839600510235e-69
2915	1.0	2.9140307185828126e-26
2916	1.0	7.6732145560199585e-62
2917	1.0	1.2270900325160006e-59
2918	1.0	1.2270900325160006e-59
2919	1.0	7.6732145560199585e-62
2920	1.0	3.0569454171950116e-172
2921	1.0	3.0569454171950116e-172
2922	1.0	3.715165327823524e-142
2923	1.0	8.427254864952128e-38
2924	1.0	2.1039808178833603e-39
2925	1.0	3.715165327823524e-142
2926	1.0	8.427254864952128e-38
2927	1.0	2.338934514397783e-61
2928	1.0	2.1039808178833603e-39
2929	1.0	1.015084313110068e-152
2930	1.0	1.015084313110068e-152
2931	1.0	4.356854007369982e-29
2932	1.0	4.493839600510235e-69
2933	1.0	3.175915863738684e-85
2934	1.0	4.356854007369982e-29
2935	1.0	1.3231039507142815e-96
2936	1.0	1.3231039507142815e-96
2937	1.0	5.3328179540689824e-21
2938	1.0	5.3328179540689824e-21
2939	1.0	6.007205756092892e-71
2941	1.0	9.740623280829057e-25
2942	1.0	1.732930449913575e-65
2943	1.0	4.851838093897559e-145
2944	1.0	1.732930449913575e-65
2945	1.0	4.851838093897559e-145
2946	1.0	3.589534320298818e-32
2947	1.0	3.589534320298818e-32
2948	1.0	1.0053098148486396e-45
2949	1.0	1.0053098148486396e-45
2950	0.9999959751348578	4.024865142096799e-06
2951	1.0	3.175915863738684e-85
2952	0.9999999999999458	5.4283813575479084e-14
2953	0.9999959751348578	4.024865142096799e-06
2954	0.9999999999999458	5.4283813575479084e-14
2955	1.0	3.560246569109231e-27
2956	1.0	1.4329315666926152e-109
2957	1.0	5.62812056517086e-48
2958	1.0	1.2632888004410004e-41
2959	1.0	7.732733596720867e-47
2960	1.0	2.379731929847989e-39
2961	1.0	7.732733596720867e-47
2962	1.0	2.379731929847989e-39
2963	1.0	0.0
2964	1.0	0.0
2965	1.0	2.544719782108346e-119
2966	1.0	2.544719782108346e-119
2967	0.9999999999999998	1.8528439636521856e-16
2968	0.9999999999999998	1.8528439636521856e-16
2969	1.0	4.497455844013839e-70
2971	1.0	4.497455844013839e-70
2972	1.0	1.5824991000720254e-225
2973	1.0	6.176185272367779e-115
2974	1.0	3.4431693923505627e-112
2975	1.0	2.379731929847989e-39
2976	1.0	2.379731929847989e-39
2977	1.0	0.0
2978	1.0	2.1072609385270206e-44
2979	1.0	0.0
2980	1.0	2.1072609385270206e-44
2981	1.0	3.8020285630158434e-225
2982	1.0	1.869396723821907e-69
2983	1.0	1.869396723821907e-69
2984	1.0	3.8020285630158434e-225
2985	0.9999999999176017	8.239820648080732e-11
2986	0.9999999868753484	1.3124651559748734e-08
2987	1.0	1.8537799098770375e-130
2988	1.0	1.8537799098770375e-130
2989	1.0	7.895673716960889e-172
2990	1.0	2.379731929847989e-39
2991	1.0	7.895673716960889e-172
2992	1.0	2.379731929847989e-39
2993	1.0	2.1130843478914416e-25
2994	1.0	1.911861993701875e-172
2995	0.9999999999994968	5.031928751748144e-13
2996	1.0	1.5255615669485282e-27
2997	1.0	1.5255615669485282e-27
2998	0.9999999999994968	5.031928751748144e-13
2999	1.0	1.911861993701875e-172
3001	1.0	2.379731929847989e-39
3002	1.0	6.974693030323403e-146
3003	1.0	2.379731929847989e-39
3004	1.0	0.0
3005	1.0	0.0
3006	1.0	5.172705077859308e-26
3007	1.0	5.172705077859308e-26
3008	1.0	2.233948301251742e-211
3009	1.0	7.33809127126602e-217
3010	1.0	5.942152858328194e-69
3011	1.0	5.942152858328194e-69
3012	1.0	2.6966904372434128e-30
3013	1.0	2.379731929847989e-39
3014	1.0	9.652915112976511e-101
3015	1.0	2.6966904372434128e-30
3016	1.0	2.379731929847989e-39
3017	1.0	7.493028530986745e-77
3018	0.9999999999999998	1.2097528894094625e-16
3019	0.9999999999999998	1.2097528894094625e-16
3020	1.0	5.832860195517155e-57
3021	1.0	2.6373835505326293e-78
3022	1.0	7.237403756580462e-44
3023	1.0	2.6373835505326293e-78
3024	1.0	3.2710899158633836e-39
3025	1.0	3.2710899158633836e-39
3026	1.0	6.64547349344266e-35
3027	0.9999999999999998	1.5732732418751194e-16
3028	1.0	6.64547349344266e-35
3029	0.9999999999999998	1.5732732418751194e-16
3031	1.0	4.261704396020634e-60
3032	1.0	9.720951584965456e-256
3033	1.0	1.2608714412958397e-189
3034	1.0	9.720951584965456e-256
3035	1.0	1.7820232973136224e-49
3036	1.0	4.776253208924626e-268
3037	1.0	2.0091759649726526e-78
3038	1.0	6.432809596169684e-143
3039	1.0	3.924728603527731e-57
3040	0.9999991349516029	8.650483972046538e-07
3041	1.0	1.7312651757060626e-39
3042	1.0	1.2547986983393614e-149
3043	1.0	7.722427684562353e-139
3044	1.0	1.7820232973136224e-49
3045	0.9999999986310715	1.3689284421669245e-09
3046	1.0	8.520374087083931e-223
3047	1.0	1.7312651757060626e-39
3048	1.0	1.1789600256056639e-147
3049	1.0	8.251819994964627e-194
3050	1.0	2.2053051825903065e-32
3051	1.0	9.798612907159751e-50
3052	0.9999998993389644	1.0066103559954851e-07
3053	1.0	2.598992715899016e-150
3054	1.0	9.162937081237912e-40
3055	1.0	3.277585754104015e-78
3056	0.8799173830540116	0.12008261694598854
3057	0.9999966901194842	3.3098805156811763e-06
3058	1.0	0.0
3059	1.0	5.0721201109638764e-220
3061	1.0	4.378846296983858e-102
3062	1.0	1.2174435811962488e-37
3063	1.0	1.2775576591708728e-139
3064	1.0	4.659821390447748e-55
3065	1.0	1.7820232973136224e-49
3066	1.0	2.5827234142428346e-104
3067	1.0	0.0
3068	1.0	0.0
3069	1.0	2.09173858951111e-145
3070	1.0	2.309889645704649e-17
3071	1.0	1.4761980991841445e-33
3072	1.0	1.7312651757060626e-39
3073	1.0	1.2052641622072856e-142
3074	1.0	0.0
3075	1.0	6.528267543589911e-101
3076	1.0	5.744267806120149e-22
3077	1.0	1.7312651757060626e-39
3078	1.0	1.2052641622072856e-142
3079	1.0	3.9105787453335054e-28
3080	1.0	8.506551229202606e-25
3081	1.0	3.0857554760334673e-226
3082	1.0	1.3614070320788682e-64
3083	1.0	1.6063113672244743e-45
3084	1.0	0.0
3085	1.0	0.0
3086	0.9999998993389644	1.0066103559954851e-07
3087	1.0	1.3550378362686924e-257
3088	1.0	1.0611875098986159e-63
3089	1.0	1.7312651757060626e-39
3091	1.0	0.0
3092	1.0	3.335454311407515e-18
3093	1.0	5.798655919567728e-38
3094	0.9999999999999982	1.8368798664299106e-15
3095	1.0	2.5769100637719853e-99
3096	1.0	4.119084739228863e-103
3097	0.9918588587869269	0.008141141213073046
3098	1.0	8.973386817857156e-129
3099	1.0	9.162937081237912e-40
3100	1.0	0.0
3101	0.9999999999999545	4.5587334036093995e-14
3102	1.0	1.0368397488922802e-124
3103	1.0	2.964113254854092e-23
3104	1.0	6.924978882580078e-159
3105	1.0	3.9003986446464156e-167
3106	1.0	1.7312651757060626e-39
3107	1.0	1.305838065002475e-22
3108	1.0	0.0
3109	0.9999983699033526	1.630096647379733e-06
3110	1.0	2.8183340335108622e-158
3111	1.0	5.34718300927303e-66
3112	1.0	3.4659664012715426e-19
3113	1.0	0.0
3114	1.0	1.7312651757060626e-39
3115	1.0	3.1050906843062586e-85
3116	1.0	2.559172359572414e-143
3117	1.0	7.651580662402448e-215
3118	1.0	0.0
3119	1.0	0.0
3121	1.0	1.7820232973136224e-49
3122	1.0	1.5886967132928193e-170
3123	1.0	8.095751326544743e-109
3124	1.0	1.787993528248669e-101
3125	1.0	1.0041091401278385e-32
3126	1.0	1.7312651757060626e-39
3127	1.0	2.0385023978601455e-40
3128	1.0	4.1390654261877204e-85
3129	1.0	2.093375689762026e-83
3130	1.0	0.0
3131	1.0	4.795107013554564e-122
3132	1.0	1.1362333914817437e-59
3133	1.0	6.450760574726709e-57
3134	1.0	0.0
3135	1.0	0.0
3136	1.0	0.0
3137	1.0	1.9844078713272063e-229
3138	1.0	0.0
3139	1.0	7.218827374744394e-71
3140	1.0	1.2174435811962488e-37
3141	1.0	0.0
3142	1.0	9.143704054520076e-25
3143	1.0	0.0
3144	1.0	0.0
3145	1.0	1.7961797037350628e-224
3146	1.0	2.0800629449850724e-66
3147	1.0	3.8316136833189366e-57
3148	1.0	1.838476220842468e-304
3149	1.0	8.692999958533293e-95
3151	1.0	0.0
3152	1.0	1.764914001670063e-244
3153	1.0	1.3006026031792951e-60
3154	1.0	9.637468483615908e-76
3155	1.0	0.0
3156	1.0	6.443472144530771e-38
3157	1.0	8.69427899389155e-141
3158	1.0	0.0
3159	1.0	3.7338933961302825e-97
3160	1.0	8.576137801088089e-36
3161	1.0	1.5766212935530396e-38
3162	1.0	9.134753837840441e-42
3163	1.0	1.69965434441579e-198
3164	1.0	5.428320203497433e-190
3165	1.0	1.217428780408502e-94
3166	1.0	1.983388882994676e-47
3167	1.0	6.484193244994572e-201
3168	1.0	7.654513719964338e-171
3169	1.0	4.879445764966325e-134
3170	1.0	3.6893479001767687e-147
3171	1.0	1.5766212935530396e-38
3172	1.0	3.290171761733674e-126
3173	1.0	0.0
3174	1.0	3.984381726614693e-227
3175	1.0	2.7070698403953245e-138
3176	1.0	8.462254780152405e-51
3177	1.0	1.5766212935530396e-38
3178	1.0	1.6050649436847477e-147
3179	1.0	0.0
3181	1.0	0.0
3182	1.0	3.2905525000784134e-139
3183	1.0	1.3666162408613782e-65
3184	1.0	1.0112759826431054e-56
3185	1.0	0.0
3186	1.0	1.5766212935530396e-38
3187	1.0	1.9344429197566158e-137
3188	1.0	0.0
3189	1.0	1.251485778398897e-38
3190	1.0	6.575763396733142e-114
3191	1.0	1.1469987466107305e-38
3192	1.0	0.0
3193	1.0	4.5494349376382495e-87
3194	1.0	8.524312789831992e-23
3195	1.0	3.7352652330413997e-25
3196	1.0	1.024380872916629e-34
3197	1.0	1.5766212935530396e-38
3198	1.0	2.8415167382384906e-19
3199	0.999999999999998	1.895288280910812e-15
3200	1.0	6.415718314607287e-113
3201	1.0	1.1078924623902687e-52
3202	1.0	1.0229605627736993e-64
3203	1.0	1.913850546100397e-116
3204	1.0	3.630982093051762e-174
3205	1.0	1.488632432829747e-55
3206	1.0	1.564996954803573e-63
3207	1.0	1.5766212935530396e-38
3208	1.0	2.6185697099047486e-136
3209	1.0	6.060051363703572e-43
3211	1.0	6.070285495015714e-43
3212	1.0	1.0996137046145028e-61
3213	1.0	1.4332328107673332e-28
3214	1.0	1.1469987466107305e-38
3215	1.0	3.1035590780655784e-49
3216	1.0	4.935281338661364e-267
3217	1.0	0.0
3218	1.0	0.0
3219	1.0	1.0061987091191832e-107
3220	0.9999999999974478	2.5522704519098553e-12
3221	1.0	9.046434323450218e-21
3222	1.0	1.1469987466107305e-38
3223	1.0	3.235116274397067e-36
3224	1.0	1.708680292463264e-21
3225	1.0	6.070634062841369e-39
3226	1.0	0.0
3227	1.0	0.0
3228	1.0	1.7870697355745783e-142
3229	1.0	0.0
3230	1.0	1.1469987466107305e-38
3231	1.0	3.3573180546274486e-18
3232	1.0	7.646299174654271e-104
3233	1.0	8.095299340133254e-88
3234	1.0	1.1469987466107305e-38
3235	1.0	0.0
3236	1.0	1.0456014254251729e-40
3237	1.0	1.1116388385502813e-82
3238	1.0	2.2379152918050843e-148
3239	1.0	1.1469987466107305e-38
3241	1.0	4.058004671824381e-71
3242	1.0	2.2828025307932e-155
3243	1.0	0.0
3244	1.0	1.1469987466107305e-38
3245	1.0	2.635244761804271e-226
3246	1.0	1.2101844132223147e-69
3247	1.0	2.0533770519355716e-73
3248	1.0	2.1278385166952208e-155
3249	1.0	6.070634062841369e-39
3250	1.0	2.0005589615169166e-150
3251	0.9999999743723067	2.5627693378953406e-08
3252	1.0	4.468460719325053e-73
3253	1.0	1.1317672887281581e-42
3254	1.0	5.3854906792153485e-21
3255	1.0	1.1469987466107305e-38
3256	1.0	1.4208167648368843e-164
3257	1.0	0.0
3258	1.0	2.504295777513042e-53
3259	1.0	9.133810866763696e-30
3260	1.0	4.249295247380683e-37
3261	1.0	6.953938518583809e-258
3262	1.0	1.526233042877041e-259
3263	1.0	9.462752364634649e-107
3264	1.0	9.578172248110221e-158
3265	1.0	1.1469987466107305e-38
3266	1.0	9.081838449919139e-162
3267	1.0	4.5287679653916105e-99
3268	1.0	1.7346222048405462e-69
3269	1.0	1.5571423107623694e-244
3271	0.9984304984936668	0.0015695015063332783
3272	0.9999999872098434	1.2790156600736001e-08
3273	0.5956365565886765	0.40436344341132335
3274	1.0	4.239114830250471e-155
3275	1.0	6.523382506750618e-37
3276	1.0	1.1469987466107305e-38
3277	1.0	1.0511487629354542e-138
3278	1.0	0.0
3279	1.0	0.0
3280	0.9892235725609274	0.010776427439072681
3281	1.0	5.502750330000715e-43
3282	1.0	0.0
3283	1.0	0.0
3284	1.0	9.733964838456237e-74
3285	1.0	1.1469987466107305e-38
3286	1.0	3.3024464165263045e-85
3287	1.0	8.136603158649198e-61
3288	1.0	2.747311363132407e-29
3289	1.0	1.7820232973136224e-49
3290	1.0	4.163509802211739e-84
3291	1.0	6.699033354172131e-18
3292	1.0	6.070634062841369e-39
3293	1.0	4.273442918787077e-175
3294	1.0	2.097040462512797e-58
3295	1.0	3.9591786041592323e-47
3296	1.0	5.640238575314186e-27
3297	1.0	1.1469987466107305e-38
3298	1.0	0.0
3299	1.0	0.0
3301	1.0	5.566547420221804e-28
3302	1.0	0.0
3303	1.0	1.1469987466107305e-38
3304	1.0	1.329961523329099e-21
3305	1.0	5.704292492325805e-39
3306	1.0	1.6080625863148396e-43
3307	1.0	1.6700551605841052e-152
3308	1.0	9.083045707664222e-79
3309	1.0	2.4484853204187004e-143
3310	1.0	1.2814757727115537e-112
3311	1.0	1.5644076649547042e-76
3312	1.0	0.0
3313	1.0	6.060820545136427e-107
3314	1.0	8.33634705292879e-176
3315	1.0	4.220745309190724e-120
3316	1.0	1.965920144020381e-252
3317	1.0	4.135055615942598e-43
3318	1.0	1.698421581007594e-19
3319	1.0	2.4787430036801908e-48
3320	1.0	5.896183098063523e-31
3321	1.0	1.6157027906476332e-41
3322	0.9999999979183822	2.0816177096259994e-09
3323	1.0	3.665579764928647e-143
3324	1.0	1.3555107294775906e-246
3325	1.0	0.0
3326	1.0	0.0
3327	1.0	0.0
3328	1.0	3.1645820939630053e-87
3329	1.0	0.0
3331	1.0	1.9836007381938334e-101
3332	1.0	7.575977198881594e-153
3333	1.0	2.2301560948396274e-191
3334	1.0	3.4863853798452234e-50
3335	1.0	1.1125627941044576e-164
3336	1.0	3.6222593055640494e-154
3337	1.0	1.526520211515422e-193
3338	1.0	1.3428575784471596e-35
3339	1.0	4.191860456800083e-101
3340	1.0	0.0
3341	1.0	4.056388372801299e-159
3342	1.0	0.0
3343	1.0	2.408138003765515e-42
3344	0.9999999391294027	6.087059739004886e-08
3345	0.999994714136335	5.285863665010478e-06
3346	1.0	6.987583409008376e-69
3347	1.0	1.0802872568026364e-46
3348	1.0	8.35144951614632e-213
3349	1.0	4.859297925991518e-137
3350	1.0	0.0
3351	1.0	1.966622505343402e-159
3352	1.0	8.097553821786991e-54
3353	1.0	1.6719707534480427e-141
3354	1.0	0.0
3355	1.0	8.663011847767808e-278
3356	1.0	3.640808354341447e-88
3357	1.0	1.31075495448123e-68
3358	1.0	1.6455380983823637e-121
3359	1.0	1.0136269673499293e-44
3361	1.0	2.0638291409407254e-296
3362	1.0	3.097050532645895e-307
3363	1.0	3.818515454513429e-257
3364	1.0	4.435363154467165e-207
3365	1.0	8.340769219065296e-67
3366	0.9999999999999829	1.7003298139004356e-14
3367	1.0	0.0
3368	1.0	1.2939665206843786e-251
3369	1.0	2.9245763485978805e-54
3370	1.0	9.748642790568182e-139
3371	0.9999999998731366	1.2686344147911382e-10
3372	0.9999999999999949	5.164258535628032e-15
3373	1.0	1.4503094393274196e-184
3374	1.0	2.382496875858744e-20
3375	1.0	6.691805535581018e-45
3376	1.0	1.0386126862584254e-176
3377	1.0	7.36915632618075e-22
3378	1.0	1.2787625531084477e-166
3379	1.0	0.0
3380	1.0	6.369674157955479e-17
3381	1.0	4.132800702721686e-177
3382	1.0	0.0
3383	1.0	1.6390931113540102e-47
3384	1.0	7.54360246105414e-24
3385	1.0	7.54360246105414e-24
3386	1.0	2.7693973525605215e-98
3387	1.0	8.613722454083725e-198
3388	1.0	2.1970947e-316
3389	0.9991785814840078	0.0008214185159922949
3391	0.999449180756371	0.000550819243628846
3392	1.0	4.744674473906263e-30
3393	1.0	5.9912410964237286e-226
3394	1.0	4.759453064864833e-41
3395	1.0	1.4176957356292134e-65
3396	1.0	1.071286527316748e-152
3397	1.0	1.5229970898656874e-31
3398	1.0	1.8941676123459578e-68
3399	1.0	1.0500206889918461e-200
3400	1.0	1.1050861256605888e-175
3401	1.0	1.1281167393655021e-72
3402	1.0	9.26496287220562e-82
3403	1.0	2.5e-323
3404	1.0	1.0591293182273083e-53
3405	1.0	1.3705081385651176e-47
3406	1.0	7.255698285083083e-118
3407	1.0	0.0
3408	0.9998375122252529	0.00016248777474727141
3409	1.0	1.6205322152463138e-103
3410	0.99999957642427	4.2357572993453844e-07
3411	1.0	8.707202104361467e-283
3412	1.0	0.0
3413	1.0	7.205514400762472e-23
3414	1.0	2.386853485882317e-47
3415	1.0	0.0
3416	1.0	2.804937700677282e-58
3417	1.0	8.09035727411084e-55
3418	1.0	2.6049530993485697e-32
3419	1.0	8.205053190736527e-203
3421	1.0	0.0
3422	1.0	1.7983634368676226e-130
3423	1.0	0.0
3424	1.0	1.1924136164801657e-151
3425	1.0	1.1660826420254529e-64
3426	1.0	2.8517980329535012e-58
3427	1.0	0.0
3428	1.0	6.113604253222782e-70
3429	1.0	1.40436431031467e-51
3430	1.0	1.984039610364009e-98
3431	1.0	3.460458303847474e-27
3432	0.9999999990277624	9.722376478993825e-10
3433	1.0	0.0
3434	1.0	1.5618687465702595e-212
3435	1.0	0.0
3436	1.0	0.0
3437	1.0	0.0
3438	1.0	5e-324
3439	1.0	0.0
3440	1.0	2.1673143232505299e-178
3441	1.0	1.0251127458299425e-19
3442	1.0	7.873738371539394e-247
3443	1.0	0.0
3444	1.0	1.7545278759151313e-107
3445	1.0	3.6311625145889256e-200
3446	1.0	9.144687825088639e-39
3447	1.0	1.4405233732569184e-74
3448	1.0	1.2533309198561203e-78
3449	1.0	0.0
3451	1.0	5.209650188435153e-69
3452	1.0	1.0777557685726666e-78
3453	1.0	4.3094757283716256e-26
3454	0.9999999999999984	1.5904699368070857e-15
3455	0.9999961262694518	3.873730548345069e-06
3456	1.0	9.092577174446083e-142
3457	1.0	1.7361824282722852e-60
3458	0.9999999999892835	1.0716529971069742e-11
3459	1.0	8.696255281683655e-20
3460	1.0	8.387851589552791e-114
3461	1.0	5.575458202130291e-53
3462	1.0	1.3293837593558981e-28
3463	1.0	1.295713619980269e-38
3464	1.0	1.6191822619793189e-46
3465	1.0	1.463002365275046e-32
3466	1.0	7.651840292392127e-62
3467	1.0	5.0931936320667117e-256
3468	1.0	5.674860161171515e-21
3469	1.0	9.17718326920732e-24
3470	1.0	4.001215640778194e-73
3471	1.0	4.8679825998603396e-129
3472	1.0	3.453575588837408e-244
3473	1.0	9.449337398632713e-117
3474	1.0	9.064858919239217e-106
3475	1.0	9.156020510664442e-215
3476	0.9999999153958783	8.460412162583103e-08
3477	1.0	6.886199680327395e-159
3478	1.0	4.914393777489642e-68
3479	1.0	1.649624529951416e-223
3481	1.0	1.1043164388742916e-44
3482	1.0	1.0919333172095094e-205
3483	1.0	7.97735667249422e-299
3484	1.0	1.6833096211006442e-99
3485	1.0	0.0
3486	1.0	3.484010386257486e-149
3487	1.0	8.404724968860867e-91
3488	1.0	0.0
3489	1.0	3.188873499099252e-31
3490	1.0	1.84201230987186e-21
3491	1.0	3.248674026669796e-20
3492	1.0	0.0
3493	1.0	5.542263713412264e-92
3494	1.0	1.603838541142161e-270
3495	1.0	2.194927413587054e-51
3496	1.0	0.0
3497	1.0	6.374613362374019e-42
3498	1.0	9.651428827413319e-160
3499	1.0	5.5946048212332416e-142
3500	1.0	1.34966638181968e-63
3501	1.0	0.0
3502	1.0	8.012239229640393e-26
3503	1.0	1.1449044955040119e-222
3504	0.9999999994796456	5.20354528246962e-10
3505	1.0	4.156810665937772e-180
3506	1.0	1.631984003782832e-25
3507	1.0	1.2245610240118184e-169
3508	1.0	1.271230767443544e-307
3509	1.0	8.629849681477955e-105
3511	1.0	7.487534479285484e-32
3512	1.0	1.820181446627545e-76
3513	1.0	1.5175191012888088e-145
3514	1.0	7.001570961065555e-52
3515	1.0	4.0839446283742876e-228
3516	1.0	2.8371110830669527e-42
3517	1.0	2.045080644895933e-99
3518	1.0	0.0
3519	1.0	1.09301610349804e-275
3520	0.9998895357321177	0.00011046426788224981
3521	1.0	6.919206659652594e-118
3522	1.0	4.071058962257994e-30
3523	1.0	2.789841068252456e-41
3524	1.0	7.951733011962918e-68
3525	1.0	4.2502852614880723e-60
3526	1.0	1.7170156004147098e-70
3527	1.0	8.54138574430385e-28
3528	1.0	0.0
3529	1.0	1.558957242113156e-135
3530	1.0	4.017123040206707e-18
3531	1.0	1.772360327297989e-267
3532	1.0	1.222532760145717e-191
3533	1.0	0.0
3534	1.0	7.685691704244178e-39
3535	1.0	0.0
3536	1.0	0.0
3537	1.0	0.0
3538	0.9999999982316075	1.7683926348740706e-09
3539	4.390193194038763e-23	1.0
3541	1.0	8.35112162391845e-189
3542	1.0	2.422267940651145e-79
3543	1.0	0.0
3544	1.0	0.0
3545	1.0	3.2252130296431495e-167
3546	1.0	1.0841154956906848e-88
3547	1.0	0.0
3548	1.0	1.8485922368818984e-136
3549	1.0	1.848747532039273e-106
3550	1.0	1.7972649269535342e-23
3551	1.0	1.7105354416843197e-117
3552	1.0	1.5823858066828686e-104
3553	1.0	4.170893431790145e-211
3554	1.0	8.47269745439878e-195
3555	1.0	9.424445805389081e-31
3556	1.0	1.6239287307384173e-201
3557	1.0	1.3224133811145609e-132
3558	1.0	2.7928732533251003e-87
3559	1.0	4.728392634860725e-140
3560	1.0	1.131483385228314e-146
3561	1.0	2.007497126305825e-85
3562	1.0	0.0
3563	6.85247912959601e-12	0.9999999999931475
3564	1.0	4.454349159609187e-67
3565	1.0	2.9521424112865087e-119
3566	1.0	2e-323
3567	1.0	3.546525833065354e-49
3568	1.0	8.151326565995083e-135
3569	1.3003426403800235e-41	1.0
3571	1.0	0.0
3572	1.0	1.1491514647387303e-112
3573	1.0	8.500474694444057e-92
3574	1.0	4.137918600021989e-285
3575	1.0	4.985009383463235e-300
3576	1.0	7.1722489461586385e-155
3577	1.0	1.0090798475036283e-143
3578	1.0	0.0
3579	1.0	0.0
3580	1.0	2.8877609300625345e-44
3581	1.0	1.4613980103420508e-67
3582	1.0	1.0182158240258717e-90
3583	1.0	0.0
3584	0.9955212613207559	0.004478738679244038
3585	1.0	7.440786673591173e-52
3586	1.0	1.2987761884242459e-120
3587	1.0	2.2040396148556695e-64
3588	1.0	3.316612550952072e-47
3589	1.0	4.4107589676171886e-52
3590	0.03588291747922402	0.9641170825207759
3591	1.0	1.317053232108435e-128
3592	1.0	0.0
3593	1.0	1.4031008272528357e-34
3594	1.0	1.0024470153030132e-23
3595	1.0	0.0
3596	1.0	0.0
3597	0.999820668768318	0.00017933123168200067
3598	1.0	1.1897728884562162e-70
3599	1.0	2.1045252067380435e-146
3601	1.0	1.1291170834054695e-192
3602	1.0	0.0
3603	0.99873255633136	0.0012674436686400216
3604	1.0	2.5052350800278556e-188
3605	1.0	7.275352564438153e-191
3606	1.0	8.742985563644146e-91
3607	1.0	4.715311120828586e-136
3608	1.0	9.904725718164476e-69
3609	1.0	4.6858941063968725e-113
3610	1.0	0.0
3611	1.0	4.437789544155673e-110
3612	1.0	4.2721933178604895e-87
3613	1.0	2.488642991343506e-48
3614	1.0	0.0
3615	1.0	3.2e-322
3616	1.0	9.519361492540149e-43
3617	1.0	5.237615666934662e-186
3618	1.0	0.0
3619	1.0	1.1627502051332463e-160
3620	1.0	0.0
3621	1.0	0.0
3622	1.0	2.8853387263408154e-53
3623	1.0	1.389538179106534e-24
3624	1.0	1.9742491813880626e-194
3625	1.0	2.8866792493298458e-46
3626	1.0	3.536060817159379e-86
3627	1.0	7.154353325920756e-20
3628	1.0	3.439777990795262e-123
3629	1.0	3.3952236634746754e-28
3631	1.0	4.5936966530130676e-142
3632	1.0	6.028341113602643e-163
3633	1.0	1.3826052936304696e-26
3634	1.0	4.635388223747705e-153
3635	1.0	0.0
3636	1.0	4.918604727599607e-280
3637	1.0	1.0531e-319
3638	1.0	7.671437677696691e-214
3639	1.0	1.4382066483470669e-129
3640	1.0	4.6264830612364306e-166
3641	1.0	0.0
3642	1.0	8.33285416007448e-91
3643	1.0	1.413430688666575e-239
3644	1.0	7.471788409738132e-84
3645	1.0	1.1245243493243833e-230
3646	1.0	1.0536684101185767e-183
3647	1.0	4.712860182738102e-293
3648	1.0	4.856629502202786e-49
3649	1.0	0.0
3650	1.0	0.0
3651	1.0	0.0
3652	1.0	0.0
3653	1.0	0.0
3654	1.0	1.2549449259776911e-183
3655	1.0	7.530849401281046e-19
3656	1.0	5.356056976000408e-249
3657	1.0	5.196018786084372e-117
3658	1.0	3.6466460662498376e-254
3659	1.0	0.0
3661	1.0	1.3702124873838842e-198
3662	1.0	2.143376342924818e-84
3663	1.0	5.0050059575779115e-245
3664	1.0	9.790426456745285e-73
3665	1.0	1.481533110646686e-185
3666	1.0	0.0
3667	1.0	3.6891298051303625e-308
3668	1.0	1.9004016036207766e-17
3669	1.0	2.2402425044837802e-64
3670	1.0	0.0
3671	1.0	0.0
3672	1.0805530327585001e-121	1.0
3673	3.331614645618274e-96	1.0
3674	0.00040485920162615493	0.999595140798374
3675	9.043055588044685e-139	1.0
3676	0.0	1.0
3677	1.995705040986407e-17	1.0
3678	3.721059019072017e-201	1.0
3679	8.271775191168093e-56	1.0
3680	2.165976629264088e-159	1.0
3681	2.505351978553682e-110	1.0
3682	1.549617469624485e-62	1.0
3683	4.222396672049687e-45	1.0
3684	4.536329092173568e-92	1.0
3685	4.063811574044748e-41	1.0
3686	3.6638061470670574e-205	1.0
3687	7.310131831079763e-67	1.0
3688	3.6772798026603834e-86	1.0
3689	2.8462958775116422e-123	1.0
3691	0.0	1.0
3692	1.5566199345393738e-12	0.9999999999984435
3693	0.0	1.0
3694	0.0009386547350525734	0.9990613452649475
3695	1.05024246971468e-105	1.0
3696	9.076644967861254e-240	1.0
3697	3.4877846146981205e-108	1.0
3698	3.2249039093853192e-65	1.0
3699	8.067553810779995e-71	1.0
3700	2.933392775088285e-19	1.0
3701	2.5059467569428237e-101	1.0
3702	0.0	1.0
3703	1.693691573029818e-64	1.0
3704	0.0	1.0
3705	3.2508792402477965e-76	1.0
3706	0.0017650404516043573	0.9982349595483956
3707	1.6580473188857153e-24	1.0
3708	3.3704015369308125e-95	1.0
3709	7.387410847173591e-61	1.0
3710	0.0	1.0
3711	1.972950063388293e-77	1.0
3712	8.364514046550232e-94	1.0
3713	4.925971451782414e-14	0.9999999999999507
3714	0.0	1.0
3715	4.54994910146448e-289	1.0
3716	1.6490927252884418e-09	0.9999999983509074
3717	8.324034796309915e-134	1.0
3718	2.0457429452375025e-38	1.0
3719	1.552543387788932e-69	1.0
3721	2.132904973198309e-136	1.0
3722	5.418879256889855e-129	1.0
3723	6.359661100724519e-43	1.0
3724	2.064483052643188e-64	1.0
3725	4.623646642959513e-81	1.0
3726	8.902714133695652e-49	1.0
3727	0.0	1.0
3728	1.0554504976060525e-48	1.0
3729	0.0	1.0
3730	2.6734385923526114e-72	1.0
3731	6.830194928668106e-122	1.0
3732	8.297247544085521e-14	0.999999999999917
3733	2.8301518968893516e-215	1.0
3734	3.42878798619199e-42	1.0
3735	1.2298706456783518e-06	0.9999987701293542
3736	1.4099402479258891e-224	1.0
3737	5.463799232632148e-65	1.0
3738	0.0	1.0
3739	2.7826408053913346e-25	1.0
3740	1.1081684053034389e-226	1.0
3741	1.4756804550832603e-277	1.0
3742	0.0	1.0
3743	0.012371949951581153	0.9876280500484188
3744	0.0	1.0
3745	2.2531861975978754e-53	1.0
3746	1.3502893276754792e-306	1.0
3747	3.8707286810353506e-75	1.0
3748	0.0050592768651685684	0.9949407231348314
3749	0.4907032400589102	0.5092967599410899
3751	0.007787911932529943	0.99221208806747
3752	8.328410176981956e-11	0.999999999916716
3753	0.0	1.0
3754	2.2149337367542256e-82	1.0
3755	2.377143320589603e-163	1.0
3756	1.8168048723081457e-46	1.0
3757	3.0491830079308716e-65	1.0
3758	7.6029602931601e-88	1.0
3759	5.0518664886159566e-144	1.0
3760	1.844053197428307e-202	1.0
3761	1.6301423418898086e-61	1.0
3762	5.790330209374423e-29	1.0
3763	0.0	1.0
3764	2.7798884108696407e-113	1.0
3765	1.018546378248132e-284	1.0
3766	2.7921403105812255e-60	1.0
3767	1.5757414088270004e-60	1.0
3768	0.0	1.0
3769	4.757692297667066e-239	1.0
3770	8.297999376485869e-51	1.0
3771	2.0431611239472737e-169	1.0
3772	1.0813272323911344e-06	0.9999989186727676
3773	4.0936825182976034e-148	1.0
3774	4.159920183302183e-12	0.99999999999584
3775	1.1861774931729e-310	1.0
3776	2.6674646786428852e-238	1.0
3777	0.0	1.0
3778	5.2896927525092345e-42	1.0
3779	1.394988317320777e-60	1.0
3781	1.205291189214156e-61	1.0
3782	7.724227732380707e-25	1.0
3783	1.3580291779558024e-13	0.9999999999998641
3784	5.5073413400915155e-208	1.0
3785	9.480005972655906e-149	1.0
3786	2.157823118275506e-171	1.0
3787	2.9993521964350288e-05	0.9999700064780357
3788	1.7641608142080307e-278	1.0
3789	3.414899956294085e-17	1.0
3790	2.2091060881212405e-117	1.0
3791	5.462622114859815e-69	1.0
3792	8.220627155304289e-219	1.0
3793	5.621772740524886e-52	1.0
3794	1.71167533349618e-119	1.0
3795	0.0	1.0
3796	1.0867436373951095e-91	1.0
3797	3.672054198313844e-38	1.0
3798	5.87026874053412e-157	1.0
3799	1.9667683921743116e-34	1.0
3800	2.2009983987805039e-103	1.0
3801	2.702044526411346e-71	1.0
3802	1.984352365735001e-144	1.0
3803	2.8158061201318363e-133	1.0
3804	1.5400008992725033e-260	1.0
3805	2.056949561452721e-22	1.0
3806	8.921444184403957e-54	1.0
3807	0.0	1.0
3808	4.860098311343601e-163	1.0
3809	1.9544201427758487e-90	1.0
3811	2.9878957934480196e-158	1.0
3812	0.0	1.0
3813	1.6544952691588798e-285	1.0
3814	9.814388074134868e-11	0.9999999999018561
3815	4.510899546623028e-51	1.0
3816	6.814292178920923e-68	1.0
3817	3.89001771486532e-262	1.0
3818	2.2918594539511514e-46	1.0
3819	1.2755829511682623e-13	0.9999999999998725
3820	2.0497510971081565e-103	1.0
3821	0.0	1.0
3822	3.469625681863253e-198	1.0
3823	8.15409807557747e-139	1.0
3824	5.948031434006652e-78	1.0
3825	3.6922538050310726e-262	1.0
3826	5.724524624934306e-134	1.0
3827	0.0	1.0
3828	1.9525576334523847e-55	1.0
3829	5.3544575226899094e-241	1.0
3830	0.9999485826620705	5.141733792949118e-05
3831	0.0	1.0
3832	0.0004313195918579041	0.9995686804081421
3833	5.0135227047727967e-45	1.0
3834	5.480550428206911e-75	1.0
3835	2.5826285816427686e-10	0.999999999741737
3836	4.627569855095419e-58	1.0
3837	1.6403698919561594e-110	1.0
3838	2.068375301304351e-78	1.0
3839	0.0	1.0
3841	7.779173103092065e-32	1.0
3842	2.2022569091036393e-23	1.0
3843	2.0758284314855346e-74	1.0
3844	6.529328879858791e-209	1.0
3845	0.0	1.0
3846	0.0	1.0
3847	0.0	1.0
3848	6.959513857189127e-105	1.0
3849	1.0106259483911144e-63	1.0
3850	9.198679719219802e-13	0.9999999999990801
3851	9.494079324833221e-91	1.0
3852	4.341680932218905e-68	1.0
3853	0.0	1.0
3854	7.328779566563362e-149	1.0
3855	7.350041388314636e-163	1.0
3856	2.757126810342845e-10	0.9999999997242872
3857	4.121699487848134e-68	1.0
3858	1.336395453724615e-212	1.0
3859	1.9161130512631525e-301	1.0
3860	8.216489612195972e-48	1.0
3861	5.078078968960855e-12	0.9999999999949218
3862	3.220414599574094e-28	1.0
3863	8.789595970762656e-26	1.0
3864	3.622874840914542e-16	0.9999999999999996
3865	4.633301085166862e-13	0.9999999999995366
3866	5.356642904232209e-199	1.0
3867	1.2405917122252698e-164	1.0
3868	3.816218956405246e-57	1.0
3869	1.4355409969373844e-64	1.0
3871	2.3278607573656118e-295	1.0
3872	0.0	1.0
3873	7.310458946054219e-84	1.0
3874	4.6071328398840364e-11	0.9999999999539286
3875	1.462718619703454e-42	1.0
3876	3.5286408074807376e-175	1.0
3877	1.1722808145547678e-31	1.0
3878	5.055981906170308e-71	1.0
3879	0.0	1.0
3880	1.0585367953489265e-09	0.9999999989414632
3881	3.130520402702509e-09	0.9999999968694795
3882	0.0	1.0
3883	2.027088762681821e-31	1.0
3884	2.7924820594803244e-31	1.0
3885	3.0815258581078606e-226	1.0
3886	1.5267684506153414e-284	1.0
3887	4.436978237612997e-155	1.0
3888	1.0060637549136879e-09	0.9999999989939363
3889	6.495421821001479e-07	0.999999350457818
3890	6.767864737032382e-63	1.0
3891	1.4653645421057089e-272	1.0
3892	0.0	1.0
3893	1.2213097415799464e-14	0.9999999999999878
3894	5.640117455185304e-09	0.9999999943598825
3895	8.16996657858257e-11	0.9999999999183002
3896	4.889564162103322e-50	1.0
3897	2.883786760034931e-14	0.9999999999999711
3898	3.7015062537180735e-96	1.0
3899	7.223939550656701e-12	0.999999999992776
3901	3.988336860643147e-19	1.0
3902	7.357815087473806e-304	1.0
3903	0.0	1.0
3904	1.3585049319892715e-221	1.0
3905	2.7142970377366568e-15	0.9999999999999973
3906	1.8648641882605906e-13	0.9999999999998135
3907	1.4134954479778903e-93	1.0
3908	4.686690062889566e-37	1.0
3909	3.201975805992293e-211	1.0
3910	8.436070637035942e-10	0.999999999156393
3911	1.0287389047048983e-258	1.0
3912	6.239586415256076e-248	1.0
3913	1.4144381479022026e-14	0.9999999999999858
3914	7.352069930070939e-44	1.0
3915	6.105509533643101e-41	1.0
3916	1.49275893263119e-10	0.9999999998507241
3917	5.329340133357755e-39	1.0
3918	1.2571840597495665e-93	1.0
3919	8.053317818057395e-39	1.0
3920	0.0	1.0
3921	1.1819531553604135e-98	1.0
3922	2.8847056846156657e-18	1.0
3923	3.470139374304492e-219	1.0
3924	1.270075750508875e-50	1.0
3925	2.7119210297121323e-179	1.0
3926	0.0	1.0
3927	3.2014315247278556e-158	1.0
3928	1.4333024554133465e-148	1.0
3929	1.5464063280756445e-129	1.0
3931	6.013619725954178e-11	0.9999999999398639
3932	3.3458848375728167e-34	1.0
3933	1.021322175616389e-40	1.0
3934	2.646167400393182e-100	1.0
3935	7.089306910518357e-63	1.0
3936	3.986607226520726e-161	1.0
3937	2.1457028594107744e-145	1.0
3938	1.9714528065442282e-41	1.0
3939	6.874257554176022e-66	1.0
3940	7.630549356403822e-176	1.0
3941	3.5466676052897696e-170	1.0
3942	2.807037063277091e-36	1.0
3943	1.4112877933604562e-249	1.0
3944	1.4080327833273984e-141	1.0
3945	0.0	1.0
3946	1.9692029815236732e-57	1.0
3947	2.5050371844828122e-264	1.0
3948	2.333812153220772e-57	1.0
3949	5.7858824422677104e-266	1.0
3950	0.0	1.0
3951	1.4640687133057013e-43	1.0
3952	0.0	1.0
3953	4.643594625607954e-52	1.0
3954	1.921553323899911e-34	1.0
3955	5.2942940583906236e-17	1.0
3956	0.0005132276215237191	0.9994867723784764
3957	2.5829095326537767e-105	1.0
3958	0.0	1.0
3959	1.84439504487582e-185	1.0
3961	0.0	1.0
3962	5.1168482235799547e-228	1.0
3963	7.555752191405706e-09	0.9999999924442479
3964	0.0	1.0
3965	0.0	1.0
3966	4.882148639071136e-18	1.0
3967	3.320936151574484e-45	1.0
3968	0.0	1.0
3969	2.0194457314162523e-55	1.0
3970	2.72650485858128e-49	1.0
3971	2.5872611560065265e-205	1.0
3972	0.0	1.0
3973	9.24806950313133e-54	1.0
3974	1.8727413933610122e-166	1.0
3975	0.0	1.0
3976	6.283402052372827e-69	1.0
3977	1.9444486795897497e-75	1.0
3978	0.0	1.0
3979	1.2925923865025163e-13	0.9999999999998708
3980	0.0	1.0
3981	2.487007209189494e-189	1.0
3982	1.939666088322212e-59	1.0
3983	4.0755090200189605e-157	1.0
3984	5.889787624071412e-31	1.0
3985	2.5556054293137013e-35	1.0
3986	3.3958927803154726e-44	1.0
3987	2.4970169415866032e-167	1.0
3988	3.1038333049969656e-118	1.0
3989	0.0	1.0
3991	6.189026710502888e-14	0.999999999999938
3992	9.892094928413302e-41	1.0
3993	6.096964337582773e-20	1.0
3994	2.3011978849536687e-34	1.0
3995	2.5585600546069215e-69	1.0
3996	9.276024739118914e-41	1.0
3997	1.6762000889692561e-07	0.9999998323799911
3998	2.665492144848725e-155	1.0
3999	4.911298060470936e-84	1.0
4000	4.394607048291637e-54	1.0
4001	3.7167262183812757e-63	1.0
4002	7.357036196428329e-17	1.0
4003	0.0	1.0
4004	0.0	1.0
4005	8.35873373788793e-26	1.0
4006	8.326958926795136e-220	1.0
4007	3.1842318365052564e-169	1.0
4008	2.8871275705560882e-244	1.0
4009	4.393794729473702e-43	1.0
4010	6.509986206699792e-34	1.0
4011	1.3543635925040487e-147	1.0
4012	7.993736799427557e-112	1.0
4013	2.0959692096941978e-68	1.0
4014	2.6617324679068626e-31	1.0
4015	4.393794729473702e-43	1.0
4016	4.956202557089422e-30	1.0
4017	9.438043447282854e-59	1.0
4018	5.561925714696358e-12	0.999999999994438
4019	4.848089080070536e-74	1.0
4021	0.0	1.0
4022	2.8326548622474646e-136	1.0
4023	0.0	1.0
4024	1.7816444173543456e-80	1.0
4025	3.1881624999480615e-300	1.0
4026	8.677226850230203e-138	1.0
4027	1.0438630306447078e-119	1.0
4028	2.5570862121457302e-20	1.0
4029	6.499302886514013e-92	1.0
4030	1.087692850329031e-76	1.0
4031	3.33450933399501e-09	0.9999999966654907
4032	7.6885639829805025e-19	1.0
4033	5e-324	1.0
4034	6.866848578426749e-199	1.0
4035	0.0	1.0
4036	3.872611483586582e-24	1.0
4037	9.517166673926996e-67	1.0
4038	2.544283214349631e-39	1.0
4039	7.000505039659221e-61	1.0
4040	2.6384117674942062e-70	1.0
4041	1.4714785770962875e-229	1.0
4042	6.51673031874021e-110	1.0
4043	4.0735722029968106e-113	1.0
4044	1.5351133186108515e-261	1.0
4045	0.0	1.0
4046	9.486503722824126e-31	1.0
4047	1.060728966307648e-93	1.0
4048	2.1400860389067597e-81	1.0
4049	0.0	1.0
4051	2.6422626256791868e-79	1.0
4052	1.5669947275686065e-103	1.0
4053	6.9773065955082e-71	1.0
4054	9.432574732882045e-133	1.0
4055	2.5691033955888564e-58	1.0
4056	4.794513160172207e-97	1.0
4057	1.5897529263181082e-122	1.0
4058	0.0	1.0
4059	8.397566604269697e-81	1.0
4060	6.9773065955082e-71	1.0
4061	4.038959650618107e-65	1.0
4062	0.4907032400589102	0.5092967599410899
4063	4.034265327411503e-26	1.0
4064	0.0	1.0
4065	8.220156171636223e-167	1.0
4066	5.869980646076356e-100	1.0
4067	5.4253511323035675e-232	1.0
4068	7.386525094071177e-172	1.0
4069	3.4441567108614736e-118	1.0
4070	5.79918791583335e-266	1.0
4071	3.6698105366022546e-50	1.0
4072	2.56569881745191e-96	1.0
4073	2.4757015513954695e-35	1.0
4074	2.2024140662615275e-122	1.0
4075	0.0	1.0
4076	2.792946849545946e-165	1.0
4077	8.258775141987152e-253	1.0
4078	4.8632259503695535e-279	1.0
4079	2.0236168965649805e-40	1.0
4081	1.808235889407644e-09	0.9999999981917642
4082	2.656670310839679e-231	1.0
4083	0.0	1.0
4084	3.3069383163001866e-57	1.0
4085	6.34861716496131e-65	1.0
4086	3.9056967949476236e-159	1.0
4087	0.0	1.0
4088	2.342675310587885e-174	1.0
4089	2.0061806705714835e-94	1.0
4090	1.9128252736454015e-308	1.0
4091	7.544702113391744e-69	1.0
4092	0.0	1.0
4093	0.0	1.0
4094	1.1570050484952981e-48	1.0
4095	2.4720658144517522e-29	1.0
4096	0.0	1.0
4097	1.6355432373454237e-40	1.0
4098	2.2501534089467378e-156	1.0
4099	0.0	1.0
4100	1.5476895613293713e-292	1.0
4101	2.9967391307888033e-50	1.0
4102	1.4789750542362754e-41	1.0
4103	1.0180562741657187e-183	1.0
4104	2.106625557143526e-26	1.0
4105	6.564733484254116e-188	1.0
4106	1.7680249053348703e-06	0.9999982319750946
4107	0.0	1.0
4108	1.3146054831006657e-131	1.0
4109	1.5461488065653431e-62	1.0
4111	5.046653053795484e-57	1.0
4112	7.210111343902867e-136	1.0
4113	9.197975713591001e-38	1.0
4114	6.892467878607155e-274	1.0
4115	5.009330630601498e-47	1.0
4116	1.0035709549241113e-82	1.0
4117	1.0175071331475227e-56	1.0
4118	3.664343019777125e-132	1.0
4119	3.589686939523749e-174	1.0
4120	2.830843859617653e-35	1.0
4121	2.6391532846567022e-80	1.0
4122	3.870715886783705e-74	1.0
4123	4.61959998289069e-62	1.0
4124	0.0	1.0
4125	0.0	1.0
4126	0.0	1.0
4127	1.7872896059573324e-65	1.0
4128	0.0	1.0
4129	4.409557237356285e-182	1.0
4130	1.870210912611718e-41	1.0
4131	2.2583729927726812e-40	1.0
4132	4.842079880828859e-38	1.0
4133	2.508762456199418e-38	1.0
4134	3.2780802129337765e-242	1.0
4135	1.030441948316264e-20	1.0
4136	0.4907032400589102	0.5092967599410899
4137	8.563374162111372e-88	1.0
4138	5.4425358255767435e-65	1.0
4139	8.302458389138165e-37	1.0
4141	0.4907032400589102	0.5092967599410899
4142	2.4426526177382584e-165	1.0
4143	0.0	1.0
4144	0.0	1.0
4145	3.107904909868265e-36	1.0
4146	1.3397215762893561e-59	1.0
4147	0.0	1.0
4148	5.607133114338167e-79	1.0
4149	3.128733682211848e-118	1.0
4150	0.0	1.0
4151	6.373044208632853e-51	1.0
4152	1.0032529266903625e-17	1.0
4153	0.4907032400589102	0.5092967599410899
4154	1.4454473848525058e-84	1.0
4155	0.0	1.0
4156	1.590374610391057e-63	1.0
4157	0.0	1.0
4158	1.0784546319956062e-43	1.0
4159	4.360482829007798e-40	1.0
4160	0.0	1.0
4161	1.2632811357534438e-42	1.0
4162	1.5490019823142414e-51	1.0
4163	1.362923266309055e-50	1.0
4164	5.738866360807527e-178	1.0
4165	1.462930373698841e-113	1.0
4166	2.9743462717583646e-138	1.0
4167	9.334069186733701e-93	1.0
4168	3.664583452127273e-65	1.0
4169	3.196737419135264e-305	1.0
4171	2.284442424574759e-53	1.0
4172	1.2493191240446843e-63	1.0
4173	6.40364762642103e-64	1.0
4174	0.0	1.0
4175	2.220636111583937e-29	1.0
4176	0.0	1.0
4177	9.92034580377076e-126	1.0
4178	1.5126623906128093e-26	1.0
4179	3.353736397516931e-52	1.0
4180	3.232547485374155e-161	1.0
4181	4.487862980462335e-175	1.0
4182	3.6053177312304056e-225	1.0
4183	5.47939246621414e-121	1.0
4184	3.963599732793606e-179	1.0
4185	3.4204167249359393e-106	1.0
4186	9.210410549377221e-42	1.0
4187	9.205380988115663e-24	1.0
4188	6.65694937835345e-19	1.0
4189	1.2017592619504469e-29	1.0
4190	1.1883262741156156e-38	1.0
4191	7.810119293742439e-59	1.0
4192	1.072209515979246e-234	1.0
4193	8.205025038425579e-59	1.0
4194	2.271545168790906e-87	1.0
4195	6.856059529915206e-36	1.0
4196	3.859836757078774e-141	1.0
4197	0.0	1.0
4198	3.487297376039131e-80	1.0
4199	1.4116680306654742e-85	1.0
4201	0.0	1.0
4202	2.6222698303916262e-17	1.0
4203	1.9129893374411335e-105	1.0
4204	5.342021577419466e-56	1.0
4205	5.422056624189526e-45	1.0
4206	1.83888821654564e-32	1.0
4207	1.7423045455208888e-38	1.0
4208	6.454390934201942e-22	1.0
4209	5.65811570212903e-08	0.999999943418843
4210	1.1247651926812945e-112	1.0
4211	6.785892673292905e-40	1.0
4212	6.785892673292905e-40	1.0
4213	1.6136935993609305e-08	0.999999983863064
4214	2.556325106060251e-56	1.0
4215	0.0	1.0
4216	8.25203561400373e-14	0.9999999999999174
4217	9.53972222583343e-110	1.0
4218	1.631550084724496e-92	1.0
4219	9.903997009714924e-15	0.99999999999999
4220	4.915686565135779e-70	1.0
4221	4.055911410791278e-235	1.0
4222	5.134351890033561e-84	1.0
4223	4.515731552117883e-66	1.0
4224	1.999306831524753e-120	1.0
4225	1.5528284736928007e-13	0.9999999999998448
4226	3.5058689203904984e-08	0.9999999649413108
4227	3.222849031800012e-60	1.0
4228	0.0	1.0
4229	6.111149644864239e-15	0.9999999999999938
4231	1.1990624183216176e-14	0.999999999999988
4232	0.0	1.0
4233	1.8569617506939032e-19	1.0
4234	1.5189856511396217e-94	1.0
4235	2.3518813357101193e-95	1.0
4236	0.0	1.0
4237	7.752743296757228e-70	1.0
4238	1.775884871288558e-24	1.0
4239	4.281986445507195e-74	1.0
4240	0.0	1.0
4241	2.9759107913762705e-08	0.9999999702408922
4242	0.0	1.0
4243	2.102036293148731e-18	1.0
4244	3.983460701057319e-270	1.0
4245	6.648883440744645e-289	1.0
4246	1.3482205183866265e-05	0.9999865177948161
4247	1.4610081797987832e-81	1.0
4248	9.779097796780825e-40	1.0
4249	0.0	1.0
4250	0.0	1.0
4251	0.0	1.0
4252	8.032386596436002e-34	1.0
4253	2.7205895092458364e-45	1.0
4254	0.4907032400589102	0.5092967599410899
4255	3.9665423253439636e-138	1.0
4256	6.305317157947512e-39	1.0
4257	2.464546171276168e-19	1.0
4258	3.669919517500834e-130	1.0
4259	1.60606559494894e-120	1.0
4261	1.349193191823408e-13	0.999999999999865
4262	7.735516546379593e-79	1.0
4263	4.590814750341401e-76	1.0
4264	0.0	1.0
4265	1.776187846079733e-25	1.0
4266	9.163947668382672e-15	0.9999999999999909
4267	1.2828304775223914e-49	1.0
4268	1.689514229752414e-105	1.0
4269	3.1986157102669227e-07	0.999999680138429
4270	1.381212938832292e-26	1.0
4271	2.1006920436973585e-86	1.0
4272	7.894196931112815e-242	1.0
4273	6.086651248537636e-09	0.9999999939133488
4274	6.416191088981507e-92	1.0
4275	1.0871692806987032e-150	1.0
4276	2.878740208723734e-12	0.9999999999971212
4277	3.1986157102669227e-07	0.999999680138429
4278	0.0	1.0
4279	1.349193191823408e-13	0.999999999999865
4280	7.2070532162978236e-12	0.9999999999927929
4281	1.850027323706056e-81	1.0
4282	0.4907032400589102	0.5092967599410899
4283	4.948823346112951e-148	1.0
4284	1.0473362297314866e-08	0.9999999895266377
4285	1.1760015043188063e-268	1.0
4286	0.0	1.0
4287	3.096777569940015e-97	1.0
4288	2.6005170463155954e-95	1.0
4289	5.04919812923911e-66	1.0
4291	3.2284017197354e-45	1.0
4292	1.560472306549183e-106	1.0
4293	4.509848310068512e-151	1.0
4294	3.947550834831452e-168	1.0
4295	5.875576318991889e-115	1.0
4296	1.689566888681018e-178	1.0
4297	1.9790272851621537e-12	0.9999999999980209
4298	2.5354873069247353e-23	1.0
4299	2.3188055978773904e-103	1.0
4300	3.762041477542327e-71	1.0
4301	3.225393963540221e-214	1.0
4302	1.7182295957102389e-59	1.0
4303	4.694495330331763e-48	1.0
4304	2.878740208723734e-12	0.9999999999971212
4305	3.057222328437518e-60	1.0
4306	1.4282604746316618e-210	1.0
4307	0.0	1.0
4308	1.640659636997956e-86	1.0
4309	3.9084919951574457e-97	1.0
4310	8.747289905233178e-73	1.0
4311	5.728475685005845e-90	1.0
4312	0.0	1.0
4313	0.0	1.0
4314	2.9759107913762705e-08	0.9999999702408922
4315	0.0	1.0
4316	5.717410307844914e-143	1.0
4317	3.363279250455409e-42	1.0
4318	0.0	1.0
4319	1.6665236244825692e-11	0.9999999999833347
4321	2.6679015795415045e-103	1.0
4322	5.329625970202028e-40	1.0
4323	1.5185487408260514e-11	0.9999999999848146
4324	7.946261833316176e-98	1.0
4325	4.1919437078518764e-07	0.9999995808056293
4326	0.0	1.0
4327	3.5641658030017843e-153	1.0
4328	1.267395263115259e-104	1.0
4329	1.313719469252614e-16	0.9999999999999998
4330	2.1545569895958733e-52	1.0
4331	2.6181457347311214e-168	1.0
4332	8.655387068314433e-09	0.999999991344613
4333	7.125950454585736e-93	1.0
4334	2.095673821736925e-46	1.0
4335	1.419184374518607e-156	1.0
4336	8.339086333543368e-45	1.0
4337	1.6232391468044495e-268	1.0
4338	1.005023497052209e-38	1.0
4339	1.005023497052209e-38	1.0
4340	4.77954927983318e-80	1.0
4341	7.108198699125841e-85	1.0
4342	1.6718044970988104e-86	1.0
4343	3.50757728597038e-108	1.0
4344	8.245940231992155e-11	0.9999999999175406
4345	2.260571101255744e-116	1.0
4346	2.21359343792233e-107	1.0
4347	3.1228030370818604e-25	1.0
4348	1.70138818000328e-108	1.0
4349	8.997705441465268e-09	0.9999999910022946
4351	5.270286104077988e-59	1.0
4352	2.464546171276168e-19	1.0
4353	1.0107391439249107e-24	1.0
4354	1.3900278941631817e-293	1.0
4355	1.7356892154780117e-78	1.0
4356	3.0985761640476922e-09	0.9999999969014237
4357	2.593840719540959e-21	1.0
4358	0.0	1.0
4359	8.116915667675692e-113	1.0
4360	6.916938848497655e-161	1.0
4361	1.744827922668281e-67	1.0
4362	6.361624744053349e-56	1.0
4363	8.842914100396498e-15	0.9999999999999911
4364	2.550823352643848e-12	0.9999999999974492
4365	7.272254186037927e-47	1.0
4366	1.112391805964686e-10	0.9999999998887608
4367	4.082387192345916e-66	1.0
4368	5.24625112484909e-62	1.0
4369	1.6943770574131267e-219	1.0
4370	3.1228030370818604e-25	1.0
4371	0.0	1.0
4372	6.456181080779113e-16	0.9999999999999993
4373	6.000043145034101e-07	0.9999993999956854
4374	5.984877726879523e-46	1.0
4375	1.3721956584760733e-11	0.9999999999862781
4376	2.5885739291183516e-49	1.0
4377	1.0869461975139015e-08	0.9999999891305381
4378	2.5154957938148955e-46	1.0
4379	6.105824699653223e-57	1.0
4381	0.0	1.0
4382	9.963065399928776e-47	1.0
4383	1.1322481817416716e-07	0.9999998867751817
4384	1.47770678183182e-122	1.0
4385	2.480302198282242e-33	1.0
4386	4.190566954835136e-32	1.0
4387	2.5228590100903003e-11	0.9999999999747715
4388	3.6771356417887675e-08	0.9999999632286436
4389	3.1228030370818604e-25	1.0
4390	0.0	1.0
4391	8.297509302167044e-123	1.0
4392	8.188758690007618e-141	1.0
4393	2.375063344143272e-151	1.0
4394	3.15486415744752e-44	1.0
4395	3.720478491431718e-238	1.0
4396	4.6447190986858666e-129	1.0
4397	0.0	1.0
4398	1.616342426890298e-51	1.0
4399	3.523268035372056e-120	1.0
4400	7.670848571938553e-154	1.0
4401	2.5543917406759408e-26	1.0
4402	5.331096708917957e-234	1.0
4403	1.718074828371506e-15	0.9999999999999982
4404	1.092405606902881e-258	1.0
4405	2.7918564142557815e-40	1.0
4406	8.38457123115621e-44	1.0
4407	9.657433260268396e-24	1.0
4408	8.200099442493903e-100	1.0
4409	6.61641358754498e-14	0.9999999999999338
4411	1.6871069869529333e-42	1.0
4412	2.1502579589271463e-09	0.999999997849742
4413	5.909368138838544e-104	1.0
4414	6.83631693165111e-69	1.0
4415	8.891939881411054e-23	1.0
4416	2.927820407774929e-132	1.0
4417	1.6004135051389556e-143	1.0
4418	1.9854386917515896e-64	1.0
4419	2.2989908362148465e-74	1.0
4420	3.364223034438344e-11	0.9999999999663578
4421	1.2539369258305658e-28	1.0
4422	5.630004759578477e-09	0.9999999943699953
4423	9.188155233462749e-07	0.9999990811844766
4424	6.181530820154272e-44	1.0
4425	6.50530433089518e-114	1.0
4426	2.518971375734985e-10	0.9999999997481028
4427	2.878740208723734e-12	0.9999999999971212
4428	2.1502579589271463e-09	0.999999997849742
4429	1.3471857116015627e-13	0.9999999999998652
4430	9.432184715927668e-47	1.0
4431	1.9818693675839556e-48	1.0
4432	6.08705370734584e-48	1.0
4433	4.190566954835136e-32	1.0
4434	1.5383000852939317e-35	1.0
4435	1.4933552386071035e-104	1.0
4436	9.506899521603448e-123	1.0
4437	4.898130039300069e-37	1.0
4438	1.2331002511819715e-101	1.0
4439	2.1666463690657394e-10	0.9999999997833353
4441	3.585413848239577e-50	1.0
4442	3.974869031693116e-18	1.0
4443	2.9759107913762705e-08	0.9999999702408922
4444	3.810893051574411e-24	1.0
4445	4.763996583425686e-16	0.9999999999999996
4446	9.428161400998712e-130	1.0
4447	5.737208118997352e-139	1.0
4448	4.6191685891561404e-33	1.0
4449	1.1493293829630733e-06	0.999998850670617
4450	1.5527803662772618e-40	1.0
4451	9.031327115279925e-180	1.0
4452	1.53847113436865e-20	1.0
4453	2.557526642228875e-119	1.0
4454	3.3047916188604203e-25	1.0
4455	2.558134193906944e-109	1.0
4456	8.802194244560039e-100	1.0
4457	3.3702013929061204e-12	0.9999999999966298
4458	3.4359286060302743e-53	1.0
4459	7.81859528269927e-08	0.9999999218140471
4460	3.0546285625082606e-09	0.9999999969453714
4461	7.584135811061634e-09	0.9999999924158643
4462	1.4813016096601363e-09	0.9999999985186985
4463	0.0	1.0
4464	1.7213160234716327e-35	1.0
4465	2.4328325088342154e-100	1.0
4466	2.04311233e-316	1.0
4467	2.5034908148133028e-244	1.0
4468	0.0	1.0
4469	1.3429891692905956e-27	1.0
4471	1.254681699435839e-150	1.0
4472	0.0	1.0
4473	1.2291290437414185e-118	1.0
4474	2.0403958045582514e-251	1.0
4475	1.1349230035016091e-52	1.0
4476	7.544188024031215e-42	1.0
4477	1.1634648917204365e-152	1.0
4478	7.303939840338689e-172	1.0
4479	6.700836931259306e-05	0.9999329916306874
4480	5.773553745232304e-125	1.0
4481	2.9467944162288707e-116	1.0
4482	9.135859227223028e-102	1.0
4483	1.9267602079143428e-230	1.0
4484	5.264937318166836e-59	1.0
4485	3.9423027641286776e-31	1.0
4486	1.0756248764316399e-287	1.0
4487	2.2811968182285075e-142	1.0
4488	7.117743200228745e-115	1.0
4489	9.50891475660527e-52	1.0
4490	1.7622496209284815e-40	1.0
4491	2.4707964469662036e-32	1.0
4492	1.9267602079143428e-230	1.0
4493	4.996160150046274e-194	1.0
4494	3.079038152147648e-16	0.9999999999999998
4495	3.823862058925381e-45	1.0
4496	1.7379559901555878e-143	1.0
4497	6.776833950284381e-222	1.0
4498	1.5280458506054724e-16	0.9999999999999998
4499	1.5077881838617496e-85	1.0
4501	6.949982031219657e-29	1.0
4502	1.1342287205931575e-46	1.0
4503	3.2458982085454205e-89	1.0
4504	3.2186447647666355e-83	1.0
4505	2.0345769816494177e-37	1.0
4506	0.0	1.0
4507	7.561721598576104e-15	0.9999999999999925
4508	3.0822531645444446e-53	1.0
4509	4.778204954242578e-08	0.9999999522179505
4510	1.465133841012734e-102	1.0
4511	0.0	1.0
4512	1.3980752726524871e-43	1.0
4513	7.675574661874142e-30	1.0
4514	2.1469974766457814e-219	1.0
4515	4.5670941594832925e-37	1.0
4516	6.140820646055268e-93	1.0
4517	8.546665685701663e-22	1.0
4518	1.1632753326453847e-80	1.0
4519	9.160359754200799e-101	1.0
4520	1.2180936343773129e-95	1.0
4521	1.592122070459644e-63	1.0
4522	3.258988302068246e-51	1.0
4523	1.0100745789896144e-84	1.0
4524	1.3929849975643153e-44	1.0
4525	9.924012322081626e-148	1.0
4526	9.36049191615146e-63	1.0
4527	1.532250801771771e-50	1.0
4528	2.522654334091292e-56	1.0
4529	0.0	1.0
4531	3.525685562637602e-103	1.0
4532	1.5403038989435731e-140	1.0
4533	0.0002804650975104956	0.9997195349024895
4534	2.120454093194205e-99	1.0
4535	3.6292453118647623e-190	1.0
4536	1.896954021586459e-17	1.0
4537	1.870944831102036e-40	1.0
4538	9.523254866592041e-80	1.0
4539	6.825394019973121e-21	1.0
4540	1.2889595205153587e-53	1.0
4541	1.0501872915576512e-19	1.0
4542	1.2954807952299486e-17	1.0
4543	4.82949606996262e-60	1.0
4544	2.543861418894904e-80	1.0
4545	3.01529926490092e-25	1.0
4546	4.860119613081343e-30	1.0
4547	1.1834461189598884e-95	1.0
4548	9.00683130112617e-44	1.0
4549	4.005332563142818e-05	0.9999599466743685
4550	1.5465916867835027e-81	1.0
4551	4.645863974806211e-111	1.0
4552	1.1008139929297752e-71	1.0
4553	2.350457041759213e-103	1.0
4554	7.067171998955644e-125	1.0
4555	1.330522530654893e-196	1.0
4556	8.802992368641188e-30	1.0
4557	2.4012881775301428e-76	1.0
4558	4.831954993231222e-41	1.0
4559	7.381507364843143e-42	1.0
4561	3.0332239076491328e-226	1.0
4562	1.7206534196583801e-144	1.0
4563	4.468743596315657e-126	1.0
4564	2.7935526398459555e-67	1.0
4565	2.4293914809768764e-70	1.0
4566	7.8310412225513785e-87	1.0
4567	1.0044531226631522e-21	1.0
4568	2.0195732041592771e-38	1.0
4569	1.4486421724716777e-19	1.0
4570	5.825145930144557e-98	1.0
4571	2.535086166936007e-85	1.0
4572	2.4457341600625395e-136	1.0
4573	3.0620205237106736e-80	1.0
4574	4.341726794830834e-123	1.0
4575	5.29694967324821e-69	1.0
4576	3.319849270567654e-26	1.0
4577	5.1327841777621624e-64	1.0
4578	1.9003552026705584e-244	1.0
4579	9.678632903923896e-197	1.0
4580	7.634136502397705e-87	1.0
4581	2.870297007698902e-51	1.0
4582	5.683193395249113e-165	1.0
4583	7.306594448401395e-110	1.0
4584	7.491140415166514e-32	1.0
4585	1.522963382518612e-64	1.0
4586	1.0589571059934715e-71	1.0
4587	6.249395799193608e-144	1.0
4588	4.119013970131499e-46	1.0
4589	1.921310519676494e-57	1.0
4591	1.69448739513102e-69	1.0
4592	2.8735383109628085e-90	1.0
4593	0.4907032400589102	0.5092967599410899
4594	8.023747203433042e-13	0.9999999999991975
4595	9.630627841742647e-52	1.0
4596	0.4907032400589102	0.5092967599410899
4597	0.0	1.0
4598	9.257756926807933e-89	1.0
4599	1.0926923193439545e-23	1.0
4600	6.8698153156460705e-109	1.0
4601	0.4907032400589102	0.5092967599410899
4602	9.962427366756227e-107	1.0
4603	2.952673487469052e-11	0.9999999999704732
4604	4.309650020503755e-127	1.0
4605	4.618346720320915e-52	1.0
4606	6.050556986541198e-32	1.0
4607	0.0	1.0
4608	2.1565847192864166e-67	1.0
4609	8.807929035246665e-69	1.0
4610	9.702904122608131e-116	1.0
4611	8.807929035246665e-69	1.0
4612	7.290947635140075e-127	1.0
4613	1.8280886169022032e-30	1.0
4614	4.171455480144285e-65	1.0
4615	1.986118379262352e-90	1.0
4616	1.9033614946220215e-157	1.0
4617	1.150070846413015e-27	1.0
4618	0.0	1.0
4619	0.0	1.0
4621	5.100053298447672e-35	1.0
4622	2.51529867669166e-78	1.0
4623	4.070428506651968e-180	1.0
4624	1.2788212691608873e-82	1.0
4625	2.265687594975003e-143	1.0
4626	3.485484597909992e-281	1.0
4627	2.8659507042766183e-40	1.0
4628	1.6833974428876672e-126	1.0
4629	3.741354838544555e-12	0.9999999999962585
4630	9.00346122841172e-16	0.9999999999999991
4631	2.285878858464497e-127	1.0
4632	1.1878462502086008e-174	1.0
4633	8.172595562844553e-74	1.0
4634	0.0	1.0
4635	1.0957901381545039e-152	1.0
4636	0.0	1.0
4637	2.4825842391826565e-160	1.0
4638	2.2354113992115668e-14	0.9999999999999776
4639	1.3631240003043436e-36	1.0
4640	8.314647678159733e-38	1.0
4641	8.441190481183967e-80	1.0
4642	1.0767658336752322e-113	1.0
4643	7.826539971699514e-275	1.0
4644	0.0	1.0
4645	5.892037518382868e-24	1.0
4646	1.531627687201873e-16	0.9999999999999998
4647	2.0114007019271984e-142	1.0
4648	4.107591193041083e-175	1.0
4649	4.629393608623501e-79	1.0
4651	0.0	1.0
4652	0.0	1.0
4653	1.3763926980525004e-85	1.0
4654	0.0	1.0
4655	4.225797163763945e-90	1.0
4656	9.679255470587681e-52	1.0
4657	0.017704189953359043	0.982295810046641
4658	0.0	1.0
4659	3.5809939221560615e-61	1.0
4660	6.666178702436997e-62	1.0
4661	1.466694637324013e-19	1.0
4662	1.0824826776550475e-112	1.0
4663	8.925078726773244e-49	1.0
4664	9.367795370887602e-170	1.0
4665	0.0	1.0
4666	4.988645818592326e-74	1.0
4667	6.465729316237843e-99	1.0
4668	1.1751646277762049e-125	1.0
4669	7.444980850703914e-105	1.0
4670	5.952405187319897e-69	1.0
4671	1.0989559969418648e-53	1.0
4672	1.6697489472194722e-33	1.0
4673	1.0715034330191499e-203	1.0
4674	9.443716009112842e-86	1.0
4675	3.09002510761193e-66	1.0
4676	6.120734761513615e-42	1.0
4677	2.0462228643280943e-62	1.0
4678	0.0	1.0
4679	0.0	1.0
4681	1.9029256299931165e-46	1.0
4682	0.0	1.0
4683	0.4907032400589102	0.5092967599410899
4684	0.4907032400589102	0.5092967599410899
4685	6.145778094117541e-72	1.0
4686	2.107905404053812e-39	1.0
4687	7.867513120413635e-108	1.0
4688	0.0	1.0
4689	2.621021569727668e-44	1.0
4690	0.0	1.0
4691	0.4907032400589102	0.5092967599410899
4692	2.8128598621948225e-19	1.0
4693	2.974328112459002e-56	1.0
4694	8.723966361779899e-33	1.0
4695	0.0	1.0
4696	0.0	1.0
4697	2.1831990890222273e-47	1.0
4698	7.952674719373816e-61	1.0
4699	0.0	1.0
4700	7.869961240382454e-103	1.0
4701	0.0	1.0
4702	3.21462451605562e-23	1.0
4703	3.2674827088017636e-38	1.0
4704	1.1141064552212186e-149	1.0
4705	3.422758799812105e-59	1.0
4706	0.4907032400589102	0.5092967599410899
4707	1.5694618114975694e-50	1.0
4708	1.4229201680584008e-28	1.0
4709	4.4726450010035725e-29	1.0
4711	0.0	1.0
4712	1.7338844772739646e-79	1.0
4713	0.0	1.0
4714	1.3028296389448341e-120	1.0
4715	5.732579667416897e-45	1.0
4716	2.039818802158661e-61	1.0
4717	0.0	1.0
4718	2.8419691312987727e-66	1.0
4719	3.4788022669700806e-89	1.0
4720	6.941127159892713e-34	1.0
4721	9.50944746811319e-07	0.9999990490552532
4722	0.0	1.0
4723	1.3326245200113173e-90	1.0
4724	8.417813941232744e-14	0.9999999999999158
4725	2.4626218154372042e-45	1.0
4726	6.795411335693878e-32	1.0
4727	8.46021910124977e-80	1.0
4728	0.4907032400589102	0.5092967599410899
4729	1.031526029537599e-77	1.0
4730	5.553195645686228e-209	1.0
4731	3.92628514308209e-51	1.0
4732	2.5377259271693304e-43	1.0
4733	1.775465010857376e-87	1.0
4734	2.106514233212304e-223	1.0
4735	3.0865864546922837e-38	1.0
4736	4.275394300758564e-133	1.0
4737	7.567019919973905e-17	1.0
4738	1.4229201680584008e-28	1.0
4739	7.942422473978506e-89	1.0
4741	1.8792432063175924e-126	1.0
4742	4.2857540584187883e-222	1.0
4743	7.520711437233435e-39	1.0
4744	7.301094926070381e-26	1.0
4745	4.3538258358573045e-31	1.0
4746	5.916718404826055e-90	1.0
4747	8.626583332696027e-42	1.0
4748	1.0827712274215847e-33	1.0
4749	6.949928910823065e-87	1.0
4750	0.0	1.0
4751	3.719580978360562e-47	1.0
4752	4.584854516248993e-39	1.0
4753	2.010708698761811e-216	1.0
4754	2.2560764802093238e-14	0.9999999999999774
4755	1.7778725804839766e-139	1.0
4756	0.0	1.0
4757	0.0	1.0
4758	1.9909932976229609e-224	1.0
4759	1.7718444887616416e-53	1.0
4760	3.5042980808444595e-171	1.0
4761	5.522077553516873e-28	1.0
4762	0.0	1.0
4763	8.27171529703052e-183	1.0
4764	2.0353462850162059e-13	0.9999999999997964
4765	2.2024921499929495e-06	0.99999779750785
4766	1.0812926107219862e-19	1.0
4767	3.7234228967029553e-96	1.0
4768	1.2191743104729958e-47	1.0
4769	1.7487815143565948e-69	1.0
4771	2.441579025044299e-40	1.0
4772	0.0	1.0
4773	1.0959929826375564e-194	1.0
4774	2.5142312036609977e-70	1.0
4775	2.5210338025755522e-61	1.0
4776	0.0	1.0
4777	0.0	1.0
4778	7.891594357762231e-28	1.0
4779	9.445625782765569e-17	1.0
4780	0.0	1.0
4781	1.1075453199789226e-79	1.0
4782	1.242813779625141e-227	1.0
4783	0.0	1.0
4784	0.0	1.0
4785	1.6885044412248554e-69	1.0
4786	0.0	1.0
4787	8.683995638621268e-39	1.0
4788	1.0156320648542166e-109	1.0
4789	1.56146558287452e-66	1.0
4790	0.0	1.0
4791	7.734347415219881e-102	1.0
4792	0.0	1.0
4793	2.1068370582552296e-72	1.0
4794	5.117274048838424e-80	1.0
4795	0.0	1.0
4796	4.792770553320378e-78	1.0
4797	5.286908142840699e-80	1.0
4798	2.4283323734842594e-97	1.0
4799	0.0	1.0
4801	0.0	1.0
4802	5.05340902626809e-184	1.0
4803	0.0	1.0
4804	2.041830031425891e-26	1.0
4805	0.0	1.0
4806	1.1572229682749282e-15	0.9999999999999989
4807	3.248123566101555e-22	1.0
4808	4.092229936576868e-116	1.0
4809	2.803578437799211e-17	1.0
4810	4.5754285841999435e-128	1.0
4811	8.066610365826092e-47	1.0
4812	6.52676902174618e-114	1.0
4813	3.295831103924062e-99	1.0
4814	3.17674264123452e-29	1.0
4815	3.595453852326488e-36	1.0
4816	1.2352817113575283e-19	1.0
4817	2.1028856480035278e-136	1.0
4818	8.386950571374584e-105	1.0
4819	9.896938136818092e-102	1.0
4820	2.236789796106218e-42	1.0
4821	2.9794716181690876e-63	1.0
4822	1.8880187040192055e-88	1.0
4823	1.9048266551945878e-13	0.9999999999998095
4824	4.298583949568348e-67	1.0
4825	3.8977621391878476e-52	1.0
4826	1.1981063568483444e-14	0.999999999999988
4827	1.9871020656425598e-63	1.0
4828	0.0	1.0
4829	4.240440007215009e-39	1.0
4831	2.687894356038417e-14	0.9999999999999731
4832	2.4607711854238042e-104	1.0
4833	9.963626529921695e-100	1.0
4834	1.7975247847885923e-102	1.0
4835	0.0	1.0
4836	3.712844417546414e-122	1.0
4837	0.0	1.0
4838	1.8012632137340812e-37	1.0
4839	1.17062944292107e-30	1.0
4840	0.0	1.0
4841	9.550454078008508e-17	1.0
4842	0.0	1.0
4843	3.851485593721446e-19	1.0
4844	1.7072269623532327e-17	1.0
4845	6.0569074391696676e-71	1.0
4846	1.0603240309675344e-114	1.0
4847	1.111202623407175e-20	1.0
4848	5.591368726838368e-57	1.0
4849	6.792693517972296e-195	1.0
4850	0.0	1.0
4851	1.5282711530276503e-10	0.9999999998471729
4852	1.7075419310095947e-98	1.0
4853	0.0	1.0
4854	0.0	1.0
4855	1.1675151979820873e-57	1.0
4856	0.0	1.0
4857	0.0	1.0
4858	9.560460915119331e-31	1.0
4859	4.726228200746014e-18	1.0
4861	5.031192483688445e-13	0.9999999999994968
4862	2.7149882571691845e-22	1.0
4863	2.402626847076515e-101	1.0
4864	1.3657729564144418e-09	0.999999998634227
4865	8.35610771953989e-29	1.0
4866	5.554772745240506e-43	1.0
4867	4.57933256493424e-106	1.0
4868	7.241422268447722e-43	1.0
4869	1.5756885915286573e-65	1.0
4870	0.0	1.0
4871	2.52495067283956e-56	1.0
4872	1.2031921955088156e-15	0.9999999999999989
4873	1.7260692224501933e-223	1.0
4874	1.4182611384102085e-26	1.0
4875	0.0	1.0
4876	1.1968518627901322e-30	1.0
4877	0.0	1.0
4878	4.3350624336163217e-41	1.0
4879	3.278167392734402e-23	1.0
4880	7.588999538307232e-301	1.0
4881	4.998626669641641e-28	1.0
4882	4.519516537738793e-93	1.0
4883	1.552730668972463e-15	0.9999999999999984
4884	1.466819609205507e-17	1.0
4885	6.878653083871613e-19	1.0
4886	0.0	1.0
4887	7.31254610304281e-12	0.9999999999926874
4888	2.468109548953631e-42	1.0
4889	3.257319758071362e-31	1.0
4891	9.521396482910935e-20	1.0
4892	8.234320207075545e-83	1.0
4893	5.841964560508443e-28	1.0
4894	0.0	1.0
4895	1.5236348934363774e-86	1.0
4896	0.0	1.0
4897	2.2490888932972753e-40	1.0
4898	0.0	1.0
4899	2.4769103494813765e-120	1.0
4900	2.137631984355167e-58	1.0
4901	0.0	1.0
4902	2.702590903233902e-53	1.0
4903	6.888429400637138e-244	1.0
4904	1.3313246056348149e-19	1.0
4905	1.4407902823167277e-59	1.0
4906	8.282944538406436e-141	1.0
4907	3.0529838346182335e-61	1.0
4908	1.482831716627023e-10	0.9999999998517168
4909	4.012484653746399e-23	1.0
4910	1.679006314186841e-74	1.0
4911	0.0	1.0
4912	9.041186832959331e-22	1.0
4913	0.0	1.0
4914	0.0	1.0
4915	7.644814098203589e-59	1.0
4916	9.32234008662206e-254	1.0
4917	4.855300437151964e-126	1.0
4918	7.007796498825313e-42	1.0
4919	0.0	1.0
4921	2.3963157726166205e-80	1.0
4922	0.0	1.0
4923	0.0	1.0
4924	1.2689261628702714e-49	1.0
4925	3.383862407163778e-35	1.0
4926	7.032329664222908e-49	1.0
4927	0.0	1.0
4928	3.2523016118075064e-155	1.0
4929	1.774452408462834e-66	1.0
4930	0.0	1.0
4931	4.272498367300765e-34	1.0
4932	0.001936293702946585	0.9980637062970533
4933	0.0	1.0
4934	1.6673254141349937e-95	1.0
4935	0.0	1.0
4936	0.0	1.0
4937	3.566586266618659e-32	1.0
4938	1.2504387504470172e-59	1.0
4939	8.365994261762193e-27	1.0
4940	1.5153461469036387e-35	1.0
4941	3.0897168981379725e-60	1.0
4942	0.0	1.0
4943	1.317102225634403e-48	1.0
4944	3.533654940158886e-165	1.0
4945	3.804927021447081e-95	1.0
4946	0.0	1.0
4947	5.01264893955681e-17	1.0
4948	1.0077731510492335e-24	1.0
4949	1.751563025271584e-125	1.0
4951	0.00349131704354315	0.9965086829564569
4952	0.0	1.0
4953	2.0820674813742718e-18	1.0
4954	1.9045345356027337e-106	1.0
4955	3.8494849937198455e-15	0.9999999999999962
4956	1.79714810614988e-29	1.0
4957	0.0	1.0
4958	1.7980448986476085e-107	1.0
4959	3.800354468604644e-55	1.0
4960	3.6288894524752098e-25	1.0
4961	1.4763174396202196e-67	1.0
4962	3.1536877345724165e-27	1.0
4963	0.4907032400589102	0.5092967599410899
4964	0.0	1.0
4965	7.00512633638423e-139	1.0
4966	9.397676857120682e-119	1.0
4967	1.0045563261663897e-142	1.0
4968	8.215206377902085e-122	1.0
4969	4.4001346426963925e-212	1.0
4970	0.0	1.0
4971	7.77726078600366e-122	1.0
4972	3.3629640836894263e-131	1.0
4973	2.50029684750232e-187	1.0
4974	6.87682756064807e-75	1.0
4975	2.6172644568673063e-28	1.0
4976	3.739233283005014e-06	0.999996260766717
4977	2.953965961202288e-85	1.0
4978	1.4455780633458318e-188	1.0
4979	4.75428287199534e-141	1.0
4981	0.0	1.0
4982	6.819930323354352e-76	1.0
4983	9.816833759193914e-24	1.0
4984	4.1316046491415156e-142	1.0
4985	2.1338543812000338e-122	1.0
4986	0.0	1.0
4987	0.0	1.0
4988	2.1230050981379647e-195	1.0
4989	4.1338722455698635e-96	1.0
4990	0.0	1.0
4991	1.1295545485421211e-40	1.0
4992	2.6667841145263693e-73	1.0
4993	2.3664568874089968e-95	1.0
4994	4.007136492151132e-75	1.0
4995	1.0084852755e-313	1.0
4996	0.0	1.0
4997	0.0	1.0
4998	6.919192278703805e-43	1.0
4999	1.4990176025835146e-138	1.0
5000	0.0	1.0
5001	2.7743756383975434e-75	1.0
5002	1.0085191770288558e-42	1.0
5003	5.4411658739149814e-18	1.0
5004	5.629827981794168e-29	1.0
5005	0.0	1.0
5006	0.0	1.0
5007	0.0	1.0
5008	4.27396303215414e-94	1.0
5009	5.2770193973081885e-44	1.0
5011	3.851423821676461e-91	1.0
5012	2.1541112211479377e-65	1.0
5013	1.725538684886235e-44	1.0
5014	1.5187461915667094e-43	1.0
5015	2.32531662008549e-140	1.0
5016	2.8748732121993244e-67	1.0
5017	5.14787838253346e-34	1.0
5018	2.579940754222967e-97	1.0
5019	1.498009323795204e-33	1.0
5020	7.939435443550138e-179	1.0
5021	9.00359346953989e-94	1.0
5022	3.5482142654799072e-15	0.9999999999999964
5023	0.0	1.0
5024	5.641473475935609e-26	1.0
5025	3.13267e-319	1.0
5026	1.0712641158158853e-34	1.0
5027	0.0	1.0
5028	6.589905383248799e-31	1.0
5029	1.8335044590593934e-35	1.0
5030	4.0820458806982026e-150	1.0
5031	4.1249106633391913e-47	1.0
5032	0.0	1.0
5033	2.2124156066913485e-165	1.0
5034	1.7482087300662268e-116	1.0
5035	4.434829035872844e-93	1.0
5036	0.0034763587991551146	0.9965236412008449
5037	9.058906586283764e-44	1.0
5038	1.4689876676879696e-112	1.0
5039	5.697208815504511e-184	1.0
5041	1.2914520546554547e-73	1.0
5042	5.166194245973894e-34	1.0
5043	1.2268832474256911e-72	1.0
5044	8.775555990455411e-96	1.0
5045	0.0	1.0
5046	4.125777153798706e-231	1.0
5047	1.4869944193368998e-146	1.0
5048	6.252924549430719e-179	1.0
5049	2.35303911e-315	1.0
5050	1.274513748537195e-112	1.0
5051	4.2142817261149103e-63	1.0
5052	2.7757983386294395e-119	1.0
5053	2.9703140739725085e-185	1.0
5054	2.7384482335112753e-220	1.0
5055	1.676526297192909e-09	0.9999999983234737
5056	3.86145639157802e-146	1.0
5057	3.0754284176337183e-10	0.9999999996924571
5058	1.8030350213081876e-110	1.0
5059	5.810875030311456e-53	1.0
5060	5.810875030311456e-53	1.0
5061	1.2980278477962881e-50	1.0
5062	1.409029479619763e-42	1.0
5063	1.0082619675113676e-92	1.0
5064	0.0	1.0
5065	1.3675971776894505e-70	1.0
5066	2.3079239978464128e-188	1.0
5067	0.0	1.0
5068	9.372204085480842e-64	1.0
5069	6.3489197900200404e-304	1.0
5071	2.915440208347121e-51	1.0
5072	3.6708637531966846e-127	1.0
5073	5.842188333569489e-195	1.0
5074	5.088880645435204e-35	1.0
5075	1.1252622780044438e-35	1.0
5076	1.6217508786349507e-172	1.0
5077	7.533861811884706e-118	1.0
5078	0.9030492427841659	0.09695075721583413
5079	2.713639e-317	1.0
5080	0.0	1.0
5081	5.969774175055966e-44	1.0
5082	1.3404208296841182e-58	1.0
5083	1.9233320125495232e-110	1.0
5084	1.0795085674048964e-92	1.0
5085	0.0	1.0
5086	4.9705329229745445e-42	1.0
5087	6.662541721134466e-128	1.0
5088	1.3736017193313573e-55	1.0
5089	0.017544218447609086	0.9824557815523909
5090	2.4799007643687456e-39	1.0
5091	2.156309782857381e-53	1.0
5092	0.0	1.0
5093	0.0	1.0
5094	1.1027825059919883e-88	1.0
5095	1.5034140995707482e-151	1.0
5096	0.0	1.0
5097	1.7275234901970174e-33	1.0
5098	4.9742605881233705e-251	1.0
5099	4.783987426621267e-63	1.0
5101	3.86145639157802e-146	1.0
5102	6.5400763385654844e-158	1.0
5103	4.335110800867064e-155	1.0
5104	0.0	1.0
5105	0.0	1.0
5106	0.0	1.0
5107	7.972012943229033e-44	1.0
5108	2.281509926188103e-45	1.0
5109	2.5892625648016797e-53	1.0
5110	0.0	1.0
5111	0.0	1.0
5112	5.323759137047824e-36	1.0
5113	4.538350688762367e-167	1.0
5114	0.0	1.0
5115	1.1388879241720675e-41	1.0
5116	6.362825890936584e-45	1.0
5117	2.2660113485846533e-54	1.0
5118	0.48785180215865476	0.5121481978413452
5119	7.708369483015409e-200	1.0
5120	4.439339328940455e-36	1.0
5121	5.91157144293606e-174	1.0
5122	0.0199848924976769	0.9800151075023232
5123	1.7271809432817255e-21	1.0
5124	5.908114239290136e-33	1.0
5125	1.1527605279698684e-38	1.0
5126	4.6949728255811e-231	1.0
5127	6.3380145707551006e-15	0.9999999999999936
5128	6.296326849808364e-210	1.0
5129	1.135518957970665e-14	0.9999999999999887
5131	1.8728930710998217e-76	1.0
5132	3.841595194072406e-61	1.0
5133	5.134834702228472e-43	1.0
5134	1.1646613515608686e-84	1.0
5135	0.0	1.0
5136	1.0786253748591666e-26	1.0
5137	1.2677561273492523e-61	1.0
5138	2.206155623558245e-32	1.0
5139	8.833607960238066e-17	1.0
5140	1.226339181758475e-37	1.0
5141	2.6489996746656686e-34	1.0
5142	4.220747574048505e-30	1.0
5143	7.333293256501236e-37	1.0
5144	7.193675764220997e-56	1.0
5145	1.0786253748591666e-26	1.0
5146	9.471703807893764e-154	1.0
5147	1.4799489905580824e-213	1.0
5148	3.510501429925912e-161	1.0
5149	6.510314932190384e-08	0.9999999348968507
5150	4.047784966243426e-62	1.0
5151	0.0	1.0
5152	8.605274151366163e-200	1.0
5153	1.402820672911778e-81	1.0
5154	1.9331069943301717e-258	1.0
5155	3.3337535629007013e-158	1.0
5156	2.2401179390375254e-38	1.0
5157	5.011767511863153e-37	1.0
5158	1.4833467280746845e-88	1.0
5159	1.4844605870123167e-259	1.0
5161	2.198462536961829e-42	1.0
5162	1.5362564263001764e-62	1.0
5163	3.5670061486661237e-59	1.0
5164	7.944408662456897e-79	1.0
5165	4.953662669610914e-237	1.0
5166	3.6393266839362246e-210	1.0
5167	1.364228221633818e-44	1.0
5168	1.04121223830028e-06	0.9999989587877617
5169	5.761138540423729e-16	0.9999999999999993
5170	2.8710909185753967e-19	1.0
5171	2.744873373117626e-100	1.0
5172	0.9743061485688583	0.02569385143114174
5173	1.0	1.877549542282669e-92
5174	1.0	3.42191986406797e-150
5175	1.0	1.258638650688152e-99
5176	1.0	2.083963971801137e-63
5177	1.0	1.5505376808546798e-261
5178	1.0	0.0
5179	1.0	1.5044540313616127e-25
5180	1.0	4.934563834957125e-298
5181	1.0	0.0
5182	1.0	0.0
5183	1.0	2.2948329660272344e-103
5184	1.0	1.438425537930023e-38
5185	1.0	6.670518462867655e-99
5186	1.0	3.4188642935645724e-208
5187	1.0	8.515924504907205e-187
5188	1.0	0.0
5189	1.0	0.0
5191	1.0	4.844171562850938e-215
5192	1.0	0.0
5193	1.0	9.66994516058688e-195
5194	1.0	0.0
5195	1.0	2.6603678605406272e-92
5196	1.0	0.0
5197	1.0	0.0
5198	1.0	5.929762296137329e-112
5199	1.0	0.0
5200	1.0	3.7201399102966316e-98
5201	1.0	2.5404332549968063e-40
5202	1.0	1.886832306822363e-145
5203	1.0	0.0
5204	0.879878600894471	0.12012139910552902
5205	1.0	2.2120476028522844e-245
5206	1.0	6.776188907203543e-26
5207	1.0	2.923222135603395e-40
5208	1.0	1.2433321842373386e-214
5209	1.0	2.4527696815487198e-251
5210	1.0	7.308775230764908e-31
5211	0.9999999879818217	1.2018178405876342e-08
5212	1.0	1.6869800077842992e-125
5213	1.0	0.0
5214	1.0	1.1555724925624877e-133
5215	1.0	1.5949142266736375e-158
5216	1.0	0.0
5217	1.0	9.192569193022136e-206
5218	1.0	0.0
5219	1.0	2.063347225944169e-131
5221	1.0	1.6366749097903674e-36
5222	1.0	5.2281933969329726e-135
5223	1.0	9.12052509815231e-115
5224	1.0	1.6506546149368475e-181
5225	1.0	5.306400163562262e-106
5226	1.0	1.1970126838103997e-19
5227	1.0	7.949147041082643e-198
5228	1.0	8.10103467886539e-77
5229	1.0	2.689474291660626e-170
5230	1.0	1.3912773821242475e-151
5231	1.0	1.30216565420315e-86
5232	1.0	4.605671358767223e-206
5233	1.0	1.8877832623405408e-228
5234	1.0	2.561117187328135e-69
5235	1.0	1.983159672202997e-27
5236	1.0	6.902930575606365e-24
5237	1.0	4.9720460227824385e-220
5238	1.0	9.731459903371074e-122
5239	1.0	2.3998968011509357e-168
5240	1.0	1.2169709542467032e-22
5241	1.0	6.25426888643584e-263
5242	1.0	1.2247743660229903e-299
5243	1.0	0.0
5244	1.0	5.200310944226749e-74
5245	1.0	2.4190921514446937e-97
5246	1.0	9.217997452033236e-123
5247	1.0	2.8251181138091365e-106
5248	1.0	1.7310725823025014e-188
5249	1.0	2.8829625710242755e-232
5251	1.0	4.008501438200961e-178
5252	1.0	0.0
5253	1.0	8.137319241662046e-209
5254	1.0	2.8350724875176663e-30
5255	1.0	0.0
5256	1.0	3.910380335909351e-267
5257	1.0	0.0
5258	1.0	8.542777874035746e-96
5259	1.0	0.0
5260	1.0	5.2741308367783424e-70
5261	1.0	7.618254677749128e-199
5262	1.0	1.4584581863472294e-30
5263	1.0	3.804400753610342e-18
5264	1.0	3.250011753301016e-195
5265	1.0	2.324290473275987e-143
5266	1.0	1.5851354291030125e-146
5267	1.0	0.0
5268	1.0	3.1448283193684836e-54
5269	0.6224161729742722	0.37758382702572774
5270	0.9999999485749531	5.142504689580019e-08
5271	0.9999999999999998	1.3041020050019873e-16
5272	0.9999999999930465	6.953447763113344e-12
5273	1.0	1.449205943698163e-23
5274	1.0	9.224540743259608e-209
5275	1.0	4.224940809911949e-204
5276	0.9999999988039501	1.1960499650744816e-09
5277	0.9999999982199266	1.7800735173641143e-09
5278	0.9999999986922032	1.307796774410394e-09
5279	0.9999997728901721	2.2710982804315443e-07
5281	0.9999658319635166	3.416803648338024e-05
5282	1.0	4.665942137657927e-58
5283	0.9999999999999984	1.6024476866382685e-15
5284	1.0	1.2746230480059036e-262
5285	1.0	4.589023659158455e-88
5286	1.0	0.0
5287	1.0	6.973351112942027e-42
5288	1.0	6.827910076495555e-110
5289	1.0	2.1659824408372814e-31
5290	1.0	7.661259039308058e-116
5291	0.9999999879192	1.208080004430371e-08
5292	1.0	8.670882040037466e-81
5293	0.9999999999999998	2.4931462696267514e-16
5294	0.9999999999979712	2.0288837956014484e-12
5295	0.39067445994260946	0.6093255400573905
5296	0.9999999995620967	4.379032289224948e-10
5297	1.0	1.6049687453643585e-60
5298	0.9993012379257924	0.0006987620742075961
5299	1.0	1.346034130686578e-62
5300	0.9979428158485469	0.002057184151453026
5301	1.0	7.1698365720248735e-121
5302	1.0	8.242800600530565e-67
5303	0.9569227838666905	0.04307721613330955
5304	1.0	9.36482178772121e-84
5305	1.0	1.1393588762607662e-19
5306	1.0	4.184626411607197e-56
5307	1.0	3.665699311768729e-69
5308	0.999999999999998	1.949864782759726e-15
5309	1.0	2.9886037737333138e-18
5311	1.0	6.2419384678483165e-22
5312	1.0	2.1404771016062948e-72
5313	0.019541598085889577	0.9804584019141105
5314	0.9999809480431802	1.9051956819832235e-05
5315	1.0	5.425158672839834e-69
5316	1.0	6.395365287788476e-65
5317	1.0	6.987460146502985e-50
5318	1.0	0.0
5319	1.0	9.516251453734951e-30
5320	0.9999999999943641	5.635945226013814e-12
5321	1.0	8.665886592166125e-60
5322	1.0	0.0
5323	1.0	0.0
5324	1.0	0.0
5325	1.0	0.0
5326	1.0	1.2721253195610495e-136
5327	1.0	3.0948286803102588e-55
5328	0.9952646916794743	0.00473530832052567
5329	0.9847216453551166	0.015278354644883408
5330	1.0	1.6826196535296736e-69
5331	1.0	2.329061561425443e-114
5332	1.0	1.5752301358956724e-50
5333	1.0	5.013294874881353e-21
5334	1.0	5.015394444213814e-21
5335	1.0	2.9156132503999926e-46
5336	1.0	1.186487471207099e-74
5337	1.0	2.256420456734388e-27
5338	1.0	0.0
5339	1.0	6.1469257543667205e-52
5341	1.0	0.0
5342	1.0	1.0357647726251293e-68
5343	1.0	6.381765383397774e-94
5344	1.0	1.8271657074103663e-294
5345	1.0	1.266699906638928e-152
5346	1.0	0.0
5347	1.0	0.0
5348	1.0	0.0
5349	1.0	0.0
5350	1.0	1.279485018345333e-134
5351	1.0	2.0064113801560485e-162
5352	1.0	1.355020681783278e-70
5353	1.0	1.0284293551782027e-72
5354	1.0	0.0
5355	1.0	1.4536001097273887e-101
5356	1.0	3.6913013567763415e-139
5357	1.0	3.523584348809888e-308
5358	1.0	0.0
5359	1.0	5.409704251130992e-32
5360	1.0	1.4836969591427148e-44
5361	1.0	7.062385592664208e-42
5362	1.0	1.5459407912014886e-43
5363	1.0	3.401096868826298e-39
5364	1.0	2.8361886248709203e-266
5365	1.0	1.6017485393766855e-24
5366	1.0	1.602927207107648e-51
5367	0.0032305998497229203	0.996769400150277
5368	1.0	1.4221605443215257e-35
5369	1.0	3.905306317752971e-124
5371	1.0	0.0
5372	1.0	0.0
5373	1.0	1.0486791436660619e-271
5374	1.0	1.4234120646847411e-30
5375	1.0	6.578013503184502e-178
5376	1.0	0.0
5377	1.0	1.613730889673697e-113
5378	1.0	1.9829886671556493e-175
5379	1.0	3.011372863567069e-197
5380	1.0	1.6284367971049444e-28
5381	1.0	1.4804803716520615e-144
5382	1.0	1.1895847626711726e-57
5383	1.0	3.832435377061987e-168
5384	1.0	1.7394564229583692e-26
5385	1.0	1.5742226895343118e-95
5386	1.0	1.7691280721854302e-240
5387	1.0	7.342340571586646e-56
5388	1.0	1.2191219866094008e-83
5389	1.0	3.2099383619877316e-232
5390	1.0	1.2861647574361057e-217
5391	1.0	2.9521941038081047e-106
5392	1.0	7.49032027680072e-238
5393	1.0	1.1146074682934445e-231
5394	1.0	4.7528778956610426e-74
5395	1.0	0.0
5396	1.0	0.0
5397	1.0	3.1777548450124764e-104
5398	1.0	0.0
5399	1.0	3.6696745073743815e-67
5401	1.0	8.54761245698525e-198
5402	1.0	0.0
5403	1.0	7.587469037003046e-155
5404	1.0	1.6482065925610762e-71
5405	1.0	3.495867379846827e-85
5406	1.0	4.524580579304798e-93
5407	1.0	0.0
5408	1.0	1.3202505053114487e-121
5409	1.0	2.3603682759234196e-95
5410	1.0	8.144594135964607e-266
5411	1.0	1.6653961845138108e-73
5412	1.0	0.0
5413	1.0	9.45827543464047e-61
5414	1.0	7.178251914763237e-84
5415	1.0	1.261550553502916e-39
5416	1.0	0.0
5417	1.0	0.0
5418	1.0	7.345945921549647e-167
5419	1.0	4.583878452690598e-137
5420	1.0	0.0
5421	1.0	6.866047229460216e-148
5422	1.0	0.0
5423	1.0	9.556631932e-314
5424	1.0	4.0103431896675405e-156
5425	1.0	2.5885109489041478e-132
5426	1.0	6.782919391801336e-44
5427	1.0	0.0
5428	1.0	1.1469306287110776e-162
5429	0.999998072170939	1.9278290610543247e-06
5431	1.0	3.2415837995757886e-79
5432	1.0	4.283112219348483e-213
5433	1.0	2.1084391974230483e-146
5434	1.0	1.0442237823162278e-115
5435	1.0	4.335173e-317
5436	0.9999999999991063	8.937724040388085e-13
5437	1.0	2.090984823468178e-307
5438	1.0	1.2517479148725504e-114
5439	1.0	8.242032864692478e-122
5440	1.0	6.726630501681287e-32
5441	1.0	5.339902730346058e-124
5442	1.0	3.345959501640591e-216
5443	1.0	5.180018743924978e-30
5444	1.0	5.303762545937389e-274
5445	1.0	0.0
5446	1.0	2.7995859207889415e-21
5447	1.0	0.0
5448	1.0	0.0
5449	1.0	2.78649296700984e-41
5450	1.0	1.449661368338255e-147
5451	1.0	6.096775093220213e-32
5452	1.0	4.8196255994931045e-110
5453	1.0	0.0
5454	1.0	8.478981605092235e-57
5455	1.0	0.0
5456	1.0	1.1545438724294844e-239
5457	1.0	0.0
5458	1.0	6.958220062383425e-108
5459	1.0	0.0
5461	1.0	0.0
5462	1.0	2.035182853852202e-82
5463	1.0	0.0
5464	1.0	5.745490937841505e-137
5465	1.0	8.898589554618311e-164
5466	0.9999999999999336	6.6425040391131e-14
5467	1.0	2.5797730500908694e-259
5468	1.0	8.726154055446819e-185
5469	1.0	8.726154055446819e-185
5470	1.0	1.6987887974165504e-125
5471	1.0	1.1206187351565496e-297
5472	1.0	4.23952575566152e-293
5473	1.0	1.8009695714214908e-90
5474	1.0	7.255746102877274e-198
5475	1.0	2.4729038588709294e-185
5476	1.0	4.6152549885945536e-52
5477	1.0	2.4839600480228326e-192
5478	1.0	0.0
5479	1.0	0.0
5480	1.0	0.0
5481	1.0	2.786583132446572e-283
5482	1.0	7.713516047186964e-17
5483	1.0	1.162517893616776e-32
5484	1.0	2.6576369146831866e-172
5485	1.0	6.050472073514916e-48
5486	1.0	3.725010905655026e-265
5487	1.0	4.301613881052612e-173
5488	1.0	4.773461256580578e-19
5489	1.0	1.8921647623764228e-268
5491	1.0	6.861933814805425e-75
5492	1.0	0.0
5493	1.0	5.458072995788191e-37
5494	1.0	2.442973186038851e-56
5495	1.0	3.4878474025321273e-47
5496	1.0	1.197651017657971e-20
5497	1.0	1.6360597627426355e-81
5498	1.0	0.0
5499	1.0	8.751071110657929e-272
5500	1.0	5.87622100488788e-92
5501	1.0	6.650690775222189e-140
5502	1.0	4.086249354352793e-126
5503	1.0	1.4429435711245213e-90
5504	1.0	1.2249928909305976e-40
5505	1.0	8.802700220529068e-219
5506	1.0	2.3330396140233437e-62
5507	1.0	1.460442107341874e-40
5508	1.0	0.0
5509	1.0	3.272878348396829e-52
5510	1.0	2.3199564164611832e-207
5511	1.0	2.659609602637816e-96
5512	1.0	0.0
5513	1.0	9.318776313247077e-259
5514	1.0	5.621948465451326e-147
5515	1.0	6.741568379576973e-38
5516	1.0	0.0
5517	1.0	4.0265358495093186e-194
5518	1.0	6.030230282748949e-46
5519	1.0	0.0
5521	1.0	2.189918803493998e-99
5522	1.0	7.500039171646245e-205
5523	1.0	0.0
5524	1.0	4.624622437399921e-142
5525	1.0	1.6621351782124634e-37
5526	1.0	8.022727485687515e-271
5527	1.0	0.0
5528	1.0	0.0
5529	1.0	0.0
5530	1.0	0.0
5531	1.0	9.133418774421998e-92
5532	1.0	1.2514324793370816e-219
5533	1.0	1.2875398210550954e-118
5534	1.0	3.646452527001906e-285
5535	1.0	1.0103360344692619e-38
5536	1.0	2.5488978136065906e-38
5537	1.0	3.148817156344101e-171
5538	1.0	6.387699217467788e-25
5539	1.0	0.0
5540	1.0	0.0
5541	1.0	2.930063117054733e-250
5542	1.0	3.4913959214229954e-79
5543	1.0	2.360022600084929e-180
5544	1.0	0.0
5545	1.0	2.867461583297947e-159
5546	1.0	0.0
5547	1.0	0.0
5548	1.0	1.6131201773306432e-209
5549	1.0	3.418203835885982e-33
5551	1.0	7.764987026892794e-73
5552	1.0	4.702540734680942e-77
5553	1.0	5.854372961458706e-185
5554	1.0	8.70012909912398e-42
5555	1.0	7.638411046310354e-37
5556	1.0	0.0
5557	1.0	3.748913074491218e-180
5558	1.0	7.830447648220488e-37
5559	1.0	3.0358833057218285e-48
5560	1.0	3.2231160941218143e-177
5561	1.0	0.0
5562	1.0	6.06725420354711e-268
5563	1.0	0.0
5564	1.0	0.0
5565	1.0	0.0
5566	1.0	0.0
5567	1.0	7.553140141932673e-267
5568	1.0	0.0
5569	1.0	0.0
5570	1.0	0.0
5571	1.0	3.5687031405589838e-130
5572	1.0	0.0
5573	1.0	5.650476252687942e-141
5574	0.9999999999999434	5.658446724269795e-14
5575	1.0	5.4144202697892106e-179
5576	1.0	6.346645056671838e-56
5577	1.0	3.4602096550339486e-69
5578	1.0	5.632314675477982e-308
5579	1.0	0.0
5581	1.0	0.0
5582	1.0	0.0
5583	1.0	1.9357580459817615e-55
5584	1.0	4.570371467753785e-252
5585	1.0	1.7032471773965697e-163
5586	1.0	3.5550200154627554e-233
5587	1.0	9.030173378067953e-151
5588	1.0	0.0
5589	1.0	0.0
5590	1.0	2.8423324294123333e-153
5591	1.0	4.8454053661573295e-98
5592	1.0	0.0
5593	1.0	0.0
5594	1.0	0.0
5595	1.0	5.655654016989714e-173
5596	1.0	6.23244213749489e-124
5597	1.0	2.203094525825616e-68
5598	1.0	1.7845361627649156e-160
5599	1.0	6.571273537936971e-35
5600	1.0	1.2771581386949089e-61
5601	1.0	0.0
5602	1.0	3.5368063392443144e-237
5603	1.0	2.007627124248558e-148
5604	1.0	1.9128617011560847e-51
5605	1.0	0.0
5606	1.0	8.68078936572926e-104
5607	1.0	3.5216360924529836e-28
5608	1.0	1.5638139062148447e-38
5609	1.0	9.352658090675507e-23
5611	1.0	8.042422737833291e-43
5612	1.0	2.7094549333120123e-306
5613	1.0	1.1760759210332011e-168
5614	1.0	0.0
5615	1.0	8.61627676270764e-251
5616	1.0	3.22966610164515e-272
5617	1.0	0.0
5618	1.0	0.0
5619	1.0	0.0
5620	1.0	2.496637450349567e-56
5621	1.0	5.050818688409041e-282
5622	1.0	2.0932066e-316
5623	1.0	3.4592339306561793e-217
5624	1.0	2.196299445678536e-108
5625	1.0	0.0
5626	1.0	0.0
5627	1.0	2.054102050612715e-221
5628	1.0	1.983820374352812e-33
5629	1.0	0.0
5630	1.0	2.4183793385994196e-57
5631	1.0	0.0
5632	1.0	1.8244822539901482e-268
5633	1.0	1.2209712355495398e-128
5634	1.0	2.0797206729451036e-88
5635	1.0	9.562283481205344e-85
5636	1.0	1.8949865620415182e-24
5637	1.0	4.2912300351766055e-46
5638	1.0	2.7502989982221956e-38
5639	1.0	1.5376442507434875e-19
5641	1.0	1.0619841458792627e-51
5642	1.0	4.52194691527354e-204
5643	1.0	1.0131614791432878e-86
5644	1.0	5.131991940205949e-107
5645	1.0	6.749801622514683e-79
5646	1.0	1.3674000333940595e-117
5647	1.0	4.61520746e-315
5648	1.0	2.4062350731501013e-211
5649	1.0	3.9389607036069747e-246
5650	1.0	6.691750924394296e-246
5651	1.0	1.3262530867141145e-291
5652	1.0	0.0
5653	1.0	0.0
5654	1.0	0.0
5655	1.0	0.0
5656	1.0	1.695280770376027e-85
5657	1.0	4.328526494077206e-43
5658	0.9999999999997005	2.9952478390836977e-13
5659	1.0	3.586468521759939e-37
5660	1.0	2.3974476686725955e-76
5661	1.0	1.6308268313279316e-132
5662	1.0	0.0
5663	1.0	0.0
5664	1.0	0.0
5665	1.0	0.0
5666	1.0	1.7102758321335344e-159
5667	1.0	0.0
5668	1.0	4.071266697923289e-79
5669	1.0	1.4915100263860729e-149
5671	1.0	5.996730271571546e-232
5672	1.0	0.0
5673	1.0	3.481268462441229e-234
5674	1.0	1.8042973032358297e-24
5675	1.0	0.0
5676	1.0	2.5131590647664953e-47
5677	1.0	0.0
5678	1.0	0.0
5679	1.0	0.0
5680	1.0	0.0
5681	1.0	1.5459302360783674e-85
5682	1.0	4.20039879922416e-34
5683	1.0	6.486235095444184e-155
5684	1.0	2.423817129149535e-106
5685	1.0	1.0429574283442783e-218
5686	1.0	2.093625224210108e-49
5687	1.0	4.606681283900354e-48
5688	1.0	1.3432769692629248e-45
5689	1.0	4.2497149389176657e-44
5690	1.0	1.0273073528958612e-193
5691	1.0	0.0
5692	1.0	0.0
5693	1.0	0.0
5694	1.0	0.0
5695	0.9999999999999998	2.1812256225571992e-16
5696	1.0	3.747089173184595e-70
5697	1.0	2.2803374060519995e-103
5698	1.0	2.5543913809468334e-102
5699	1.0	2.404716e-318
5701	1.0	8.514971134735397e-27
5702	1.0	0.0
5703	1.0	0.0
5704	1.0	4.839668353910487e-19
5705	1.0	1.7789649860614125e-195
5706	1.0	0.0
5707	1.0	0.0
5708	1.0	3.713760190171508e-67
5709	1.0	2.8601235125426163e-80
5710	1.0	3.5475111342319094e-262
5711	1.0	3.884655440925329e-83
5712	1.0	7.241530230821749e-147
5713	1.0	1.3225208831563883e-97
5714	1.0	2.0004389507674923e-173
5715	1.0	0.0
5716	1.0	3.441535754402513e-289
5717	1.0	6.316868190138601e-97
5718	1.0	5.499969074818786e-105
5719	1.0	2.266669440537873e-84
5720	1.0	3.9108114632552297e-85
5721	1.0	4.926110188411358e-139
5722	1.0	0.0
5723	1.0	0.0
5724	1.0	2.5e-322
5725	1.0	1.4787170501883313e-268
5726	1.0	1.238395722032994e-104
5727	1.0	1.3463880699014774e-26
5728	1.0	1.8185176714355383e-94
5729	1.0	2.034406688681877e-259
5731	1.0	3.064490376091449e-212
5732	1.0	2.861098172444169e-155
5733	1.0	1.6453401066909612e-108
5734	1.0	1.1073893473843314e-88
5735	0.9998850025450811	0.00011499745491899673
5736	1.0	0.0
5737	1.0	4.2631972773790994e-181
5738	1.0	4.741973471344445e-119
5739	1.0	1.3043840415822706e-86
5740	1.0	4.2533061186864884e-265
5741	1.0	2.872746246801694e-89
5742	1.0	1.0477123633467409e-277
5743	1.0	3.496828033768855e-104
5744	1.0	0.0
5745	1.0	0.0
5746	1.0	9.656464883955884e-281
5747	1.0	6.634781898793798e-60
5748	1.0	0.0
5749	1.0	4.07643682386106e-45
5750	1.0	3.3911048634249945e-153
5751	1.0	1.7512108486159861e-99
5752	1.0	0.0
5753	1.0	7.530565403250607e-93
5754	1.0	1.3292840774966223e-243
5755	1.0	0.0
5756	1.0	0.0
5757	1.0	4.427648733579678e-236
5758	1.0	1.2318918316039202e-135
5759	1.0	4.284054682768179e-166
5761	1.0	3.0157988342998296e-27
5762	1.0	6.606330162275267e-62
5763	1.0	0.0
5764	1.0	0.0
5765	1.0	2.2966575015572082e-297
5766	1.0	7.050330839910091e-111
5767	1.0	0.0
5768	1.0	9.377009453325454e-168
5769	1.0	2.7088549263361795e-268
5770	1.0	5.251480406748554e-92
5771	1.0	3.483856124256355e-77
5772	1.0	0.0
5773	1.0	2.437576413377281e-128
5774	1.0	2.8273312249747752e-36
5775	1.0	1.745653749531777e-56
5776	1.0	1.1808172301714665e-18
5777	1.0	0.0
5778	1.0	0.0
5779	1.0	1.708615606983928e-220
5780	1.0	0.0
5781	1.0	1.241245277765249e-26
5782	1.0	5.2847565989329604e-151
5783	1.0	6.714733322978979e-73
5784	1.0	1.8631804998395073e-80
5785	0.9999999999999944	5.5597361901883096e-15
5786	1.0	8.734226757819397e-309
5787	1.0	9.903977037723915e-240
5788	1.0	1.1113808824813428e-273
5789	1.0	8.635188605519098e-51
5791	1.0	1.1049388753322659e-237
5792	1.0	1.855218835835715e-104
5793	1.0	1.8329606569454033e-291
5794	1.0	3.8526744795361636e-96
5795	1.0	6.118004621409658e-194
5796	1.0	4.473378818585529e-186
5797	1.0	1.522274929688111e-183
5798	1.0	8.455311096466869e-213
5799	1.0	0.0
5800	1.0	5.8635803121558e-271
5801	1.0	3.0723834239768956e-149
5802	1.0	6.045313845748834e-252
5803	1.0	2.2143723523471098e-44
5804	1.0	1.057390891085918e-213
5805	1.0	0.0
5806	1.0	1.7934440068082098e-219
5807	1.0	3.4130223948322845e-102
5808	1.0	3.207459080792227e-149
5809	1.0	3.8299131833869425e-37
5810	1.0	4.025991679444496e-171
5811	1.0	1.2746881710151672e-215
5812	1.0	5.346500867585587e-68
5813	1.0	2.5916666973588012e-166
5814	1.0	0.0
5815	1.0	5.61948276558295e-134
5816	1.0	4.894145065483892e-153
5817	1.0	3.416819142098501e-266
5818	1.0	0.0
5819	1.0	2.0949959629772873e-36
5821	1.0	2.4273420150120124e-68
5822	1.0	6.991785120719761e-92
5823	1.0	4.1762189087855365e-283
5824	1.0	0.0
5825	1.0	5.097559159213375e-262
5826	1.0	4.51792619890874e-121
5827	1.0	4.1215425898052754e-256
5828	1.0	0.0
5829	1.0	9.687789230420707e-143
5830	1.0	0.0
5831	1.0	0.0
5832	1.0	0.0
5833	1.0	4.665946842571864e-70
5834	1.0	6.398940640880628e-197
5835	1.0	2.18666820053912e-156
5836	0.9999999999789999	2.1000057496656768e-11
5837	1.0	7.39360896456382e-198
5838	1.0	1.246471766252789e-202
5839	1.0	3.472186042039721e-286
5840	1.0	0.0
5841	1.0	2.4484814222354343e-78
5842	1.0	0.0
5843	1.0	8.680431583056522e-122
5844	1.0	3.1962722838938644e-278
5845	1.0	3.2508307714971253e-217
5846	1.0	0.0
5847	1.0	9.048661948498781e-135
5848	1.0	1.420440389492291e-298
5849	1.0	3.610480706216382e-104
5851	1.0	9.582111209388894e-87
5852	1.0	1.03335344361245e-309
5853	1.0	1.1314204806072207e-128
5854	0.40994073404058023	0.5900592659594198
5855	1.0	2.4595218037861374e-127
5856	1.0	7.044010151104825e-155
5857	1.0	4.352472125391009e-285
5858	1.0	9.47611634754349e-82
5859	1.0	5.21013050382847e-121
5860	1.0	7.221500013470136e-53
5861	1.0	1.3504687165528733e-138
5862	1.0	6.634424698323165e-111
5863	1.0	2.5094562922264445e-257
5864	1.0	1.3912863051249933e-272
5865	1.0	1.9823833113392397e-82
5866	1.0	2.0388062462902266e-283
5867	1.0	7.893105130938905e-95
5868	1.0	2.650634335610332e-254
5869	1.0	1.419175004207285e-134
5870	1.0	5.848526043957815e-268
5871	1.0	0.0
5872	1.0	1.6574924367758586e-251
5873	1.0	2.1994959256231246e-153
5874	1.0	0.0
5875	1.0	0.0
5876	1.0	0.0
5877	1.0	9.946916097147326e-65
5878	1.0	3.13897454362603e-22
5879	1.0	3.088271744021601e-172
5881	1.0	2.860164177274626e-83
5882	1.0	1.3084736889534786e-211
5883	1.0	1.6569443786096673e-160
5884	1.0	6.521973440730947e-97
5885	1.0	7.118596718617795e-236
5886	1.0	6.572673930717892e-61
5887	1.0	3.009804015918967e-189
5888	1.0	0.0
5889	1.0	4.998003814087071e-35
5890	1.0	1.687309229355708e-103
5891	1.0	0.0
5892	1.0	0.0
5893	1.0	1.9037674140326631e-240
5894	1.0	7.204680888444658e-138
5895	1.0	7.27845920772305e-222
5896	1.0	9.330060479884698e-27
5897	1.0	0.0
5898	1.0	0.0
5899	1.0	4.878858808851062e-305
5900	1.0	8.648088942827417e-96
5901	1.0	1.437932762100672e-35
5902	1.0	0.0
5903	1.0	6.823811081561652e-99
5904	1.0	0.0
5905	1.0	2.3767244352064527e-128
5906	1.0	2.3837182077951874e-69
5907	1.0	8.202863730083982e-96
5908	1.0	4.019692180807e-311
5909	1.0	3.993147640972999e-179
5911	1.0	0.0
5912	1.0	0.0
5913	1.0	0.0
5914	1.0	2.925372274337906e-160
5915	1.0	2.015946e-318
5916	1.0	9.771014798470001e-119
5917	1.0	1.281684775602095e-300
5918	1.0	8.382856463961485e-304
5919	1.0	0.0
5920	1.0	8.639763548042966e-209
5921	1.0	0.0
5922	1.0	2.106427117974457e-70
5923	1.0	0.0
5924	1.0	2.3351601913176816e-66
5925	1.0	1.0387401347370011e-82
5926	1.0	2.878466927605576e-51
5927	1.0	4.606104517359807e-19
5928	1.0	1.00196584507163e-139
5929	1.0	2.940606926201739e-57
5930	1.0	5.403976419018169e-120
5931	1.0	1.4063097200257154e-173
5932	0.9999999890256955	1.0974304452762439e-08
5933	1.0	7.572136061737865e-262
5934	1.0	0.0
5935	1.0	0.0
5936	1.0	1.3630021138087686e-158
5937	1.0	2.374128835887167e-32
5938	1.0	1.2554208328965992e-104
5939	1.0	3.8580509923792e-310
5941	1.0	4.869709752381752e-25
5942	1.0	0.0
5943	1.0	5.3851446532067295e-77
5944	1.0	0.0
5945	1.0	1.7514912682157384e-217
5946	1.0	7.315384938298246e-83
5947	1.0	1.2703607766895509e-157
5948	1.0	9.083857065121307e-74
5949	1.0	1.8574930468771458e-90
5950	1.0	0.0
5951	1.0	7.320458786412316e-231
5952	1.0	0.0
5953	1.0	6.364213997699842e-179
5954	1.0	1.3996442764324351e-103
5955	1.0	4.635622235204718e-49
5956	1.0	0.0
5957	1.0	2.605211953301542e-245
5958	1.0	4.467711511198208e-75
5959	1.0	4.533411035308971e-23
5960	1.0	2.087663505469114e-28
5961	1.0	6.123639127570475e-250
5962	1.0	1.3928917245929824e-26
5963	1.0	0.0
5964	0.9999999999999991	9.18464341364819e-16
5965	1.0	1.9186115769365801e-35
5966	1.0	0.0
5967	1.0	1.6714599508086678e-67
5968	1.0	1.4923136338103136e-127
5969	1.0	0.0
5971	1.0	1.323982245332553e-152
5972	1.0	6.991328279725932e-142
5973	1.0	7.436673496229704e-36
5974	1.0	3.967e-321
5975	1.0	3.34475827e-316
5976	0.9999999849334311	1.5066568922652118e-08
5977	1.0	2.482206413899394e-22
5978	0.9999999734297653	2.6570234642848102e-08
5979	1.0	1.0966940089131882e-39
5980	1.0	7.981556040581246e-47
5981	0.9966459406731101	0.0033540593268899565
5982	1.0	7.492785478927873e-68
5983	1.0	2.126356356295445e-155
5984	1.0	1.3686127804997446e-49
5985	1.0	6.685093701899477e-60
5986	1.0	1.685930784414255e-44
5987	1.0	5.125024898857025e-25
5988	0.9999999999999978	2.2665507203624934e-15
5989	1.0	9.744208957353405e-89
5990	1.0	8.513013918658013e-45
5991	1.0	3.735231049017161e-254
5992	1.0	0.0
5993	1.0	3.5436831622130696e-24
5994	1.0	1.0621327947665258e-261
5995	1.0	2.1454168722152337e-168
5996	1.0	9.103207624594273e-29
5997	1.0	0.0
5998	1.0	2.1938593885934282e-271
5999	1.0	0.0
6001	1.0	0.0
6002	0.9999999993577955	6.422044183061459e-10
6003	1.0	3.899022954344972e-272
6004	1.0	0.0
6005	1.0	4.05650014703212e-52
6006	1.0	4.581023604520757e-186
6007	1.0	5.073117000130336e-102
6008	1.0	7.28589071350865e-57
6009	1.0	1.012141071550873e-299
6010	1.0	1.879659447190233e-257
6011	1.0	2.476924006616008e-66
6012	1.0	8.008168579921471e-112
6013	0.999999999951696	4.830400861542177e-11
6014	1.0	4.907348977769203e-198
6015	1.0	1.2944470314762714e-76
6016	1.0	1.4432788779387282e-120
6017	1.0	1.0569189118881017e-291
6018	1.0	9.527234166395253e-142
6019	1.0	0.0
6020	1.0	3.965833599605731e-254
6021	1.0	4.342687753372694e-182
6022	1.0	2.3248418290696657e-134
6023	1.0	2.0426110011490022e-251
6024	1.0	1.2371557314587658e-102
6025	1.0	3.3253841776006466e-132
6026	1.0	2.1161982453871174e-228
6027	1.0	0.0
6028	1.0	3.3677247455623954e-138
6029	1.0	3.1795297512956803e-156
6031	1.0	1.1524515728650639e-90
6032	1.0	6.388455355751698e-91
6033	1.0	3.979531910148617e-223
6034	1.0	9.334431418105794e-195
6035	1.0	4.6339370946166207e-281
6036	1.0	0.0
6037	1.0	6.358483076869216e-81
6038	1.0	8.259029376103391e-49
6039	1.0	5.3489055523829815e-210
6040	1.0	3.0232682380476246e-98
6041	1.0	0.0
6042	1.0	4.135024087587513e-289
6043	1.0	0.0
6044	1.0	0.0
6045	1.0	1.5977992914644541e-156
6046	1.0	5.1942722413097376e-197
6047	1.0	1.1771845853371166e-117
6048	1.0	2.430551482863073e-37
6049	1.0	9.670573291673658e-154
6050	1.0	0.0
6051	1.0	3.0392325047580287e-256
6052	1.0	0.0
6053	1.0	1.9526878868940158e-185
6054	1.0	3.515726959843422e-75
6055	1.0	8.34019545865312e-125
6056	1.0	0.0
6057	1.0	3.5053277382699936e-149
6058	1.0	1.14454525546171e-309
6059	1.0	3.84117842179825e-65
6061	1.0	7.972311817333865e-196
6062	1.0	2.2672440775577404e-75
6063	1.0	3.4562730138234286e-127
6064	1.0	1.1134238038149135e-224
6065	1.0	0.0
6066	1.0	0.0
6067	1.0	9.46753426505458e-297
6068	1.0	1.8033684888875202e-273
6069	1.0	2.5835337349696813e-127
6070	1.0	2.0602330096215564e-161
6071	1.0	3.0789527050430543e-130
6072	0.9999999999226292	7.737082235939727e-11
6073	1.0	9.054733250396784e-148
6074	1.0	1.8314726698908624e-74
6075	1.0	9.2067927761099e-46
6076	1.0	5.006833734286399e-149
6077	1.0	4.722165288073e-115
6078	1.0	1.857269516340176e-105
6079	1.0	0.0
6080	1.0	4.2016063448692497e-19
6081	1.0	4.3595741924597183e-75
6082	1.0	2.642596220237525e-40
6083	1.0	0.0
6084	1.0	0.0
6085	1.0	8.732560178036001e-117
6086	1.0	9.617598281947755e-162
6087	1.0	4.378971229382271e-35
6088	0.9999999999999896	1.0358574318727137e-14
6089	1.0	1.4190862899323247e-145
6091	1.0	6.520155470409618e-182
6092	1.0	8.15696299846783e-183
6093	1.0	2.973038099337827e-75
6094	1.0	0.0
6095	1.0	5.1881865241650945e-136
6096	1.0	0.0
6097	1.0	2.7901391232886095e-164
6098	1.0	0.0
6099	1.0	1.3520514266000343e-103
6100	1.0	0.0
6101	1.0	4.8862126723274237e-101
6102	1.0	0.0
6103	1.0	1.6506510698440238e-147
6104	1.0	2.009168443083992e-23
6105	1.0	7.472826125927626e-56
6106	1.0	0.0
6107	1.0	1.3272558502806243e-233
6108	1.0	1.5735306717525067e-38
6109	1.0	1.3460415089587493e-36
6110	1.0	5.653313054446781e-96
6111	1.0	0.0
6112	1.0	0.0
6113	1.0	1.6088031557871048e-26
6114	1.0	3.2588050904040907e-26
6115	1.0	8.674051001108128e-141
6116	1.0	0.0
6117	1.0	1.3126509962859272e-166
6118	1.0	2.3568272934659692e-52
6119	1.0	5.468015965511026e-97
6121	1.0	1.0623663106e-314
6122	1.0	6.189471531484431e-176
6123	1.0	1.45501984098877e-306
6124	1.0	0.0
6125	1.0	0.0
6126	1.0	6.046126241528541e-86
6127	1.0	3.4286955894194693e-78
6128	0.9997155161812528	0.0002844838187471426
6129	1.0	1.5314856938871708e-248
6130	1.0	0.0
6131	1.0	0.0
6132	1.0	9.74581951037701e-229
6133	1.0	0.0
6134	1.0	0.0
6135	1.0	8.988912176178604e-80
6136	1.0	5.939820674700683e-132
6137	1.0	1.050402377628318e-25
6138	1.0	1.2480951669269681e-230
6139	1.0	8.86666021960014e-52
6140	1.0	0.0
6141	1.0	0.0
6142	1.0	0.0
6143	1.0	6.866073170583027e-33
6144	1.0	4.092792454539539e-220
6145	1.0	7.765275769422799e-201
6146	1.0	0.0
6147	1.0	0.0
6148	1.0	3.671530437969359e-33
6149	1.0	2.3623886169085795e-26
6151	1.0	1.2164188374903047e-103
6152	1.0	3.5821462433884455e-224
6153	1.0	0.0
6154	1.0	4.76191960267506e-142
6155	1.0	2.1173606401694018e-166
6156	1.0	0.0
6157	1.0	1.98932147793904e-140
6158	1.0	2.6575206053411998e-135
6159	0.9999999999978533	2.146717181594727e-12
6160	1.0	0.0
6161	1.0	1.2923193868110677e-39
6162	1.0	1.453130231838419e-127
6163	1.0	4.735951200082528e-205
6164	1.0	9.038351931428926e-36
6165	1.0	0.0
6166	1.0	7.646253397909897e-213
6167	1.0	1.4348730939369072e-29
6168	1.0	4.43751132351698e-236
6169	1.0	9.0216819856401e-107
6170	1.0	1.226945333958647e-137
6171	1.0	2.14345723706846e-49
6172	1.0	1.315548520792015e-274
6173	1.0	1.5158996297112627e-113
6174	1.0	0.0
6175	1.0	1.969394502193518e-139
6176	1.0	4.442173902316826e-271
6177	1.0	1.0321845202494457e-91
6178	1.0	0.0
6179	1.0	6.228631719511314e-60
6181	1.0	0.0
6182	0.999999994434279	5.56572095575486e-09
6183	1.0	5.9356287949862506e-241
6184	1.0	9.082095093193476e-290
6185	1.0	1.3964800823124678e-77
6186	1.0	0.0
6187	1.0	4.67617429074189e-44
6188	1.0	2.8526958537135364e-154
6189	1.0	4.947709335102739e-56
6190	1.0	3.997965878478691e-126
6191	1.0	1.2855875865842787e-131
6192	1.0	3.7455820242428113e-35
6193	1.0	0.0
6194	1.0	3.464372667413114e-113
6195	1.0	1.809620737178855e-141
6196	1.0	4.834432384612506e-304
6197	1.0	1.3106006189998568e-79
6198	1.0	2.818159766452652e-23
6199	1.0	3.619336193592e-311
6200	1.0	0.0
6201	1.0	8.203374820512162e-50
6202	1.0	1.4884148405960458e-139
6203	1.0	3.340473152235954e-231
6204	1.0	4.619620956124383e-65
6205	1.0	0.0
6206	1.0	5.6794366946284375e-61
6207	1.0	4.272926573946244e-153
6208	1.0	4.369049621209351e-49
6209	1.0	1.177307015720042e-99
6211	1.0	1.2906343149277835e-36
6212	1.0	2.5e-323
6213	1.0	0.0
6214	1.0	4.850128414020049e-48
6215	1.0	1.3110166682065945e-178
6216	1.0	2.594e-321
6217	1.0	3.3724969772215255e-159
6218	1.0	2.3553382159443337e-259
6219	1.0	7.000232089716787e-175
6220	1.0	5.799067030828265e-37
6221	1.0	9.885231989727311e-227
6222	1.0	0.0
6223	1.0	2.2259407101044308e-26
6224	1.0	1.2048359685610902e-135
6225	0.9999999999769644	2.3035651706605036e-11
6226	1.0	1.9345975606453785e-23
6227	1.0	3.449395934849705e-306
6228	1.0	0.0
6229	1.0	6.57038584927244e-39
6230	1.0	3.0595842829724953e-149
6231	1.0	1.7640874154299422e-47
6232	1.0	7.40307269977264e-104
6233	1.0	0.0
6234	1.0	0.0
6235	1.0	8.656406722599315e-42
6236	1.0	1.1989572613078419e-67
6237	1.0	0.0
6238	1.0	0.0
6239	1.0	0.0
6241	1.0	3.8611569823652286e-42
6242	1.0	2.2573903154821977e-87
6243	1.0	2.9452529975866123e-52
6244	1.0	3.0143832903150506e-140
6245	1.0	3.8397420925667163e-78
6246	1.0	2.3187071447519934e-72
6247	1.0	1.5205360224412888e-47
6248	1.0	0.0
6249	1.0	2.2975436850073204e-258
6250	1.0	1.6236816441517323e-133
6251	1.0	3.2525299404885465e-33
6252	1.0	1.2138167458600044e-159
6253	1.0	1.0379476316107529e-200
6254	1.0	5.2455350392761346e-291
6255	1.0	2.060535549292824e-45
6256	1.0	2.5501687776444858e-82
6257	1.0	4.55273750368097e-162
6258	1.0	8.688670421389387e-26
6259	1.0	3.9408994456346547e-72
6260	1.0	0.0
6261	1.0	2.7926728591433587e-45
6262	1.0	6.462639152488714e-61
6263	1.0	1.2421651164011778e-253
6264	1.0	0.0
6265	1.0	1.191858080018352e-295
6266	1.0	0.0
6267	1.0	5.892148614458703e-248
6268	1.0	0.0
6269	1.0	0.0
6271	1.0	0.0
6272	1.0	4.0610043969389735e-105
6273	1.0	2.01572983839399e-74
6274	1.0	0.0
6275	1.0	3.709558332103876e-186
6276	1.0	0.0
6277	1.0	0.0
6278	1.0	8.650921777768687e-296
6279	1.0	9.611782590707716e-152
6280	1.0	0.0
6281	1.0	4.150671815733402e-56
6282	1.0	0.0
6283	1.0	0.0
6284	1.0	9.183926401246948e-115
6285	1.0	1.140165e-318
6286	1.0	3.161555172485761e-71
6287	1.0	0.0
6288	1.0	1.2198370806143382e-72
6289	1.0	1.3928470686897658e-213
6290	1.0	6.718423282490466e-200
6291	0.9998825927604837	0.00011740723951623726
6292	1.0	5.233977808446234e-117
6293	1.0	2.128145323905839e-292
6294	0.9999832631727642	1.6736827235822144e-05
6295	1.0	3.53918438026035e-127
6296	1.0	3.2234291933864023e-280
6297	1.0	1.893368988800816e-170
6298	1.0	1.212490613093391e-246
6299	1.0	0.0
6301	1.0	0.0
6302	1.0	4.068029746263245e-237
6303	1.0	1.0832648867540022e-96
6304	1.0	4.038981576139326e-53
6305	1.0	6.455803428472827e-262
6306	1.0	1.4853526895382294e-37
6307	1.0	0.0
6308	1.0	2.332933755527154e-165
6309	1.0	5.212565509296792e-234
6310	1.0	5.769970787763297e-50
6311	1.0	0.0
6312	1.0	1.6529405884214873e-166
6313	1.0	1.97876185150687e-172
6314	1.0	4.9223555485111275e-116
6315	1.0	6.597994930334146e-42
6316	1.0	6.343731246545686e-146
6317	1.0	0.0
6318	1.0	2.934923689784148e-53
6319	1.0	3.0874916086770637e-214
6320	1.0	5.895782937923721e-78
6321	1.0	1.7810786314002096e-88
6322	1.0	1.563450772956599e-68
6323	1.0	1.512871032895104e-42
6324	1.0	4e-323
6325	1.0	4.482608454535013e-171
6326	0.9999999999998581	1.4181360372895235e-13
6327	1.0	8.23163349818743e-80
6328	1.0	0.0
6329	1.0	0.0
6331	1.0	7.969630050438576e-62
6332	0.9999999999999998	3.2909404759932346e-16
6333	1.0	7.579441539269991e-119
6334	1.0	1.578781364760507e-227
6335	1.0	0.0
6336	1.0	0.0
6337	1.0	6.902709702582341e-260
6338	1.0	1.1016682721347092e-50
6339	1.0	2.575404248879542e-164
6340	1.0	1.996507680339397e-65
6341	1.0	0.0
6342	1.0	6.937580449231905e-184
6343	1.0	7.875210190396637e-65
6344	1.0	6.745457059270699e-228
6345	1.0	2.3792395087740933e-123
6346	1.0	8.855361348405725e-128
6347	1.0	0.0
6348	1.0	1.0868161201995444e-229
6349	1.0	5.785360272785799e-144
6350	1.0	7.240809358786538e-245
6351	1.0	2.093068630105208e-193
6352	1.0	3.223632529607453e-63
6353	1.0	6.489871810720013e-134
6354	0.9999999976508154	2.349184698976308e-09
6355	0.9999999999995863	4.1364932839476233e-13
6356	1.0	5.352489300313672e-119
6357	1.0	4.718324967663412e-221
6358	1.0	4.2883770930545984e-30
6359	1.0	1.4275031539097547e-143
6361	1.0	0.0
6362	1.0	5.621936222109812e-307
6363	0.9999999999999871	1.2782190247901526e-14
6364	1.0	6.766920719799288e-135
6365	1.0	3.826995701911458e-59
6366	1.0	2.2181587115556696e-236
6367	1.0	9.774779483725718e-54
6368	1.0	8.823302562090744e-251
6369	1.0	1.3732027827299141e-127
6370	1.0	1.7743688040297586e-103
6371	1.0	1.4948126234171959e-28
6372	1.0	5.952322203337968e-152
6373	1.0	7.382761885111402e-200
6374	1.0	7.588228912574988e-83
6375	1.0	2.835877396293079e-98
6376	1.0	2.083009327213632e-101
6377	1.0	0.0
6378	1.0	0.0
6379	1.0	9.476994579285891e-144
6380	1.0	1.1929020111296189e-57
6381	1.0	5.486855973747467e-232
6382	1.0	0.0
6383	1.0	2.1400938625512987e-34
6384	1.0	3.8198400226598166e-204
6385	1.0	4.3904005330168095e-21
6386	1.0	0.0
6387	1.0	0.0
6388	1.0	0.0
6389	1.0	0.0
6391	1.0	1.1083111820021149e-43
6392	1.0	2.0213562073426763e-218
6393	1.0	1.1394816475029845e-100
6394	1.0	1.9383518046819666e-182
6395	1.0	5.492431151458514e-146
6396	1.0	0.0
6397	1.0	0.0
6398	1.0	6.443507393941555e-156
6399	1.0	7.564260049077513e-85
6400	1.0	6.558942343517245e-78
6401	1.0	5.853760732007277e-24
6402	0.9990925902357287	0.0009074097642712213
6403	1.0	6.319990578830181e-166
6404	1.0	0.0
6405	1.0	1.7023891004922087e-198
6406	1.0	3.812563324237162e-190
6407	1.0	4.86482484974186e-275
6408	1.0	0.0
6409	1.0	0.0
6410	1.0	0.0
6411	1.0	1.0429217328035648e-154
6412	1.0	1.1407631332180808e-144
6413	1.0	7.220349255681396e-60
6414	1.0	2.1249673734e-313
6415	1.0	3.0835445160346696e-284
6416	1.0	2.0010866580522685e-244
6417	1.0	0.0
6418	1.0	0.0
6419	1.0	2.5039649276134995e-177
6421	1.0	2.302231046013002e-42
6422	1.0	7.637291367962534e-115
6423	1.0	1.3607787923603048e-279
6424	1.0	2.0639503138131167e-103
6425	1.0	2.951662475771166e-171
6426	1.0	0.0
6427	1.0	0.0
6428	1.0	0.0
6429	1.0	4.629768165677527e-267
6430	1.0	2.1520767411826926e-146
6431	1.0	2.0746216587130018e-165
6432	1.0	6.107992490452524e-153
6433	1.0	4.132617943680431e-45
6434	1.0	0.0
6435	0.9999999998311007	1.6889940078812962e-10
6436	1.0	6.4721063612556685e-21
6437	1.0	5.084689161393554e-140
6438	1.0	7.906025342561812e-32
6439	1.0	7.74970752756529e-51
6440	1.0	0.0
6441	1.0	0.0
6442	1.0	8.614361315454629e-55
6443	1.0	0.0
6444	1.0	2.50437882720755e-18
6445	1.0	8.099679827343147e-136
6446	1.0	8.140542131288929e-19
6447	1.0	1.158260879300196e-223
6448	1.0	0.0
6449	1.0	1.3079476801158035e-61
6451	1.0	1.1531502420446603e-220
6452	1.0	9.405127019717519e-27
6453	1.0	0.0
6454	1.0	2.458547303157786e-38
6455	1.0	1.6111887592318108e-121
6456	1.0	8.365853570134623e-106
6457	0.9999999999999993	7.131602025833658e-16
6458	1.0	1.7240697794329122e-166
6459	1.0	7.879419150402831e-268
6460	1.0	2.749467965641882e-308
6461	1.0	8.424403693886691e-51
6462	1.0	3.3145557034017246e-259
6463	1.0	7.004589976365998e-100
6464	1.0	4.414165882929795e-42
6465	0.9999999998257882	1.7421183569539494e-10
6466	1.0	6.17242885103891e-65
6467	1.0	2.634311408333418e-51
6468	1.0	0.0
6469	0.999994119008467	5.880991532991119e-06
6470	1.0	1.53703506015e-311
6471	1.0	6.814972649784718e-128
6472	1.0	1.2659555327236674e-229
6473	1.0	2.0643310271942174e-141
6474	1.0	1.6920291540515372e-182
6475	1.0	2.8209699909196517e-262
6476	1.0	6.281884521657995e-121
6477	1.0	1.2096782189624437e-300
6478	1.0	1.937957656080197e-162
6479	1.0	2.5215329350476933e-55
6481	1.0	0.0
6482	1.0	1.6240677100955844e-178
6483	1.0	1.292679751759951e-47
6484	1.0	1.179590188897785e-22
6485	1.0	0.0
6486	1.0	6.6894856179307325e-21
6487	1.0	6.315580974329238e-115
6488	1.0	7.542664391149403e-57
6489	1.0	0.0
6490	1.0	8.142339215619783e-210
6491	1.0	1.2334733448436824e-53
6492	1.0	1.8586840491413795e-48
6493	1.0	5.5044157553865645e-140
6494	1.0	8.10384310909169e-183
6495	1.0	0.0
6496	1.0	1.9797825852105726e-130
6497	1.0	1.6060519250938515e-154
6498	1.0	0.0
6499	1.0	7.039214417424398e-31
6500	1.0	9.01941701877908e-148
6501	1.0	0.0
6502	1.0	0.0
6503	1.0	4.638794727253509e-42
6504	1.0	3.803696601647979e-56
6505	1.0	6.60076274740013e-173
6506	1.0	2.4807031482990418e-256
6507	1.0	0.0
6508	1.0	1.601277979370479e-19
6509	1.0	0.0
6511	1.0	6.503894710785562e-156
6512	1.0	3.4372892298516634e-204
6513	1.0	0.0
6514	1.0	1.0273702350503e-46
6515	1.0	7.648413662946067e-35
6516	0.9999999999999849	1.503638839295729e-14
6517	1.0	7.425791287313162e-58
6518	1.0	1.6629613359023892e-33
6519	1.0	0.0
6520	1.0	2.5837923018399537e-200
6521	1.0	2.0508148542526874e-269
6522	1.0	0.0
6523	0.9898982238986679	0.010101776101332158
6524	1.0	0.0
6525	1.0	0.0
6526	1.0	0.0
6527	1.0	0.0
6528	1.0	1.2364868931824096e-105
6529	1.0	1.3110415883861303e-275
6530	1.0	1.2550003960801391e-67
6531	1.0	1.0949688568876907e-92
6532	1.0	0.0
6533	1.0	5.749680979134269e-160
6534	1.0	8.576098382281637e-127
6535	1.0	3.2378843460681915e-59
6536	1.0	5.597296913144579e-89
6537	1.0	2.5200096311263314e-29
6538	1.0	3.160093695400819e-67
6539	1.0	3.4688051159178934e-40
6541	1.0	0.0
6542	1.0	1.4265980244473781e-80
6543	1.0	5.596512383343814e-38
6544	1.0	5.495239779862617e-113
6545	1.0	2.2850222753036395e-40
6546	1.0	0.0
6547	1.0	0.0
6548	1.0	2.1759136179820234e-71
6549	1.0	6.904741725335506e-92
6550	1.0	4.614982531145105e-177
6551	1.0	1.908644327178753e-53
6552	1.0	1.5076434870608183e-44
6553	1.0	1.8217653181835631e-277
6554	1.0	3.5463493020084305e-155
6555	0.9999999999999978	2.318133884202585e-15
6556	1.0	1.020287920709944e-242
6557	1.0	7.077805582017125e-198
6558	1.0	1.6315551035239723e-102
6559	1.0	1.2765854333675928e-77
6560	1.0	1.4024857622001318e-55
6561	0.999999999999994	6.067379927946477e-15
6562	1.0	2.608783670278438e-142
6563	1.0	2.6124687678681606e-124
6564	1.0	4.447914470181092e-193
6565	1.0	2.0964425232925717e-36
6566	1.0	1.4721989018234085e-141
6567	1.0	1.2964979254382832e-175
6568	1.0	5e-324
6569	1.0	1.6080526248746244e-67
6571	1.0	0.0
6572	1.0	0.0
6573	1.0	8.702419620122318e-61
6574	1.0	1.993592624380295e-43
6575	1.0	4.7262151076269855e-95
6576	1.0	3.258204859349499e-131
6577	1.0	1.4658623274975724e-109
6578	1.0	6.372547463925057e-164
6579	1.0	4.863611590591385e-290
6580	1.0	0.0
6581	1.0	0.0
6582	1.0	2.1453814307432088e-219
6583	1.0	1.7163053668576732e-201
6584	1.0	4.164707049318855e-109
6585	1.0	3.913850034938388e-163
6586	1.0	0.0
6587	1.0	0.0
6588	1.0	0.0
6589	1.0	1.7137994683557424e-129
6590	1.0	1.2533282909971801e-176
6591	1.0	1.1219514219018907e-52
6592	1.0	3.1882775893925276e-254
6593	1.0	4.850076096272941e-112
6594	1.0	3.2216563873941972e-18
6595	1.0	2.3279154773868723e-188
6596	1.0	0.0
6597	1.0	0.0
6598	1.0	0.0
6599	1.0	3.1905286235031e-155
6601	1.0	4.992743779253178e-125
6602	1.0	0.0
6603	1.0	2.178340586613867e-305
6604	1.0	0.0
6605	1.0	0.0
6606	1.0	2.632626351483182e-51
6607	1.0	3.878073088911263e-21
6608	1.0	1.2236253794873799e-114
6609	1.0	5.9344706147678994e-99
6610	1.0	0.0
6611	1.0	0.0
6612	1.0	1.5674285430784396e-19
6613	1.0	0.0
6614	1.0	0.0
6615	1.0	3.377884458099759e-233
6616	1.0	1.1346925518142666e-278
6617	1.0	2.2143889876608906e-91
6618	1.0	5.5003148186482885e-65
6619	1.0	2.7935306204411888e-83
6620	1.0	5.922249370756421e-203
6621	1.0	3e-323
6622	1.0	2.3036596872242227e-106
6623	1.0	0.0
6624	1.0	3.994700628374596e-124
6625	1.0	0.0
6626	1.0	2.954785250154507e-238
6627	1.0	1.0638342901132374e-295
6628	1.0	8.169692695485188e-21
6629	1.0	1.9290829424518924e-142
6631	1.0	1.600210758944226e-82
6632	0.9999999999672724	3.2727512634295314e-11
6633	1.0	1.794669771780554e-25
6634	1.0	5.000723811313487e-111
6635	1.0	8.741578485166482e-160
6636	1.0	3.5136184775175605e-160
6637	1.0	2.6040637609117412e-71
6638	1.0	7.970916272939502e-300
6639	1.0	8.051055701378826e-55
6640	1.0	8.801678805186041e-255
6641	1.0	3.308289167478098e-98
6642	1.0	0.0
6643	1.0	2.8566432349488913e-120
6644	1.0	0.0
6645	1.0	3.368936566909537e-196
6646	1.0	0.0
6647	1.0	9.866540207006664e-177
6648	1.0	2.078261224970936e-122
6649	1.0	1.707769504222789e-24
6650	0.9997675768813097	0.00023242311869043993
6651	1.0	6.639113687762797e-64
6652	1.0	5.688847913041035e-42
6653	1.0	2.604896814027274e-153
6654	1.0	2.013446702286718e-177
6655	1.0	8.763404653862962e-76
6656	1.0	5.931418182859159e-39
6657	1.0	1.4466381387179244e-32
6658	1.0	3.785860143899014e-115
6659	0.9999999999990667	9.331929981858504e-13
6661	1.0	2.667843823022109e-181
6662	1.0	0.0
6663	1.0	1.3174796746201508e-249
6664	1.0	3.426622039070172e-84
6665	1.0	5.563514647161369e-44
6666	1.0	0.0
6667	1.0	0.0
6668	1.0	0.0
6669	1.0	2.6031681017404903e-233
6670	1.0	0.0
6671	1.0	9.736667683496544e-162
6672	1.0	8.638780796714586e-275
6673	1.0	0.0
6674	1.0	1.8230614509860447e-48
6675	1.0	3.4287981065813575e-34
6676	1.0	1.2236891434089815e-28
6677	1.0	0.0
6678	1.0	0.0
6679	1.0	1.8682575407571148e-156
6680	1.0	2.5715778366805926e-219
6681	1.0	0.0
6682	0.9999999967078326	3.292167421685598e-09
6683	1.0	4.538850000541396e-58
6684	1.0	1.2137658458332792e-25
6685	1.0	9.80747118444132e-150
6686	1.0	3.757054649838405e-114
6687	1.0	1.0057233508429294e-97
6688	1.0	1.2619822592944087e-24
6689	1.0	4.1918226117679807e-75
6691	1.0	1.2878243707879983e-45
6692	1.0	1.1279749669386383e-121
6693	1.0	0.0
6694	1.0	8.667753413134626e-88
6695	1.0	5.571844383194652e-215
6696	1.0	1.1110561144247377e-135
6697	1.0	5.666540875867223e-38
6698	1.0	3.118470595073396e-74
6699	1.0	2.276297752613389e-182
6700	1.0	2.1232743636152e-310
6701	1.0	0.0
6702	1.0	4.8274264978752824e-247
6703	1.0	1.8597359797325726e-273
6704	1.0	0.0
6705	1.0	4.06769204369209e-86
6706	1.0	2.563101134564665e-63
6707	1.0	2.3617967300284623e-82
6708	1.0	2.6842212781684977e-211
6709	1.0	2.127934197664312e-247
6710	1.0	0.0
6711	1.0	0.0
6712	1.0	1.3103577217208715e-260
6713	1.0	0.0
6714	1.0	3.164030102899952e-280
6715	1.0	3.42870305021076e-108
6716	1.0	1.2816919925393159e-93
6717	1.0	3.186228125826783e-56
6718	1.0	2.5708225663877773e-220
6719	1.0	0.0
6721	1.0	0.0
6722	1.0	0.0
6723	1.0	1.4244950159141835e-228
6724	1.0	2.2531911113923447e-212
6725	1.0	0.0
6726	1.0	0.0
6727	1.0	1.4059250618162708e-278
6728	1.0	0.0
6729	1.0	1.1882759320296148e-281
6730	1.0	5.0062503962557585e-73
6731	1.0	0.0
6732	1.0	2.812332598893281e-170
6733	1.0	0.0
6734	1.0	0.0
6735	1.0	2.5564792547360504e-22
6736	1.0	3.809266317237265e-182
6737	1.0	0.0
6738	1.0	4.0361933512620495e-25
6739	1.0	7.354524103650624e-142
6740	1.0	1.5590476592599897e-43
6741	1.0	9.752556292013972e-151
6742	1.0	2.5952220542918295e-82
6743	1.0	2.9919789500184745e-67
6744	1.0	2.0119717155858214e-106
6745	1.0	9.316006759808669e-55
6746	1.0	9.350771131442382e-47
6747	1.0	5.3650527884645194e-48
6748	1.0	0.0
6749	1.0	0.0
6751	1.0	7.8216472983567545e-236
6752	1.0	1.4375713953814946e-57
6753	1.0	1.3530501009996785e-63
6754	1.0	1.522958052998072e-104
6755	1.0	1.4929598489659728e-188
6756	1.0	0.0
6757	1.0	4.05549643309415e-33
6758	1.0	6.251339667410142e-181
6759	1.0	8.914225074008282e-31
6760	1.0	1.7177327992931997e-45
6761	1.0	7.045807981389583e-45
6762	1.0	9.097303845425544e-61
6763	1.0	4.374918350876669e-221
6764	1.0	0.0
6765	1.0	2.2913603757927028e-186
6766	1.0	2.8424862159785235e-179
6767	1.0	3.996286036887957e-63
6768	1.0	1.925985003464704e-52
6769	0.9999999999999327	6.734437784924517e-14
6770	1.0	2.301564647706144e-46
6771	1.0	6.587454961271109e-181
6772	1.0	1.2527651960590151e-183
6773	1.0	1.1249654982828057e-214
6774	1.0	0.0
6775	1.0	0.0
6776	1.0	0.0
6777	1.0	1.30622530706665e-309
6778	1.0	3.31240976743957e-141
6779	1.0	6.160895278666316e-96
6781	1.0	1.733088431526768e-60
6782	1.0	4.750485704504103e-85
6783	1.0	2.3059325259736057e-143
6784	1.0	6.168221606408057e-46
6785	1.0	2.7891587843465244e-87
6786	1.0	0.0
6787	1.0	5.0153384436793504e-33
6788	1.0	0.0
6789	1.0	0.0
6790	1.0	9.644178089709418e-176
6791	1.0	6.1976418299288605e-108
6792	1.0	5.7426448417963205e-55
6793	1.0	2.6866804176202048e-102
6794	1.0	5.7426448417963205e-55
6795	1.0	0.0
6796	1.0	4.210290678972235e-125
6797	1.0	1.8841183913457792e-147
6798	1.0	8.322538103642852e-262
6799	1.0	0.0
6800	1.0	0.0
6801	1.0	4.5691295515293535e-58
6802	1.0	7.511243140998871e-142
6803	0.9999999290997058	7.090029415393442e-08
6804	1.0	4.563231050827928e-293
6805	1.0	0.0
6806	0.9999999999999996	3.866394395245313e-16
6807	1.0	4.02430570540009e-158
6808	1.0	3.378864259976882e-72
6809	1.0	1.0899794698837653e-48
6811	1.0	1.0621877754355062e-201
6812	1.0	0.0
6813	1.0	5.254917040333324e-89
6814	1.0	1.2444666214726817e-57
6815	1.0	5.1959469793075314e-194
6816	1.0	2.5041500376367863e-161
6817	1.0	9.532944358272826e-124
6818	1.0	2.3826396636032356e-132
6819	1.0	1.2374508877019906e-197
6820	1.0	0.0
6821	1.0	2.546998383380462e-105
6822	1.0	0.0
6823	1.0	0.0
6824	1.0	0.0
6825	1.0	9.325524907043497e-185
6826	1.0	6.079946426523975e-19
6827	1.0	4.008850637422835e-151
6828	1.0	3.437256570530168e-207
6829	1.0	0.0
6830	1.0	2.6501837540388526e-183
6831	1.0	3.7617164344770197e-121
6832	1.0	0.0
6833	1.0	1.3389564168469291e-38
6834	1.0	1.1585770014431512e-137
6835	1.0	2.1422749715903753e-218
6836	1.0	1.3829726983716764e-59
6837	1.0	4.950549624892417e-86
6838	1.0	1.35698965524975e-225
6839	1.0	1.1419366137692748e-254
6841	1.0	4.5020726867625384e-46
6842	1.0	1.0243710603917478e-151
6843	1.0	0.0
6844	1.0	2.5156960758604705e-152
6845	1.0	9.01728177582856e-41
6846	1.0	1.1049168820671201e-224
6847	1.0	3.330482293874393e-23
6848	1.0	1.9967391345539545e-35
6849	1.0	7.57402701360231e-198
6850	1.0	8.330778146771741e-185
6851	0.9999995200118604	4.799881394484703e-07
6852	1.0	1.777497080776053e-80
6853	1.0	0.0
6854	1.0	7.581420877306544e-61
6855	0.9999999999708378	2.916212657770005e-11
6856	1.0	1.0010205049384924e-206
6857	1.0	9.26541609753177e-224
6858	1.0	3.159180652593464e-106
6859	1.0	2.3007560537491727e-36
6860	1.0	5.405868224111236e-196
6861	1.0	3.4103347989886124e-104
6862	1.0	1.0607734033808337e-58
6863	1.0	9.587837148537323e-80
6864	1.0	4.824978132275384e-125
6865	1.0	1.0524919336627096e-297
6866	1.0	3.434969014556801e-31
6867	1.0	1.879375012960193e-97
6868	1.0	6.879275932901234e-79
6869	1.0	6.094956524349262e-35
6871	1.0	0.0
6872	0.9999999998454667	1.5453322686688546e-10
6873	0.9999999046396917	9.536030830719756e-08
6874	1.0	2.186221057453709e-129
6875	1.0	0.0
6876	1.0	1.8709070128833878e-206
6877	1.0	0.0
6878	1.0	2.37e-322
6879	1.0	0.0
6880	1.0	1.1702731392181794e-207
6881	1.0	5.092811520275086e-146
6882	1.0	3.821739462086239e-31
6883	1.0	0.0
6884	1.0	1.7529939352941012e-150
6885	1.0	0.0
6886	1.0	0.0
6887	1.0	0.0
6888	1.0	0.0
6889	1.0	0.0
6890	1.0	0.0
6891	1.0	1.5978404850957633e-128
6892	1.0	2.7444666226738897e-50
6893	1.0	2.230751734988053e-193
6894	1.0	0.0
6895	1.0	0.0
6896	1.0	0.0
6897	1.0	4.51140047083452e-118
6898	1.0	1.7947128209487027e-79
6899	1.0	0.0
6901	1.0	0.0
6902	1.0	0.0
6903	1.0	0.0
6904	1.0	1.0247235957244073e-148
6905	1.0	2.8106287953553964e-83
6906	1.0	0.0
6907	1.0	1.7869412552851418e-256
6908	1.0	1.5472272196755733e-138
6909	1.0	8.398208883493504e-29
6910	1.0	6.39660113763552e-92
6911	0.9999999999999978	2.178513690278459e-15
6912	1.0	2.1716801668155745e-25
6913	1.0	4.723777604147432e-308
6914	1.0	6.481767565938526e-93
6915	1.0	0.0
6916	1.0	0.0
6917	1.0	6.042975776458867e-177
6918	1.0	6.311662578673336e-137
6919	1.0	0.0
6920	1.0	5.789977689641842e-162
6921	1.0	9.599118586490704e-123
6922	1.0	1.7961619092371473e-77
6923	1.0	1.7054867399284293e-212
6924	1.0	4.181050679260806e-123
6925	1.0	3.780056264927462e-40
6926	1.0	2.2745825533474513e-20
6927	1.0	0.0
6928	1.0	4.362522950861279e-254
6929	1.0	3.592943009155914e-81
6931	1.0	3.48080247772153e-169
6932	1.0	3.2280085086970075e-308
6933	1.0	0.0
6934	1.0	2.876072650289908e-76
6935	1.0	2.876072650289908e-76
6936	1.0	0.0
6937	1.0	1.654761199625903e-29
6938	1.0	7.16468113171074e-29
6939	1.0	2.906308730321213e-68
6940	1.0	0.0
6941	1.0	4.3977448645675944e-246
6942	1.0	4.1717481281548564e-280
6943	1.0	0.0
6944	1.0	3.379400896842752e-285
6945	1.0	0.0
6946	1.0	2.8906986922363216e-238
6947	1.0	7.45827952664014e-213
6948	1.0	1.8329938486175346e-35
6949	1.0	0.0
6950	1.0	0.0
6951	1.0	3.0389448927099793e-218
6952	1.0	2.446473138891496e-152
6953	1.0	2.546505555885621e-231
6954	1.0	1.5017510737688486e-50
6955	1.0	2.809787891256561e-106
6956	1.0	3.0148031854278e-101
6957	1.0	8.306056986362537e-113
6958	1.0	2.7329195888707197e-144
6959	1.0	2.1605909442710978e-169
6961	1.0	4.125813171298057e-39
6962	1.0	0.0
6963	1.0	0.0
6964	1.0	0.0
6965	1.0	5.953155282802667e-130
6966	1.0	7.402266172439341e-31
6967	1.0	3.5926073256142325e-57
6968	1.0	6.644333455457587e-205
6969	1.0	8.352569813275197e-99
6970	1.0	6.867247738476424e-73
6971	1.0	1.06548070627545e-150
6972	1.0	1.2040198596350303e-18
6973	1.0	0.0
6974	0.5866303342578625	0.4133696657421375
6975	1.0	1.4304577239312728e-192
6976	1.0	6.295472354771852e-50
6977	1.0	5.449905239078532e-207
6978	1.0	0.0
6979	1.0	8.870560974829285e-94
6980	1.0	5.503707842367919e-58
6981	1.0	2.0766126915942732e-145
6982	1.0	0.0
6983	1.0	2.4997188907994428e-201
6984	1.0	8.238255111051848e-25
6985	1.0	1.7699342449440058e-287
6986	1.0	2.1675004296255906e-104
6987	1.0	2.049790265746786e-82
6988	1.0	0.0
6989	1.0	9.579356426549805e-80
6991	1.0	1.9825734814170594e-21
6992	1.0	2.407955780844422e-82
6993	1.0	0.0
6994	1.0	1.060082576439709e-265
6995	0.999999999999599	4.010380975100982e-13
6996	1.0	6.67548178963475e-80
6997	1.0	5.273637338458999e-104
6998	1.0	3.650042245107434e-79
6999	1.0	1.8766846520241317e-58
7000	1.0	3.530097523871134e-194
7001	1.0	3.382581266109836e-48
7002	1.0	5.390554289645071e-82
7003	1.0	1.0879964380576488e-95
7004	1.0	1.2490712583247267e-134
7005	1.0	5.703060941918594e-132
7006	1.0	0.0
7007	1.0	7.655854500414328e-87
7008	1.0	4.2561899040836405e-242
7009	1.0	7.324427194803801e-33
7010	1.0	0.0
7011	1.0	0.0
7012	1.0	4.00464525670551e-255
7013	1.0	1.6869787145789396e-128
7014	1.0	2.0449935719416605e-178
7015	1.0	0.0
7016	1.0	0.0
7017	1.0	1.2688581879036544e-40
7018	1.0	5.628157597197611e-90
7019	1.0	6.969682000833434e-282
7021	1.0	7.47935516099937e-201
7022	1.0	0.0
7023	1.0	1.1034e-318
7024	1.0	1.2254765667869108e-110
7025	1.0	1.793037787976614e-224
7026	1.0	0.0
7027	1.0	0.0
7028	1.0	5.093613939468132e-111
7029	1.0	7.913316276627986e-148
7030	1.0	3.2397168266836644e-280
7031	1.0	0.0
7032	1.0	1.4315889466393777e-166
7033	1.0	0.0
7034	1.0	0.0
7035	1.0	3.3204611902158104e-192
7036	1.0	3.419975308762472e-232
7037	1.0	0.0
7038	1.0	0.0
7039	1.0	7.658252370242816e-211
7040	1.0	7.783656286860152e-59
7041	1.0	0.0
7042	1.0	2.530321242260366e-276
7043	1.0	2.0901530216798753e-197
7044	1.0	2.0442291354682e-108
7045	1.0	5.982770966763815e-247
7046	1.0	9.24324128172673e-183
7047	1.0	8.068742005680263e-29
7048	1.0	1.6802788105687326e-56
7049	1.0	7.114024952966784e-295
7051	1.0	0.0
7052	1.0	4.3749674069735606e-297
7053	1.0	0.0
7054	1.0	7.591757035455073e-295
7055	1.0	0.0
7056	1.0	0.0
7057	1.0	3.028644337630191e-109
7058	1.0	4.703470137918777e-277
7059	1.0	1.370700754826464e-199
7060	1.0	0.0
7061	1.0	0.0
7062	1.0	5.5357277127792014e-123
7063	1.0	8.970431373971625e-50
7064	1.0	3.7099883838771976e-153
7065	1.0	1.8593979112443143e-204
7066	1.0	0.0
7067	1.0	1.0605661032907643e-154
7068	1.0	1.799393014578642e-62
7069	1.0	6.190363862580268e-184
7070	1.0	0.0
7071	1.0	2.403218383483559e-242
7072	1.0	1.261846967232426e-108
7073	1.0	4.010261304856152e-260
7074	1.0	3.5658572990646915e-259
7075	1.0	6.220685279047465e-70
7076	1.0	1.6754501498979564e-226
7077	1.0	4.962927083877714e-127
7078	1.0	3.519080807115844e-26
7079	0.9999999999999996	4.126508239833474e-16
7081	1.0	2.825047200239675e-179
7082	1.0	2.1394877165384808e-102
7083	1.0	0.0
7084	1.0	2.1048561870937012e-181
7085	1.0	0.0
7086	1.0	5.24e-322
7087	1.0	0.0
7088	1.0	0.0
7089	1.0	1.9463689348018072e-150
7090	1.0	3.7503868957399336e-122
7091	1.0	1.2367230552302396e-81
7092	1.0	0.0
7093	1.0	2.4280714888403903e-102
7094	1.0	0.0
7095	1.0	0.0
7096	1.0	0.0
7097	1.0	3.754323975079005e-159
7098	1.0	1.687566782710291e-51
7099	1.0	4.585649429008464e-106
7100	1.0	4.1658961414769215e-60
7101	1.0	5.830681905721113e-270
7102	1.0	0.0
7103	1.0	0.0
7104	1.0	3.369427458138464e-172
7105	1.0	4.540203365419125e-48
7106	1.0	3.9412637521658695e-211
7107	1.0	1.0575109485369266e-21
7108	1.0	1.4419425477912517e-125
7109	1.0	1.2992804076668725e-244
7111	1.0	2.5146566322981974e-153
7112	1.0	0.0
7113	1.0	5.121783941283303e-109
7114	1.0	3.793849473631513e-165
7115	1.0	3.159639632294515e-79
7116	1.0	3.159639632294515e-79
7117	1.0	1.036706132890269e-214
7118	1.0	2.4047185683839696e-29
7119	1.0	3.315192284620386e-182
7120	1.0	0.0
7121	1.0	0.0
7122	1.0	7.281976092512024e-178
7123	1.0	2.2231585243525693e-35
7124	1.0	4.661425937175456e-54
7125	1.0	0.0
7126	1.0	5.293037801773257e-109
7127	1.0	0.0
7128	1.0	0.0
7129	1.0	2.2277094106394914e-178
7130	1.0	1.4317287995385947e-50
7131	1.0	3.1738735743359325e-104
7132	1.0	1.5475471016548588e-129
7133	1.0	1.5591172115048177e-128
7134	1.0	3.250948399322466e-290
7135	1.0	2.590665679820792e-289
7136	0.9892458119192804	0.010754188080719648
7137	1.0	9.524402463379397e-150
7138	1.0	2.776852392918293e-106
7139	1.0	4.671067441284571e-258
7141	1.0	6.0600070664086145e-46
7142	1.0	0.0
7143	1.0	0.0
7144	1.0	0.0
7145	1.0	6.17498903033736e-281
7146	1.0	5.3742965124703366e-272
7147	1.0	4.917291401903983e-168
7148	1.0	1.1554727374768634e-32
7149	1.0	2.4164788850908417e-260
7150	1.0	4.111538707652298e-52
7151	1.0	3.4977085643471995e-54
7152	1.0	2.0302792324525204e-142
7153	1.0	0.0
7154	1.0	1.2872962084750453e-75
7155	1.0	3.666137298244061e-76
7156	1.0	4.852011381123418e-249
7157	1.0	0.0
7158	1.0	0.0
7159	1.0	3.35316347743092e-109
7160	1.0	2.6645765723024513e-103
7161	1.0	1.2367230552302396e-81
7162	1.0	7.477479783866815e-118
7163	1.0	7.165566807475987e-60
7164	1.0	3.422681263803818e-25
7165	1.0	4.765279388019316e-27
7166	1.0	3.0210216557014266e-125
7167	1.0	3.036859717792576e-149
7168	1.0	1.089416416202861e-70
7169	1.0	0.0
7171	1.0	1.4946990413126442e-126
7172	1.0	1.2897852476742344e-120
7173	1.0	3.16e-322
7174	1.0	0.0
7175	1.0	7.503981020030141e-103
7176	1.0	3.2950228912078374e-48
7177	1.0	1.1495107379542644e-168
7178	1.0	5.40607453171411e-237
7179	1.0	8.947689754195398e-295
7180	1.0	1.4645656370766168e-277
7181	0.9999999999998854	1.145647937708076e-13
7182	1.0	1.282006512141488e-184
7183	1.0	0.0
7184	1.0	9.800747652596829e-130
7185	1.0	8.168289449385165e-36
7186	1.0	5.452317805838621e-168
7187	1.0	2.8859132306692386e-165
7188	1.0	0.0
7189	1.0	1.500605392303815e-107
7190	1.0	6.269106593253316e-239
7191	1.0	1.123845550969689e-156
7192	1.0	2.0555898350723766e-217
7193	1.0	1.6737775747399468e-220
7194	1.0	2.9316261866e-313
7195	1.0	3.080363128104253e-51
7196	1.0	2.3858651744583507e-147
7197	1.0	1.0131397072014238e-63
7198	1.0	3.5901177736318057e-239
7199	1.0	0.0
7201	1.0	1.0796830477356496e-223
7202	1.0	1.1712545927471242e-48
7203	1.0	1.1734275604398261e-104
7204	1.0	4.130088664939432e-206
7205	0.9999999999950866	4.913454114472905e-12
7206	1.0	0.0
7207	0.9999999866773102	1.3322689978443328e-08
7208	1.0	9.069479764952183e-133
7209	1.0	0.0
7210	1.0	0.0
7211	1.0	8.98014760671625e-38
7212	1.0	4.940149906489407e-97
7213	1.0	1.9612095461102633e-104
7214	1.0	0.0
7215	1.0	5.7926306136583715e-177
7216	1.0	1.5271872458512945e-18
7217	1.0	2.266243508995628e-114
7218	1.0	5.990877319567812e-215
7219	1.0	5.075819817647301e-271
7220	1.0	4.909018951627607e-114
7221	1.0	0.0
7222	1.0	6.182174138047027e-159
7223	1.0	4.820301357743745e-95
7224	1.0	0.0
7225	1.0	0.0
7226	1.0	0.0
7227	1.0	0.0
7228	1.0	1.9096183211288706e-95
7229	1.0	0.0
7231	1.0	6.473858760896384e-188
7232	1.0	7.641532551697852e-137
7233	1.0	3.342426577864896e-132
7234	1.0	0.0
7235	1.0	1.7762841107773827e-35
7236	1.0	9.936583847029614e-164
7237	1.0	0.0
7238	1.0	4.298562003615087e-296
7239	1.0	4.231523083008012e-36
7240	1.0	2.4586311476947085e-187
7241	1.0	7.80439281946905e-116
7242	1.0	6.405560740081754e-38
7243	1.0	0.0
7244	1.0	1.224487961158746e-86
7245	1.0	0.0
7246	1.0	0.0
7247	1.0	0.0
7248	1.0	0.0
7249	1.0	1.4942345664067104e-147
7250	1.0	0.0
7251	1.0	1.3033e-320
7252	1.0	0.0
7253	1.0	1.6868314262925536e-37
7254	1.0	6.03255795116866e-50
7255	1.0	0.0
7256	1.0	5.754138909116784e-304
7257	1.0	3.1403533375995415e-211
7258	1.0	0.0
7259	1.0	1.4093884393599824e-298
7261	1.0	0.0
7262	1.0	1.2074513050290624e-69
7263	1.0	1.5938368945061684e-23
7264	1.0	4.687187727359801e-67
7265	1.0	1.1723573840664721e-35
7266	1.0	0.0
7267	1.0	3.882936604382129e-280
7268	1.0	1.2459684355058698e-55
7269	1.0	4.18348380865547e-84
7270	1.0	2.9397747766102462e-30
7271	1.0	0.0
7272	1.0	1.012057293187442e-20
7273	1.0	7.196247401890412e-243
7274	1.0	6.106485560052508e-196
7275	1.0	6.565457358346632e-70
7276	1.0	1.046707670540533e-241
7277	1.0	3.896600873630013e-104
7278	1.0	2.839096918974823e-45
7279	1.0	3.8980021422300896e-78
7280	1.0	0.0
7281	1.0	0.0
7282	1.0	0.0
7283	1.0	9.45680233299086e-47
7284	1.0	0.0
7285	1.0	5.832266146511302e-78
7286	1.0	2.886020067576088e-232
7287	1.0	1.2518328356370317e-164
7288	1.0	1.8922803372852484e-148
7289	1.0	7.83422054726151e-154
7291	1.0	2.2857782666586385e-140
7292	1.0	1.1272199505560743e-151
7293	1.0	1.1840706477728014e-52
7294	1.0	2.945497884662425e-169
7295	1.0	5.903700311846623e-108
7296	1.0	2.483718293036298e-270
7297	1.0	3.221256446864115e-78
7298	1.0	2.9739850169716266e-140
7299	0.9999967336906572	3.266309342653504e-06
7300	1.0	2.0524823066814693e-91
7301	1.0	0.0
7302	1.0	3.406560159656408e-58
7303	1.0	1.0898619378753122e-41
7304	1.0	1.640654538246951e-93
7305	1.0	4.4875179717143285e-105
7306	1.0	0.0
7307	1.0	4.745004355946501e-93
7308	1.0	3.864771177706666e-202
7309	1.0	0.0
7310	1.0	1.1040512250339321e-249
7311	1.0	3.4121604895152275e-243
7312	1.0	1.5871927038132215e-118
7313	1.0	4.2268149486890684e-63
7314	1.0	4.0634796155181514e-88
7315	1.0	2.958896556469148e-235
7316	1.0	1.2910026575144214e-82
7317	1.0	8.103685924497322e-89
7318	1.0	0.0
7319	1.0	0.0
7321	1.0	2.985409904168836e-142
7322	1.0	2.8585356411338986e-86
7323	1.0	0.0
7324	1.0	3.171984761081568e-42
7325	1.0	7.993227431682933e-57
7326	1.0	0.0
7327	1.0	1.151032843850905e-131
7328	1.0	1.6064442062853946e-87
7329	1.0	1.482692911885766e-259
7330	1.0	1.051996497308368e-52
7331	1.0	1.5060142585237336e-56
7332	1.0	3.8754762851166956e-209
7333	1.0	1.1535262153949203e-76
7334	1.0	0.0
7335	1.0	0.0
7336	1.0	7.953154607878428e-41
7337	1.0	1.639110752295325e-132
7338	1.0	7.851659218327147e-87
7339	1.0	1.1028446275483037e-305
7340	1.0	1.2516414110127614e-108
7341	1.0	5.167164968362663e-109
7342	1.0	1.0871635978948693e-104
7343	1.0	6.04914958664425e-108
7344	1.0	0.0
7345	1.0	4.7945302515607605e-178
7346	1.0	4.1005360708346407e-50
7347	1.0	1.1836686284671058e-73
7348	1.0	1.8605818498153747e-119
7349	1.0	0.0
7351	1.0	9.867895143814638e-86
7352	1.0	1.0781410029282037e-280
7353	1.0	5.6923683000864954e-279
7354	1.0	8.087626379905737e-80
7355	1.0	3.370099677609274e-66
7356	1.0	8.195180791572251e-47
7357	1.0	0.0
7358	1.0	2.2303038980586905e-151
7359	1.0	1.0806379880726725e-147
7360	1.0	3.014875336539226e-157
7361	1.0	3.236e-321
7362	1.0	0.0
7363	1.0	2.6138888003254818e-248
7364	1.0	0.0
7365	1.0	5.971517616403833e-257
7366	1.0	2.8875025064791155e-50
7367	1.0	7.564069666666151e-245
7368	1.0	0.0
7369	1.0	0.0
7370	1.0	2.7639269055313015e-116
7371	1.0	1.1965866423863e-310
7372	1.0	2.6128642397130337e-249
7373	1.0	0.0
7374	1.0	4.168995788686424e-117
7375	1.0	0.0
7376	1.0	1.7715932676627755e-231
7377	1.0	2.4277112641736046e-130
7378	1.0	0.0
7379	1.0	1.2145854849699978e-226
7381	1.0	2.6726042435800324e-29
7382	1.0	0.0
7383	1.0	3.271779448042064e-206
7384	1.0	3.7399850020872196e-123
7385	1.0	1.5201420723970745e-236
7386	1.0	0.0
7387	1.0	0.0
7388	1.0	4.270920954561678e-255
7389	1.0	8.105046235203457e-225
7390	1.0	0.0
7391	1.0	3.111069621583094e-268
7392	1.0	0.0
7393	1.0	0.0
7394	1.0	5.837738127863966e-143
7395	1.0	3.237548956032831e-287
7396	1.0	0.0
7397	1.0	4.378034060536288e-189
7398	1.0	2.037155960984778e-149
7399	1.0	1.6779566834899068e-134
7400	1.0	1.4332344108396922e-109
7401	1.0	7.073680746937087e-302
7402	1.0	6.795885072312164e-103
7403	1.0	3.105569349528177e-196
7404	1.0	4.4392324802032474e-148
7405	1.0	8.978393212523742e-175
7406	1.0	2.033980577534006e-67
7407	1.0	0.0
7408	1.0	9.268895955568269e-161
7409	1.0	0.0
7411	1.0	8.20456e-318
7412	1.0	1.1329042420993891e-100
7413	1.0	0.0
7414	1.0	0.0
7415	1.0	3.4174192463323423e-63
7416	1.0	2.8722429182715575e-112
7417	1.0	1.1355753747847801e-154
7418	1.0	2.7864611696639776e-187
7419	1.0	4.9599417591773334e-36
7420	1.0	1.8619851931601946e-291
7421	1.0	7.578351259928197e-65
7422	1.0	1.0603346841913916e-281
7423	1.0	1.4907663217389337e-30
7424	1.0	5.2416507295859314e-180
7425	1.0	2.3578508879422195e-130
7426	1.0	2.3223296243437977e-33
7427	1.0	1.971209750836989e-50
7428	1.0	0.0
7429	1.0	1.8317626729739414e-261
7430	1.0	0.0
7431	1.0	3.2509693408049614e-304
7432	1.0	3.620745909206017e-152
7433	1.0	0.0
7434	1.0	0.0
7435	1.0	0.0
7436	1.0	5.974709091238354e-226
7437	1.0	0.0
7438	1.0	0.0
7439	1.0	1.8888801608727347e-292
7441	1.0	4.7065928137261643e-147
7442	1.0	0.0
7443	1.0	0.0
7444	1.0	0.0
7445	1.0	1.1251615005896457e-150
7446	1.0	0.0
7447	1.0	2.2159540820075138e-63
7448	1.0	0.0
7449	1.0	1.0600875126969076e-40
7450	1.0	0.0
7451	1.0	0.0
7452	1.0	8.388583097210008e-273
7453	1.0	0.0
7454	1.0	0.0
7455	1.0	0.0
7456	1.0	7.125896268326974e-132
7457	1.0	0.0
7458	1.0	8.110069958766657e-277
7459	1.0	0.0
7460	1.0	2.3322885465730354e-127
7461	1.0	1.609434184120486e-109
7462	1.0	8.238661191731165e-87
7463	1.0	2.69489390912598e-157
7464	1.0	1.9619154496352485e-64
7465	1.0	1.9615209501085212e-60
7466	1.0	1.309300755763424e-62
7467	1.0	3.593433226841641e-96
7468	1.0	1.3375055550581094e-283
7469	1.0	7.430132186712936e-106
7471	1.0	0.0
7472	1.0	0.0
7473	1.0	0.0
7474	1.0	2.5112522313767864e-293
7475	1.0	0.0
7476	1.0	0.0
7477	1.0	4.9313319089655155e-59
7478	1.0	0.0
7479	1.0	2.4615425141264267e-22
7480	1.0	3.809167456760605e-29
7481	1.0	0.0
7482	1.0	4.493914145863279e-112
7483	1.0	7.413504710469939e-172
7484	1.0	2.2976830077352635e-147
7485	1.0	6.152506311491858e-191
7486	1.0	0.0
7487	1.0	0.0
7488	1.0	1.81553717281427e-176
7489	1.0	1.856406662558461e-67
7490	1.0	8.817744691203226e-111
7491	1.0	1.3712116634479604e-115
7492	1.0	4.649216153803398e-49
7493	0.9999709338556861	2.9066144313951298e-05
7494	1.0	1.0468991760742128e-227
7495	1.0	4.36078065983144e-154
7496	1.0	1.8148725703463356e-20
7497	1.0	0.0
7498	1.0	3.0875790975710366e-61
7499	1.0	0.0
7501	1.0	1.5359862056151575e-66
7502	1.0	8.897501677288346e-67
7503	1.0	1.571332208341906e-123
7504	1.0	0.0
7505	1.0	1.2506556730330748e-244
7506	1.0	6.210617775e-315
7507	1.0	2.055344831511111e-233
7508	1.0	1.2394087787785495e-30
7509	1.0	1.1119201671210733e-39
7510	1.0	1.0478961188899257e-110
7511	1.0	2.1130683859765168e-109
7512	1.0	0.0
7513	1.0	0.0
7514	1.0	0.0
7515	1.0	5.1735773714323486e-222
7516	1.0	2.4833821063008563e-112
7517	1.0	0.0
7518	1.0	2.2952379815337036e-140
7519	1.0	1.042709353058646e-25
7520	1.0	0.0
7521	1.0	0.0
7522	1.0	0.0
7523	1.0	1.7496003394734548e-218
7524	1.0	5.3094283791083726e-254
7525	0.9999990917087552	9.082912447754139e-07
7526	1.0	9.269648947874307e-95
7527	1.0	7.486026456450139e-273
7528	1.0	0.0
7529	1.0	5.510827640862258e-45
7531	1.0	3.600700074961554e-151
7532	1.0	1.2943541669723536e-180
7533	1.0	1.628724407036346e-180
7534	1.0	2.258208019566935e-53
7535	1.0	0.0
7536	0.9999999999965747	3.4251495970391736e-12
7537	1.0	0.0
7538	1.0	0.0
7539	1.0	6.967273682899096e-138
7540	1.0	0.0
7541	1.0	0.0
7542	1.0	1.1729050632565793e-130
7543	1.0	4.943636535175251e-189
7544	1.0	2.3742473634882667e-196
7545	1.0	3.87003538347385e-237
7546	1.0	9.065270527013373e-292
7547	1.0	5.401441987544093e-30
7548	1.0	0.0
7549	1.0	4.682728839755007e-140
7550	1.0	2.368225886722262e-146
7551	1.0	5.675535980065861e-75
7552	1.0	1.1410553377388152e-68
7553	1.0	5.77123296556517e-40
7554	1.0	1.7345734450203808e-153
7555	1.0	9.609516582513491e-76
7556	1.0	0.0
7557	1.0	0.0
7558	1.0	0.0
7559	1.0	0.0
7561	1.0	1.26330607413e-313
7562	0.9999999997739195	2.26080579221571e-10
7563	1.0	5.38124516338426e-174
7564	1.0	0.0
7565	1.0	0.0
7566	1.0	0.0
7567	1.0	5.748530887549348e-210
7568	1.0	4.985772817325798e-178
7569	0.7610354167669011	0.23896458323309888
7570	1.0	7.46377319888962e-101
7571	1.0	4.877155659541242e-247
7572	1.0	0.0
7573	1.0	1.0466971312062247e-220
7574	1.0	6.185855140751383e-24
7575	1.0	7.637933126154754e-108
7576	1.0	5.756670162608102e-266
7577	1.0	2.5148094265247026e-34
7578	1.0	3.5013008806040094e-196
7579	1.0	7.915467665554526e-291
7580	1.0	0.0
7581	1.0	7.475373426161368e-219
7582	1.0	0.0
7583	1.0	4.194585943875114e-149
7584	1.0	0.0
7585	1.0	0.0
7586	1.0	1.7205368210913466e-119
7587	1.0	0.0
7588	1.0	5.2514480743129544e-33
7589	1.0	0.0
7591	1.0	4.4002765674955933e-141
7592	1.0	4.372033537302216e-152
7593	1.0	0.0
7594	1.0	1.286970856253543e-196
7595	1.0	4.613010035649757e-183
7596	1.0	8.141434835831282e-300
7597	1.0	0.0
7598	1.0	1.8708360321701492e-264
7599	1.0	1.0708743472844203e-50
7600	1.0	2.0160872690134973e-229
7601	1.0	2.964493580036564e-50
7602	1.0	1.413e-321
7603	1.0	2.0372382188372594e-72
7604	1.0	1.2523129403175236e-135
7605	1.0	1.4513180573763706e-43
7606	1.0	2.5972453451507506e-43
7607	1.0	9.329800431444176e-59
7608	1.0	2.2258397431077197e-110
7609	1.0	0.0
7610	0.9999993540078772	6.459921227151633e-07
7611	1.0	0.0
7612	1.0	0.0
7613	1.0	5.705682777064833e-84
7614	1.0	2.2128385865984196e-133
7615	1.0	0.0
7616	1.0	0.0
7617	1.0	1.9898530950774567e-119
7618	1.0	0.0
7619	1.0	0.0
7621	1.0	5.973518685153372e-58
7622	1.0	2.136056942231817e-226
7623	1.0	1.7485047592863316e-51
7624	1.0	7.410247357314997e-299
7625	1.0	2.977935246959606e-56
7626	1.0	0.0
7627	1.0	8.585144428345475e-130
7628	1.0	1.5748414449148576e-79
7629	1.0	1.2230873165001327e-21
7630	1.0	0.0
7631	1.0	1.2288739812159845e-127
7632	1.0	5.8165072581403935e-176
7633	1.0	0.0
7634	1.0	4.7024112074492637e-64
7635	1.0	0.0
7636	1.0	4.527808375844311e-154
7637	1.0	3.05156279722841e-23
7638	1.0	0.0
7639	1.0	4.748460149364299e-159
7640	1.0	0.0
7641	1.0	1.292422451243482e-285
7642	1.0	0.0
7643	1.0	4.622540592807476e-211
7644	1.0	2.5771115843039796e-25
7645	1.0	2.7842983214075394e-203
7646	1.0	5e-324
7647	1.0	5.10103829966942e-125
7648	1.0	2.2054650727909403e-73
7649	1.0	1.9991563324565575e-197
7651	1.0	1.5096806306261446e-23
7652	1.0	1.4413455071878778e-218
7653	1.0	1.9683623099856396e-135
7654	1.0	0.0
7655	1.0	2.794520467127367e-38
7656	1.0	5.19227001719946e-72
7657	1.0	3.1137099035877268e-65
7658	1.0	5.6404455476390825e-102
7659	1.0	3.2848821464438846e-185
7660	1.0	6.769318337477641e-34
7661	1.0	2.598673442116833e-268
7662	1.0	1.486092369367126e-110
7663	1.0	6.51363724842317e-231
7664	1.0	1.7650330790822728e-219
7665	0.9999973922685398	2.6077314602588196e-06
7666	1.0	5.228384204194456e-309
7667	1.0	2.3138096154726773e-145
7668	1.0	0.0
7669	1.0	0.0
7670	1.0	3.2909727785899794e-178
7671	1.0	2.620689775108559e-109
7672	1.0	1.7278549033491254e-84
7673	1.0	4.836438080842564e-81
7674	1.0	2.4641943507723903e-119
7675	1.0	1.0924055037211817e-42
7676	1.0	0.0
7677	1.0	7.265252358446785e-276
7678	1.0	9.476910138726142e-80
7679	1.0	0.0
7681	1.0	2.7530540391446547e-235
7682	1.0	8.496740565457182e-109
7683	1.0	0.0
7684	1.0	1.3806669619765285e-73
7685	1.0	1.6561199736475588e-148
7686	1.0	2.7101723370420645e-254
7687	1.0	9.471160833635153e-230
7688	1.0	2.036107532806655e-27
7689	1.0	1.838031907414112e-164
7690	1.0	8.232757580707178e-174
7691	1.0	8.300354436081686e-56
7692	1.0	6.136900353863157e-104
7693	1.0	1.0401576002610205e-261
7694	1.0	7.514318328522063e-142
7695	1.0	3.6073538956303664e-72
7696	1.0	9.140228634408717e-36
7697	1.0	1.490098245472179e-109
7698	1.0	7.654571513044231e-264
7699	1.0	2.3288922351953396e-250
7700	1.0	2.088817119879993e-135
7701	1.0	1.6152770562059636e-140
7702	1.0	2.0949769724135076e-274
7703	1.0	6.825332473043659e-81
7704	0.9999251233989984	7.487660100165173e-05
7705	1.0	1.8520479037794998e-300
7706	1.0	4.00818328732089e-121
7707	1.0	6.7162366612736724e-77
7708	1.0	7.267510730052955e-49
7709	1.0	9.498986646907972e-216
7711	1.0	1.2968620907010123e-28
7712	1.0	9.83125010735786e-271
7713	1.0	0.0
7714	1.0	5.805562974997634e-100
7715	1.0	3.433748992600999e-226
7716	1.0	9.818595709403705e-143
7717	1.0	3.1606571350466836e-265
7718	1.0	1.3450466269161513e-92
7719	1.0	0.0
7720	1.0	7.531531285934801e-26
7721	1.0	1.5e-322
7722	1.0	5.39927146067213e-51
7723	1.0	3.268566317106415e-163
7724	1.0	6.46e-321
7725	1.0	3.516190518060913e-53
7726	1.0	3.8200815029108738e-22
7727	1.0	0.0
7728	1.0	0.0
7729	1.0	4.607127262122794e-200
7730	1.0	1.0622495752865528e-123
7731	1.0	0.0
7732	1.0	0.0
7733	1.0	0.0
7734	1.0	2.8250033827136728e-117
7735	1.0	0.0
7736	1.0	1.5493931997554443e-152
7737	1.0	3.469554326011347e-54
7738	1.0	0.0
7739	1.0	5.271475067771596e-167
7741	1.0	0.0
7742	1.0	3.4451448893524676e-49
7743	1.0	1.749763018297931e-56
7744	1.0	2.5005961641494853e-158
7745	1.0	0.0
7746	1.0	0.0
7747	1.0	1.2374896944772677e-56
7748	1.0	0.0
7749	1.0	1.8014761158584875e-306
7750	1.0	6.705121704751266e-233
7751	1.0	0.0
7752	1.0	2.5516622003306888e-126
7753	1.0	0.0
7754	1.0	0.0
7755	1.0	0.0
7756	1.0	4.861043555459724e-98
7757	1.0	2.0024257027646213e-48
7758	1.0	9.959450989240479e-86
7759	1.0	1.591421825238065e-158
7760	1.0	8.914804943162305e-17
7761	1.0	0.0
7762	1.0	6.296398113313642e-134
7763	1.0	2.0757938392172638e-73
7764	1.0	1.5270909515179197e-59
7765	1.0	0.0
7766	1.0	0.0
7767	1.0	0.0
7768	1.0	0.0
7769	1.0	0.0
7771	1.0	5.387536504136899e-82
7772	1.0	0.0
7773	1.0	8.930223700665804e-243
7774	1.0	0.0
7775	1.0	0.0
7776	1.0	3.989406679360841e-168
7777	1.0	1.0675606452542378e-175
7778	1.0	1.1532654391566798e-130
7779	1.0	5.452738670144053e-107
7780	1.0	8.066236928416053e-19
7781	1.0	8.132113210536807e-148
7782	1.0	4.6970599396514315e-70
7783	1.0	1.1439428168372248e-75
7784	1.0	3.016653180179444e-180
7785	1.0	2.4214389104017798e-213
7786	1.0	5.132433563212219e-108
7787	1.0	2.2795109234741882e-58
7788	1.0	0.0
7789	1.0	1.6292194249818e-310
7790	1.0	3.9324770366694564e-109
7791	1.0	3.22116515626372e-223
7792	1.0	4.604466283176526e-230
7793	1.0	2.1450709548450093e-137
7794	1.0	1.0332057436602936e-100
7795	1.0	1.4311862292838812e-21
7796	1.0	9.569530147324655e-43
7797	1.0	5.584805747149617e-162
7798	1.0	3.075849053718124e-45
7799	1.0	7.3840426966133e-58
7801	1.0	1.7652135078983418e-165
7802	1.0	1.2491287340509166e-265
7803	1.0	1.4241569260613313e-166
7804	1.0	8.94923394796928e-270
7805	1.0	7.502021167158803e-39
7806	1.0	9.77862146561799e-29
7807	1.0	9.455729832342561e-190
7808	1.0	1.0154851990419874e-115
7809	1.0	3.394506700128103e-203
7810	1.0	3.92233662485833e-123
7811	1.0	1.7700707192655307e-167
7812	1.0	1.6884210257213785e-148
7813	1.0	0.0
7814	1.0	8.501507736794482e-82
7815	1.0	5.452720957595488e-84
7816	1.0	1.0956039204187121e-43
7817	1.0	2.1613759016820605e-42
7818	1.0	0.0
7819	1.0	2.5495257086949972e-192
7820	1.0	4.657407230653775e-110
7821	1.0	0.0
7822	1.0	3.8155584880925995e-125
7823	1.0	0.0
7824	1.0	0.0
7825	1.0	1.0325014607229904e-76
7826	1.0	4.807924844643031e-280
7827	1.0	6.681322620357879e-148
7828	1.0	2.444680597131982e-240
7829	1.0	1.497058076337148e-24
7831	1.0	1.1467972510292139e-57
7832	1.0	0.0
7833	1.0	3.935404538149712e-154
7834	1.0	8.373941178135382e-264
7835	1.0	0.0
7836	1.0	5.470930796019087e-253
7837	1.0	7.496692501319657e-169
7838	1.0	4.211055987680403e-50
7839	1.0	1.43265897000532e-95
7840	1.0	6.553585404359087e-190
7841	1.0	0.0
7842	1.0	0.0
7843	0.9980737337146577	0.0019262662853423986
7844	1.0	5.172880154825265e-42
7845	1.0	2.2030803025374678e-25
7846	1.0	5.047799482658851e-121
7847	1.0	5.011610253067467e-137
7848	1.0	1.2568814385964811e-45
7849	1.0	0.0
7850	1.0	0.0
7851	1.0	1.737578447928273e-17
7852	1.0	0.0
7853	1.0	0.0
7854	1.0	0.0
7855	1.0	1.6637699489594626e-88
7856	1.0	1.3569042822796553e-20
7857	1.0	2.82857850570538e-164
7858	1.0	0.0
7859	1.0	2.393091643029029e-25
7861	1.0	0.0
7862	1.0	1.346333981305696e-26
7863	1.0	3.6630695724351906e-123
7864	1.0	1.8860234013088432e-36
7865	1.0	3.559813417224286e-112
7866	1.0	3.8777394199974935e-23
7867	1.0	3.745374606982202e-23
7868	1.0	1.792537770064835e-72
7869	1.0	9.403279103087706e-191
7870	1.0	6.769018808626812e-33
7871	1.0	6.741253437767429e-102
7872	1.0	1.828130305388474e-238
7873	1.0	2.728405610572483e-172
7874	1.0	1.5462354624798198e-183
7875	1.0	0.0
7876	1.0	1.0905269738402124e-143
7877	1.0	0.0
7878	1.0	2.0766694890337234e-103
7879	1.0	4.603834372e-314
7880	1.0	7.7297e-320
7881	1.0	5.477004483104125e-255
7882	1.0	5.32973e-319
7883	1.0	1.594158479662163e-224
7884	1.0	1.563840735936778e-187
7885	1.0	0.0
7886	1.0	1.6006785212390469e-139
7887	1.0	4.982535714112971e-119
7888	1.0	1.2853906380066163e-223
7889	1.0	0.0
7891	1.0	5.594027272079911e-127
7892	0.9999994459036806	5.540963193751939e-07
7893	1.0	9.092195783477075e-41
7894	1.0	0.0
7895	1.0	3.436373319236843e-137
7896	1.0	8.195542949438904e-95
7897	1.0	1.5272794570296938e-243
7898	1.0	3.00764909089819e-175
7899	1.0	5.450336675346356e-87
7900	1.0	0.0
7901	1.0	6.667043391284214e-66
7902	1.0	1.884749202198552e-132
7903	1.0	3.495273262195444e-88
7904	1.0	7.286989797025538e-212
7905	1.0	1.4983845464670122e-46
7906	1.0	3.1705492142127007e-110
7907	1.0	7.1950790792291145e-78
7908	1.0	1.2666944224440522e-121
7909	1.0	3.7161745494263485e-281
7910	1.0	0.0
7911	1.0	2.465612403552653e-164
7912	1.0	3.499829885881716e-19
7913	1.0	1.4076452351319834e-189
7914	1.0	6.931486195961945e-101
7915	1.0	3.5e-323
7916	1.0	3.8854072646138145e-90
7917	1.0	1.3400604771564988e-33
7918	1.0	9.46174923331105e-82
7919	0.9999999999999998	1.1393694655985704e-16
7921	1.0	0.0
7922	1.0	1.4365085884780279e-270
7923	1.0	0.0
7924	1.0	1.4869555123666149e-171
7925	1.0	2.6220906487191786e-65
7926	1.0	1.6732632376071193e-58
7927	1.0	8.63978086220394e-232
7928	1.0	2.4307170647688363e-99
7929	1.0	0.0
7930	0.9999999999989866	1.0133631489170193e-12
7931	1.0	1.227596849367081e-76
7932	1.0	6.97374725929228e-159
7933	1.0	0.0
7934	1.0	3.428754332902698e-61
7935	1.0	6.244810979197628e-104
7936	1.0	1.9467744313977252e-246
7937	0.9999993251683499	6.748316500450594e-07
7938	1.0	1.5049225584224633e-33
7939	1.0	7.68147462190697e-43
7940	1.0	8.365e-321
7941	1.0	4.90234087785082e-209
7942	1.0	3.901482923975376e-109
7943	1.0	0.0
7944	1.0	4.258410119388455e-295
7945	0.9999918947070157	8.10529298428845e-06
7946	1.0	2.3868872489247178e-76
7947	1.0	0.0
7948	1.0	0.0
7949	1.0	5.275332417138194e-220
7951	1.0	1.7735238797203623e-27
7952	1.0	1.2929796474281167e-30
7953	1.0	7.545126800974506e-280
7954	1.0	1.1912549550184057e-66
7955	1.0	2.3136571394257876e-182
7956	1.0	8.196097307574477e-30
7957	1.0	9.312603892101083e-86
7958	1.0	0.0
7959	1.0	0.0
7960	1.0	0.0
7961	1.0	6.331533592537889e-159
7962	1.0	2.2541806777497033e-145
7963	0.9999999996645925	3.3540754620367715e-10
7964	0.9999689515399262	3.1048460073930706e-05
7965	0.9999999999999298	7.015446572499832e-14
7966	1.0	3.193520013600179e-44
7967	1.0	3.25179934216213e-58
7968	1.0	0.0
7969	1.0	1.911952220332834e-201
7970	1.0	7.722377597729202e-130
7971	1.0	0.0
7972	1.0	1.6732150162862641e-208
7973	1.0	2.43249929768641e-118
7974	1.0	1.7857417679480125e-239
7975	1.0	4.927350606246966e-246
7976	1.0	1.0270002731242075e-112
7977	1.0	4.4809512446966095e-35
7978	1.0	1.5470510734161797e-37
7979	1.0	0.0
7981	1.0	2.242368342720019e-29
7982	1.0	5.648889336863096e-161
7983	1.0	1.1899793386800372e-52
7984	1.0	0.0
7985	1.0	4.762221765069035e-38
7986	1.0	0.0
7987	1.0	2.198413744503789e-165
7988	1.0	0.0
7989	1.0	0.0
7990	1.0	0.0
7991	1.0	8.410996522972015e-26
7992	0.07886370504754393	0.9211362949524561
7993	1.0	7.905150043285912e-78
7994	1.0	1.7499203661024636e-301
7995	1.0	4.825285778065803e-25
7996	0.9999999999974385	2.561477971899645e-12
7997	1.0	3.015855080079744e-143
7998	1.0	8.65423844695502e-21
7999	1.0	3.8135817936893904e-23
8000	1.0	0.0
8001	1.0	5.922561505860253e-222
8002	1.0	5.2596210511122235e-208
8003	1.0	1.2289936014734578e-22
8004	1.0	4.2723906661897684e-161
8005	1.0	2.6411251834937353e-172
8006	1.0	4.320603255301604e-91
8007	1.0	8.938606425494826e-93
8008	1.0	4.848728469132437e-215
8009	1.0	3.586879899113965e-255
8011	1.0	0.0
8012	1.0	3.0096130227812047e-102
8013	0.9999999999999998	1.2375319409625946e-16
8014	1.0	1.5320738257052963e-79
8015	1.0	2.2843072873177967e-80
8016	1.0	2.4465216195131308e-80
8017	1.0	9.835601124689556e-50
8018	1.0	2.455872929220299e-128
8019	1.0	0.0
8020	1.0	5.324572224220863e-215
8021	1.0	4.2063455083746675e-43
8022	1.0	4.027126793253178e-290
8023	1.0	1.9423383804333255e-116
8024	1.0	2.8066811621909074e-88
8025	1.0	1.4778561173081694e-282
8026	1.0	4.0869686566872096e-272
8027	1.0	7.296437144343127e-112
8028	1.0	4.5031373386576935e-290
8029	1.0	8.127842541740597e-106
8030	1.0	1.042618689333317e-89
8031	1.0	2.923202433215508e-32
8032	1.0	2.941270084698606e-126
8033	1.0	5.040691965101267e-267
8034	1.0	1.2504386990288991e-96
8035	1.0	1.1867546370162603e-243
8036	1.0	2.9896240465941055e-239
8037	1.0	1.3136411564326396e-45
8038	1.0	6.161400170508146e-29
8039	1.0	1.1111391232058427e-91
8041	1.0	0.0
8042	1.0	2.168510049064278e-180
8043	1.0	0.0
8044	1.0	3.453354418911768e-126
8045	1.0	7.302871878556314e-299
8046	1.0	2.9020680566954716e-266
8047	1.0	0.0
8048	1.0	1.9004130792298904e-51
8049	1.0	2.2175439561202865e-22
8050	1.0	5.311863233851264e-293
8051	1.0	1.4481593594611417e-155
8052	1.0	1.9002719502138204e-48
8053	1.0	0.0
8054	1.0	2.4437857188916587e-57
8055	1.0	2.33205301670887e-297
8056	1.0	1.2280118507509908e-22
8057	1.0	3.723729621689064e-265
8058	1.0	1.2120070934912214e-38
8059	1.0	0.0
8060	1.0	5.307148051553459e-200
8061	0.9999999999999429	5.698953050279214e-14
8062	1.0	4.6602606065889676e-54
8063	1.0	3.243074053573731e-99
8064	1.0	1.3776504112013877e-113
8065	1.0	1.2202716058009422e-54
8066	1.0	1.8195008332502867e-76
8067	1.0	1.3737208018447653e-29
8068	1.0	3.06228753e-315
8069	1.0	1.497050864279713e-255
8071	1.0	0.0
8072	1.0	7.760305537017314e-35
8073	0.999999999999996	4.072323111194909e-15
8074	1.0	1.0251110160510087e-108
8075	1.0	3.6681624209414456e-26
8076	1.0	3.3945413418658194e-85
8077	1.0	7.456947726863471e-134
8078	1.0	4.5804905680231374e-120
8079	1.0	8.99671942093295e-119
8080	1.0	0.0
8081	1.0	1.0639783652136663e-112
8082	1.0	0.0
8083	1.0	0.0
8084	1.0	3.532793770882999e-123
8085	1.0	0.0
8086	1.0	0.0
8087	1.0	4.692986706540341e-129
8088	1.0	0.0
8089	1.0	0.0
8090	1.0	7.62921896302812e-56
8091	1.0	2.3471741008653525e-180
8092	1.0	0.0
8093	1.0	8.76880636285963e-114
8094	1.0	0.0
8095	1.0	0.0
8096	1.0	0.0
8097	1.0	1.057880071727528e-134
8098	1.0	4.910125809186954e-123
8099	1.0	4.415272821446545e-39
8101	1.0	0.0
8102	1.0	2.5977041670292125e-181
8103	1.0	1.1003396308114506e-84
8104	1.0	0.0
8105	1.0	0.0
8106	1.0	3.351440640805013e-75
8107	1.0	1.0957663738509625e-226
8108	1.0	1.2332873673719412e-44
8109	1.0	5.88452884923019e-201
8110	1.0	3.1256140819414834e-185
8111	1.0	0.0
8112	1.0	0.0
8113	1.0	8.047867507632701e-78
8114	1.0	8.18586686409112e-111
8115	1.0	0.0
8116	1.0	1.63e-322
8117	1.0	8.854713274290612e-52
8118	1.0	8.039123724374533e-90
8119	1.0	5.7460639052201104e-58
8120	1.0	1.94879845420255e-62
8121	1.0	0.0
8122	1.0	7.642022406964798e-164
8123	1.0	2.6227682007319953e-118
8124	1.0	6.05058145131709e-275
8125	1.0	3.5918381992388614e-111
8126	1.0	0.0
8127	1.0	2.565706318788059e-146
8128	1.0	0.0
8129	1.0	0.0
8131	1.0	0.0
8132	1.0	0.0
8133	1.0	0.0
8134	1.0	0.0
8135	1.0	1.5178272174759585e-201
8136	1.0	3.251904601504183e-306
8137	1.0	4.302469245813259e-196
8138	1.0	5.535515658937354e-112
8139	1.0	5.535515658937354e-112
8140	1.0	5.535515658937354e-112
8141	1.0	5.535515658937354e-112
8142	1.0	5.535515658937354e-112
8143	1.0	2.3824475014650946e-109
8144	1.0	1.7986004260973233e-55
8145	1.0	4.77925206641521e-250
8146	1.0	0.0
8147	1.0	6.925326870895405e-77
8148	1.0	1.3710852688979007e-75
8149	1.0	0.0
8150	1.0	1.3064670386829065e-21
8151	1.0	9.379739776212516e-143
8152	1.0	0.0
8153	1.0	0.0
8154	0.9991538027824699	0.000846197217530177
8155	1.0	6.749953554545796e-284
8156	1.0	1.6843364474059738e-87
8157	1.0	0.0
8158	1.0	1.8146581356949382e-97
8159	1.0	2.6663045531332286e-113
8161	1.0	1.388637034831357e-84
8162	1.0	1.3729392972538738e-101
8163	1.0	0.0
8164	1.0	0.0
8165	1.0	9.704080611981827e-113
8166	1.0	0.0
8167	1.0	0.0
8168	1.0	0.0
8169	1.0	0.0
8170	1.0	1.8528548537960618e-292
8171	1.0	9.891098678627e-312
8172	1.0	2.695301478442026e-134
8173	1.0	5.516790487498058e-158
8174	1.0	0.0
8175	1.0	0.0
8176	1.0	0.0
8177	1.0	7.455282618962524e-194
8178	1.0	3.7164399368555175e-104
8179	1.0	7.618907091179246e-90
8180	1.0	2.7872731688083465e-218
8181	1.0	3.7184413224444412e-233
8182	1.0	5.330810037330542e-97
8183	1.0	9.731771517805877e-166
8184	1.0	6.384410045475152e-173
8185	1.0	2.203500649189071e-143
8186	1.0	0.0
8187	1.0	1.0063802482299946e-73
8188	1.0	5.227150751981902e-54
8189	1.0	4.164895984604864e-34
8191	1.0	6.651022830786953e-211
8192	1.0	6.4396872518093375e-62
8193	1.0	1.3278943816099751e-117
8194	1.0	6.2113819634096365e-49
8195	1.0	0.0
8196	1.0	1.7672241253210302e-287
8197	1.0	0.0
8198	1.0	5.18834667556503e-155
8199	1.0	1.881143132277094e-53
8200	1.0	1.7441739587333315e-289
8201	1.0	0.0
8202	1.0	0.0
8203	1.0	0.0
8204	1.0	1.1858642572366811e-46
8205	1.0	8.25809228569485e-170
8206	1.0	2.2450927789465606e-67
8207	1.0	0.0
8208	1.0	4.298383621860156e-77
8209	1.0	1.1122666419433542e-217
8210	1.0	3.914602864547329e-162
8211	1.0	0.0
8212	1.0	9.259492898969395e-82
8213	1.0	5.4029615072477724e-39
8214	1.0	0.0
8215	1.0	0.0
8216	1.0	0.0
8217	1.0	2.075e-321
8218	1.0	4.1064925312406286e-145
8219	1.0	1.805836118312055e-181
8221	1.0	4.07692609997887e-194
8222	1.0	3.4118654376254503e-90
8223	1.0	5.689642354690924e-59
8224	1.0	8.491485433633966e-137
8225	1.0	0.0
8226	1.0	2.561299409138878e-76
8227	1.0	1.3480983473712653e-185
8228	1.0	8.393114145719777e-141
8229	1.0	2.556932948261158e-88
8230	1.0	0.0
8231	1.0	0.0
8232	1.0	8.295640415704031e-46
8233	1.0	1.1260571628789875e-279
8234	1.0	2.554225899159087e-72
8235	1.0	0.0
8236	1.0	9.623955040179645e-122
8237	1.0	3.1520330914999163e-96
8238	1.0	2.2253794846719307e-28
8239	1.0	4.244340136089287e-175
8240	1.0	2.0800911038774953e-158
8241	1.0	2.8533388818216357e-115
8242	1.0	0.0
8243	1.0	3.504056713480989e-163
8244	1.0	6.7196e-319
8245	1.0	0.0
8246	1.0	0.0
8247	1.0	2.309865408074395e-158
8248	1.0	1.9654838486942467e-209
8249	1.0	3.2453597296404487e-23
8251	1.0	0.0
8252	1.0	3.25119313065905e-272
8253	1.0	5.104514589559465e-265
8254	1.0	2.066848729433943e-197
8255	1.0	1.252e-320
8256	1.0	9.843058139050608e-164
8257	1.0	1.1358658656905745e-74
8258	1.0	5.318667289457842e-108
8259	1.0	9.637579810073827e-263
8260	1.0	8.038969234938346e-118
8261	1.0	1.0866942217041281e-92
8262	1.0	1.4478864827471361e-130
8263	1.0	0.0
8264	1.0	2.4202828356834598e-64
8265	1.0	0.0
8266	1.0	1.7711351928292227e-186
8267	1.0	0.0
8268	1.0	4.187256020191072e-282
8269	1.0	1.1397022127618077e-113
8270	1.0	0.0
8271	1.0	0.0
8272	1.0	0.0
8273	1.0	1.8878335421539992e-93
8274	1.0	0.0
8275	1.0	2.416769197452334e-112
8276	1.0	0.0
8277	1.0	5.8225194687730925e-241
8278	1.0	1.2544655763781524e-174
8279	1.0	0.0
8281	1.0	3.1067309883622645e-184
8282	1.0	0.0
8283	1.0	1.702580266446182e-86
8284	1.0	6.410932578408138e-202
8285	1.0	4.873929994938007e-175
8286	1.0	1.0572451627420583e-67
8287	1.0	1.3675237643293199e-44
8288	0.9999999999999827	1.721042132981566e-14
8289	1.0	3.0309274367335405e-104
8290	1.0	6.843357541486567e-124
8291	1.0	0.0
8292	1.0	0.0
8293	1.0	2.4211440181433713e-141
8294	1.0	7.527080672051615e-38
8295	1.0	1.297835851600346e-117
8296	1.0	1.6195790830822668e-34
8297	1.0	8.964574161299012e-86
8298	1.0	1.8973412817227705e-195
8299	1.0	3.146749724650204e-55
8300	1.0	2.994272933471832e-153
8301	1.0	1.176976333685419e-147
8302	1.0	1.9875122739789417e-115
8303	1.0	7.855333866324291e-62
8304	1.0	0.0
8305	1.0	2.550810417927963e-67
8306	1.0	0.0
8307	1.0	1.9738666547984644e-161
8308	1.0	1.0093520964549332e-97
8309	1.0	4.804932046399796e-167
8311	1.0	0.0
8312	1.0	1.7820721015014644e-249
8313	1.0	2.9357635867292304e-104
8314	1.0	0.0
8315	1.0	1.7831881382417725e-120
8316	1.0	4.982077893753831e-196
8317	1.0	3.024749153481333e-296
8318	1.0	0.0
8319	1.0	1.0908261363439245e-231
8320	1.0	1.1709199938559655e-236
8321	1.0	4.847390576188093e-273
8322	1.0	1.2624027469056991e-51
8323	1.0	6.934877434313218e-129
8324	1.0	2.549449815375084e-246
8325	1.0	0.0
8326	1.0	7.935726315530901e-58
8327	1.0	0.0
8328	1.0	0.0
8329	1.0	1.7087626880932284e-142
8330	1.0	3.150327601187617e-47
8331	1.0	6.308022626065559e-148
8332	1.0	1.0911941373976744e-77
8333	1.0	1.1635568044415539e-224
8334	1.0	7.006443650487999e-54
8335	1.0	3.421941049064514e-82
8336	1.0	2.0974279633766662e-97
8337	1.0	0.0
8338	1.0	1.007290384642359e-68
8339	1.0	0.0
8341	1.0	2.8207123314550067e-150
8342	1.0	1.7477336503167824e-123
8343	1.0	0.0
8344	1.0	9.895025701309452e-67
8345	1.0	0.0
8346	1.0	7.1780054269175095e-143
8347	1.0	0.0
8348	1.0	3.201523952294531e-138
8349	1.0	3.621330328934454e-150
8350	1.0	0.0
8351	1.0	0.0
8352	1.0	5.095067443034273e-204
8353	1.0	0.0
8354	1.0	5.4012611112e-313
8355	1.0	0.0
8356	1.0	0.0
8357	1.0	3.086117323844581e-104
8358	1.0	1.4925580795601544e-85
8359	1.0	2.2801584931766515e-135
8360	1.0	1.8620079365848187e-23
8361	1.0	7.487955140627147e-45
8362	1.0	9.844365849056307e-207
8363	1.0	4.71871432377439e-165
8364	1.0	0.0
8365	1.0	0.0
8366	1.0	4.3261303934238955e-141
8367	1.0	0.0
8368	1.0	2.466230884e-315
8369	1.0	5.758039190080775e-118
8371	1.0	5.680788187970592e-75
8372	1.0	3.963681819453141e-17
8373	1.0	0.0
8374	1.0	2.5146133285618095e-148
8375	1.0	5e-324
8376	1.0	5.3959433684114885e-24
8377	1.0	1.4438775533093348e-194
8378	1.0	9.025100911854114e-169
8379	1.0	3.22934932731209e-97
8380	1.0	0.0
8381	1.0	6.13426818567225e-61
8382	1.0	5.028249092669417e-20
8383	1.0	1.2974e-320
8384	1.0	4.367792566887653e-233
8385	1.0	4.7887889320903285e-30
8386	1.0	7.161856831784697e-36
8387	1.0	1.7026432591031714e-257
8388	1.0	1.2292479144769035e-173
8389	1.0	0.0
8390	1.0	0.0
8391	1.0	6.519663657584193e-239
8392	1.0	1.4600726360229693e-151
8393	1.0	6.783406489808365e-262
8394	1.0	1.2825324410562279e-92
8395	1.0	6.902461598403825e-116
8396	1.0	9.996078386173125e-52
8397	1.0	0.0
8398	1.0	3.1998286491713002e-130
8399	1.0	7.719067629454345e-121
8401	1.0	1.858557484212571e-134
8402	1.0	1.101546004286113e-110
8403	1.0	1.728305227009556e-132
8404	1.0	8.458765579153139e-117
8405	1.0	0.0
8406	1.0	3.403879065973643e-173
8407	1.0	0.0
8408	1.0	0.0
8409	1.0	0.0
8410	1.0	1.1808369915292033e-30
8411	1.0	3.1807210968999127e-80
8412	1.0	1.6321761712983871e-49
8413	1.0	5.047e-320
8414	1.0	3.4537219110642196e-108
8415	1.0	2.3446885791973728e-52
8416	1.0	1.0821738402269697e-82
8417	1.0	0.0
8418	1.0	1.9024092245153385e-262
8419	1.0	0.0
8420	1.0	2.1382024719867388e-88
8421	1.0	5.19190358364575e-267
8422	1.0	0.0
8423	1.0	0.0
8424	1.0	2.67895708314819e-216
8425	1.0	0.0
8426	1.0	2.0074585443244423e-57
8427	1.0	8.400894182556758e-41
8428	1.0	2.249278458092345e-78
8429	1.0	5.070244140741554e-45
8431	1.0	8.359724390043996e-190
8432	1.0	0.0
8433	1.0	1.3154702917880982e-86
8434	0.9319990880173028	0.06800091198269727
8435	1.0	1.296099471927579e-29
8436	1.0	0.0
8437	1.0	3.0743251526531428e-40
8438	1.0	1.542108792068692e-88
8439	1.0	1.4849540676814177e-96
8440	1.0	4.704490497648331e-259
8441	1.0	0.0
8442	1.0	0.0
8443	0.9999999999999998	1.1493832919755154e-16
8444	1.0	0.0
8445	1.0	1.346142899124321e-37
8446	1.0	3.481904056604067e-187
8447	1.0	1.9877437641828292e-36
8448	1.0	2.0261804805535423e-28
8449	1.0	1.6343565576856835e-18
8450	1.0	8.83767607325494e-53
8451	1.0	0.0
8452	1.0	7.556176279418142e-270
8453	1.0	6.478757673800817e-221
8454	1.0	5.65083138852077e-26
8455	1.0	3.2300431158125304e-42
8456	1.0	7.969622732481286e-187
8457	1.0	1.3862610264881164e-234
8458	1.0	1.0490337148367198e-113
8459	1.0	0.0
8461	1.0	1.3680855936302783e-192
8462	1.0	1.0396060625613952e-118
8463	1.0	1.2743498322106656e-82
8464	1.0	0.0
8465	1.0	2.409619034685198e-146
8466	1.0	1.3845028547522988e-166
8467	1.0	3.6218051659655987e-85
8468	1.0	1.2961718607092366e-216
8469	1.0	9.378556541628268e-150
8470	1.0	2.0396347457432705e-170
8471	1.0	7.519167128542216e-223
8472	1.0	0.0
8473	1.0	4.941521509263155e-155
8474	1.0	0.0
8475	1.0	1.5713131711487692e-246
8476	1.0	1.9975028833298997e-131
8477	1.0	0.0
8478	1.0	0.0
8479	1.0	6.184460187476579e-50
8480	1.0	8.692982431544177e-105
8481	1.0	4.910198458432189e-72
8482	1.0	4.811062693739532e-127
8483	1.0	6.602862376079402e-179
8484	1.0	2.1561895475168384e-32
8485	1.0	1.468914155493527e-109
8486	1.0	1.4247197084680848e-47
8487	1.0	2.069000615168219e-149
8488	1.0	1.2448055297198108e-60
8489	1.0	0.0
8491	1.0	0.0
8492	1.0	1.1083252132115296e-117
8493	0.9999979687479696	2.03125203034221e-06
8494	1.0	5.310778062912947e-82
8495	1.0	1.500253752118976e-56
8496	1.0	5.448151229063398e-155
8497	1.0	8.533478712804546e-150
8498	1.0	4.6934781199206314e-80
8499	1.0	1.1575762382785515e-45
8500	1.0	1.948503722260085e-301
8501	1.0	0.0
8502	1.0	0.0
8503	1.0	0.0
8504	1.0	4.5169918553472095e-112
8505	1.0	3.0391230075171254e-101
8506	1.0	5.29857326545023e-35
8507	1.0	2.6241615350080464e-192
8508	1.0	3.558648048301932e-156
8509	1.0	3.179688047437958e-100
8510	1.0	5.411083649898041e-38
8511	1.0	2.3204219231595476e-282
8512	1.0	4.776439754667759e-142
8513	1.0	1.4145954948136578e-80
8514	1.0	4.503990997443251e-257
8515	1.0	0.0
8516	1.0	4.085425303340163e-94
8517	1.0	9.991666197701354e-77
8518	1.0	1.101497370940612e-289
8519	1.0	3.9393427304480757e-50
8521	1.0	0.0
8522	1.0	1.4499000442083007e-65
8523	1.0	9.534943887202123e-110
8524	1.0	0.0
8525	1.0	0.0
8526	1.0	0.0
8527	1.0	3.944701075719857e-217
8528	1.0	0.0
8529	1.0	0.0
8530	1.0	4.432795124104606e-112
8531	1.0	0.0
8532	1.0	5.964049882793451e-263
8533	1.0	4.1889984820630146e-23
8534	1.0	3.531904255698041e-231
8535	1.0	0.0
8536	1.0	1.6276827309797313e-282
8537	1.0	4.444139603403055e-157
8538	1.0	0.0
8539	1.0	0.0
8540	1.0	0.0
8541	1.0	0.0
8542	1.0	1.358484392449281e-166
8543	1.0	0.0
8544	1.0	2.7240921736355866e-224
8545	1.0	9.97620142571107e-81
8546	1.0	4.288124572646048e-121
8547	1.0	0.0
8548	1.0	3.9248484514101443e-255
8549	1.0	0.0
8551	1.0	0.0
8552	1.0	2.4460033557357975e-83
8553	1.0	1.1713579875931879e-29
8554	1.0	2.7761005870469434e-178
8555	1.0	1.6533062957888775e-45
8556	1.0	2.9530560621302403e-308
8557	1.0	5.183765044798919e-179
8558	1.0	2.1398208426366222e-205
8559	1.0	0.0
8560	1.0	1.3527735649334183e-184
8561	1.0	3.1843899101856676e-48
8562	1.0	6.66602227820424e-185
8563	1.0	0.0
8564	1.0	0.0
8565	1.0	3.251319816645893e-51
8566	1.0	4.2980726218591146e-69
8567	1.0	2.081790614907447e-191
8568	1.0	6.055536088027428e-156
8569	1.0	1.0383588536623429e-279
8570	1.0	1.472126210821191e-28
8571	1.0	0.0
8572	1.0	2.596468960243444e-186
8573	1.0	1.0352255577797182e-87
8574	1.0	0.0
8575	1.0	3.6761601220026624e-260
8576	1.0	0.0
8577	1.0	0.0
8578	1.0	1.1919267125883067e-209
8579	1.0	3.978547494070222e-83
8581	1.0	6.08781462703014e-119
8582	1.0	3.193507423819134e-172
8583	1.0	1.0199537777770024e-67
8584	1.0	4.630238987898533e-48
8585	1.0	2.245288542550793e-204
8586	1.0	2.2416884655236436e-131
8587	1.0	5.240414293967699e-48
8588	1.0	3.29418322542058e-100
8589	1.0	1.4448450738986976e-205
8590	1.0	1.9530193284204227e-166
8591	1.0	6.282243066602794e-84
8592	1.0	0.0
8593	1.0	0.0
8594	1.0	1.7153975693271958e-18
8595	1.0	2.2758104719633006e-56
8596	1.0	1.8465573341215795e-129
8597	1.0	9.984085521016869e-235
8598	1.0	0.0
8599	1.0	2.4657841427383646e-237
8600	1.0	3.619739134288143e-152
8601	1.0	3.669077697321933e-193
8602	1.0	2.1626544747084735e-41
8603	1.0	4.1970689806621003e-234
8604	1.0	4.083195740476943e-45
8605	1.0	1.3216676128035542e-63
8606	0.9999999999994806	5.193106478724586e-13
8607	1.0	0.0
8608	1.0	2.5028811122006366e-258
8609	1.0	8.610710942218976e-153
8611	1.0	0.0
8612	1.0	4.588425234000119e-111
8613	1.0	4.859835888064334e-34
8614	1.0	8.921842352505737e-71
8615	1.0	4.6083579373397386e-45
8616	1.0	6.298482897877374e-65
8617	1.0	4.697688899769954e-108
8618	0.40631417014799825	0.5936858298520018
8619	1.0	0.0
8620	1.0	7.334722473708965e-44
8621	1.0	1.7161207231321124e-155
8622	1.0	3.625707150649703e-118
8623	1.0	2.0331768262710495e-56
8624	1.0	0.0
8625	1.0	1.1048724675345956e-53
8626	1.0	1.6240190626182747e-167
8627	1.0	3.566606180106383e-270
8628	1.0	3.752692118193732e-280
8629	1.0	0.0
8630	1.0	0.0
8631	1.0	0.0
8632	1.0	0.0
8633	1.0	1.0052345990870478e-152
8634	1.0	1.440072331983568e-51
8635	1.0	2.1288766339701977e-100
8636	1.0	8.777373477894507e-206
8637	1.0	6.793075606069007e-186
8638	1.0	6.147471052e-314
8639	1.0	0.0
8641	1.0	7.942587365711993e-35
8642	1.0	5.739551965346485e-284
8643	1.0	1.4159678792509655e-116
8644	1.0	5.2884021029131484e-281
8645	1.0	1e-323
8646	1.0	9.462915850137975e-239
8647	1.0	1.359e-318
8648	1.0	2.19324846032533e-111
8649	1.0	2.1317654874319983e-66
8650	1.0	3.3609035952513596e-214
8651	1.0	6.71072963026982e-192
8652	1.0	8.29690582141308e-149
8653	1.0	1.1385717268714949e-64
8654	1.0	2.402853776638955e-41
8655	1.0	0.0
8656	1.0	2.4306690879546258e-92
8657	1.0	2.7074901722379994e-75
8658	1.0	1.292761314185545e-142
8659	1.0	0.0
8660	1.0	4.771389193354324e-130
8661	1.0	0.0
8662	1.0	0.0
8663	1.0	1.3580325685364884e-196
8664	1.0	0.0
8665	1.0	0.0
8666	1.0	3.4834353034681233e-242
8667	1.0	3.5608632252695805e-151
8668	1.0	0.0
8669	1.0	2.219664268101421e-251
8671	1.0	1.5596648045884036e-203
8672	1.0	0.0
8673	1.0	1.982266652304897e-173
8674	1.0	4.2092322235716504e-44
8675	1.0	1.3484399829848552e-93
8676	1.0	0.0
8677	1.0	2.1985758340922843e-26
8678	1.0	0.0
8679	1.0	0.0
8680	1.0	5.189723150988823e-29
8681	1.0	0.0
8682	1.0	1.6994555641661499e-43
8683	1.0	1.323440736801421e-138
8684	1.0	2.1060088683960795e-226
8685	1.0	4.834571451435862e-140
8686	1.0	7.753107564912048e-85
8687	1.0	0.0
8688	1.0	0.0
8689	1.0	2.4075041141385766e-127
8690	1.0	1.7352588049017626e-41
8691	1.0	4.221365009597378e-89
8692	1.0	3.79290048182991e-51
8693	1.0	4.0332263537518485e-24
8694	1.0	0.0
8695	1.0	0.0
8696	1.0	0.0
8697	1.0	1.5063363500857925e-39
8698	1.0	1.2628288393787081e-55
8699	1.0	2.8395254260087655e-148
8701	1.0	3.2482818775831535e-120
8702	1.0	2.878087145381835e-99
8703	1.0	5.5659876632041815e-39
8704	1.0	6.18249202655883e-304
8705	1.0	0.0
8706	1.0	2.1070899998860063e-277
8707	1.0	0.0
8708	1.0	2.290095633402519e-82
8709	1.0	0.0
8710	1.0	6.352339993349596e-76
8711	0.9885647067218196	0.011435293278180336
8712	1.0	3.401304761721512e-42
8713	1.0	2.9538865746511585e-51
8714	1.0	0.0
8715	1.0	7.287487661170151e-272
8716	1.0	1.584932644212225e-233
8717	1.0	6.030362852885914e-258
8718	1.0	4.624389253890286e-280
8719	1.0	4.61575169973696e-146
8720	1.0	1.888695118435995e-140
8721	1.0	0.0
8722	1.0	6.88733959088759e-209
8723	1.0	0.0
8724	1.0	0.0
8725	1.0	6.823026982447994e-93
8726	1.0	7.976874043713744e-193
8727	1.0	0.0
8728	1.0	5.092725040302442e-82
8729	1.0	0.0
8731	1.0	7.23467647521943e-42
8732	0.918812835689789	0.08118716431021097
8733	1.0	8.2925071810314e-83
8734	1.0	4.0175571225101847e-110
8735	1.0	2.4777851689417968e-77
8736	1.0	4.0545043620376467e-230
8737	1.0	5.043125601922427e-68
8738	1.0	1.8496928180755438e-61
8739	1.0	2.010356172533171e-17
8740	1.0	5.518954150313611e-112
8741	1.0	0.0
8742	1.0	6.081107748156366e-295
8743	1.0	1.341085012702091e-287
8744	1.0	4.634789185066491e-134
8745	1.0	1.0446739948577662e-56
8746	1.0	2.2931466395735302e-113
8747	1.0	0.0
8748	1.0	1.1865293618897734e-277
8749	1.0	0.0
8750	1.0	0.0
8751	1.0	5.1445701223853026e-105
8752	1.0	1.3466752351249198e-48
8753	1.0	1.6568595892918307e-76
8754	1.0	5.017696044638176e-52
8755	1.0	3.096198523683798e-291
8756	1.0	7.476696364418349e-144
8757	1.0	1.8884635004874318e-74
8758	1.0	5.782168677347303e-99
8759	1.0	0.0
8761	1.0	0.0
8762	1.0	2.6036334846533367e-95
8763	1.0	3.211361345354132e-39
8764	1.0	3.289957120034611e-90
8765	1.0	6.104022380953807e-65
8766	1.0	3.4951182536481073e-302
8767	1.0	7.594567215854242e-101
8768	1.0	1.0296519560167312e-43
8769	1.0	0.0
8770	1.0	4.218265672902964e-143
8771	1.0	0.0
8772	1.0	0.0
8773	1.0	0.0
8774	1.0	1.3757966805982604e-188
8775	1.0	7.917033780312756e-143
8776	1.0	0.0
8777	1.0	5.922308843600341e-172
8778	1.0	0.0
8779	1.0	2.798704647009937e-244
8780	1.0	2.4815447249997304e-293
8781	1.0	1.0975501840750685e-20
8782	1.0	2.1058347661353106e-26
8783	1.0	9.252690429498316e-88
8784	1.0	5.677112143397485e-58
8785	1.0	0.0
8786	1.0	7.323753513407132e-138
8787	1.0	3.6711e-319
8788	1.0	0.0
8789	1.0	1.0557098642760012e-49
8791	1.0	1.0166457449002098e-209
8792	1.0	1.448868626993984e-75
8793	1.0	9.36801291788995e-108
8794	1.0	6.413722296009093e-151
8795	1.0	1.0669786049632848e-20
8796	1.0	4.360369142930316e-120
8797	1.0	8.269329194269787e-213
8798	1.0	4.305879787382095e-19
8799	1.0	2.666133540495526e-78
8800	0.9999999999967004	3.2995852384351396e-12
8801	1.0	1.6612960190423012e-222
8802	1.0	0.0
8803	1.0	9.36040420365378e-259
8804	1.0	2.721818906862252e-109
8805	1.0	7.605881645979418e-154
8806	1.0	1.1570769758182338e-138
8807	1.0	1.0542615413369697e-28
8808	1.0	2.1167424885699363e-25
8809	1.0	0.0
8810	1.0	0.0
8811	1.0	3.7953421572735236e-233
8812	1.0	5.551451830243929e-304
8813	1.0	0.0
8814	1.0	0.0
8815	1.0	2.254897027203493e-182
8816	1.0	1.198224802112997e-309
8817	1.0	0.0
8818	1.0	2.2889306719227197e-69
8819	1.0	4.514025089656086e-36
8821	1.0	1.5722571797633266e-75
8822	1.0	7.102181061479569e-122
8823	1.0	7.122637896659298e-66
8824	1.0	0.0
8825	1.0	0.0
8826	1.0	4.804768077587267e-57
8827	1.0	5.348952551963005e-22
8828	1.0	1.904090406923833e-38
8829	1.0	0.0
8830	1.0	5.251974424877873e-192
8831	1.0	1.675089174771418e-41
8832	1.0	2.3633569621560886e-79
8833	1.0	4.3626347644001356e-29
8834	1.0	0.0
8835	1.0	5.645518483394964e-119
8836	1.0	4.688502961468165e-149
8837	1.0	2.624367256332472e-213
8838	1.0	0.0
8839	1.0	1.6538618533781768e-269
8840	1.0	3.9559112940682906e-19
8841	1.0	4.55854152556548e-73
8842	1.0	0.0
8843	1.0	2.4343064717609857e-196
8844	1.0	2.57403195638e-312
8845	1.0	6.581227732711313e-92
8846	1.0	5.588708903450678e-198
8847	1.0	0.0
8848	1.0	0.0
8849	1.0	1.97042498793e-313
8851	1.0	2.8648788596975294e-131
8852	1.0	1.7700849005215808e-85
8853	1.0	2.571546059677628e-58
8854	1.0	7.958799225515354e-88
8855	1.0	2.1571440973245904e-121
8856	1.0	8.922583611325275e-64
8857	0.9999998738051826	1.2619481738461413e-07
8858	1.0	0.0
8859	1.0	0.0
8860	1.0	0.0
8861	1.0	0.0
8862	1.0	0.0
8863	1.0	7.32176613945052e-56
8864	1.0	3.4009017013545586e-182
8865	1.0	0.0
8866	1.0	3.1609242560545154e-59
8867	1.0	0.0
8868	1.0	2.1294189207043528e-185
8869	1.0	0.0
8870	1.0	1.1190423773305518e-34
8871	1.0	1.8461581544562163e-17
8872	1.0	2.373159005516035e-122
8873	1.0	7.225318994941972e-100
8874	1.0	1.537089923e-315
8875	1.0	3.7394286858339834e-46
8876	1.0	0.0
8877	1.0	7.901571768653996e-39
8878	1.0	3.871575511972944e-302
8879	1.0	4.8567468705224437e-73
8881	1.0	7.507961509966239e-41
8882	1.0	1.4880718429410252e-141
8883	1.0	0.0
8884	1.0	0.0
8885	1.0	0.0
8886	1.0	0.0
8887	1.0	0.0
8888	1.0	8.103966412593653e-72
8889	1.0	0.0
8890	1.0	4.0423684832071717e-53
8891	1.0	0.0
8892	1.0	0.0
8893	1.0	3.2221413907751146e-24
8894	1.0	0.0
8895	1.0	3.117180478598098e-229
8896	1.0	0.0
8897	1.0	7.967415620758616e-74
8898	1.0	7.578636067101526e-127
8899	1.0	5.699084016265029e-191
8900	1.0	0.0
8901	1.0	0.0
8902	1.0	1.2355857813356298e-160
8903	1.0	7.527102671236561e-23
8904	1.0	0.0
8905	1.0	3.0087232688036256e-162
8906	1.0	8.066370788245814e-34
8907	1.0	4.637924732009992e-168
8908	1.0	8.278130783886017e-105
8909	1.0	1.6564489906800223e-212
8911	1.0	1.6564489906800223e-212
8912	1.0	7.509067260842531e-274
8913	1.0	5.7499787884855e-74
8914	1.0	7.748332500751751e-289
8915	1.0	2.937481601069614e-55
8916	1.0	1.0515209125011652e-175
8917	1.0	1.0515209125011652e-175
8918	1.0	3.2061515378972975e-308
8919	1.0	3.2061515378972975e-308
8920	1.0	9.277476770293167e-119
8921	1.0	9.277476770293167e-119
8922	1.0	2.3043199453968265e-224
8923	1.0	1.8038042928609682e-106
8924	1.0	4.4351953011836346e-107
8925	1.0	6.31042699414285e-239
8926	1.0	3.9233936619068794e-107
8927	1.0	9.241720571792972e-176
8928	1.0	8.210518843646647e-110
8929	1.0	1.6577336744941838e-178
8930	1.0	2.937481601069614e-55
8931	1.0	0.0
8932	1.0	0.0
8933	1.0	0.0
8934	1.0	0.0
8935	1.0	0.0
8936	1.0	0.0
8937	1.0	0.0
8938	1.0	0.0
8939	1.0	4.491476567078853e-26
8941	1.0	0.0
8942	1.0	4.6064077145034085e-69
8943	1.0	4.6064077145034085e-69
8944	1.0	0.0
8945	1.0	1.767974790337783e-25
8946	1.0	7.365604418170242e-92
8947	1.0	5.910712770773135e-61
8948	1.0	0.0
8949	1.0	1.767974790337783e-25
8950	1.0	3.652330388906646e-92
8951	1.0	5.910712770773135e-61
8952	1.0	3.156876431341008e-48
8953	1.0	0.0
8954	1.0	0.0
8955	1.0	6.012210169581616e-85
8956	1.0	6.012210169581616e-85
8957	1.0	1.3965828028951298e-167
8958	1.0	1.33846201e-315
8959	1.0	1.398657220595e-312
8960	1.0	1.398657220595e-312
8961	1.0	0.0
8962	1.0	5.010898180846637e-216
8963	1.0	5.61155427131317e-182
8964	1.0	5.794354203680072e-96
8965	1.0	2.0052593494946583e-217
8966	1.0	0.0
8967	1.0	5.010898180846637e-216
8968	1.0	5.61155427131317e-182
8969	1.0	7.947743902373294e-150
8971	1.0	3.754290467286185e-242
8972	1.0	1.9205332107365378e-249
8973	1.0	3.508579723321738e-248
8974	1.0	5.001082904830195e-166
8975	1.0	1.4247056489034013e-74
8976	1.0	0.0
8977	1.0	3.508579723321738e-248
8978	1.0	5.001082904830195e-166
8979	1.0	1.4247056489034013e-74
8980	1.0	2.563894127082303e-27
8981	1.0	0.0
8982	1.0	9.202954926040006e-46
8983	1.0	2.6394845093484963e-174
8984	1.0	0.0
8985	1.0	2.134640204684389e-176
8986	1.0	2.134640204684389e-176
8987	1.0	9.827206558442731e-119
8988	1.0	0.0
8989	1.0	0.0
8990	0.0	1.0
8991	1.0	4.038803349585949e-251
8992	1.0	0.0
8993	1.0	0.0
8994	1.0	5.931546448871167e-64
8995	1.0	9.80546054717991e-104
8996	1.0	5.942319406744691e-294
8997	1.0	9.80546054717991e-104
8998	1.0	5.942319406744691e-294
8999	1.0	0.0
9001	1.0	5.081021263653505e-70
9002	1.0	0.0
9003	1.0	0.0
9004	1.0	0.0
9005	1.0	0.0
9006	1.0	5.081021263653505e-70
9007	1.0	0.0
9008	1.0	0.0
9009	4.3349377938344636e-10	0.9999999995665063
9010	0.060201413808658566	0.9397985861913415
9011	1.0	0.0
9012	1.0	1.6054610680462174e-209
9013	1.0	0.0
9014	1.0	1.6054610680462174e-209
9015	1.0	9.202954926040006e-46
9016	1.0	2.6394845093484963e-174
9017	1.0	0.0
9018	1.0	1.2861547152614651e-73
9019	1.0	1.2861547152614651e-73
9020	1.0	2.4246862683092874e-174
9021	1.0	0.0
9022	1.0	0.0
9023	1.0	2.550535800265536e-63
9024	1.0	0.0
9025	1.0	3.6000450100932495e-79
9026	1.0	0.0
9027	1.0	6.297188941230788e-222
9028	1.0	6.389932908063597e-286
9029	1.0	4.219432036189593e-158
9031	1.0	6.812123359713651e-46
9032	1.0	6.389932908063597e-286
9033	1.0	4.219432036189593e-158
9034	1.0	2.0526607842983163e-52
9035	1.0	7.799520947932188e-59
9036	1.0	0.0
9037	1.0	1.6591588389017788e-104
9038	0.9999999999994296	5.704854879174523e-13
9039	1.0	1.6591588389017788e-104
9040	1.0	9.286659651381874e-27
9041	1.0	0.0
9042	1.0	2.794258781329567e-78
9043	1.0	0.0
9044	1.0	0.0
9045	1.0	4.935281692449096e-215
9046	1.0	1.7164826395996935e-216
9047	1.0	1.1685662343457587e-141
9048	1.0	7.365514301833778e-178
9049	1.0	1.1685662343457587e-141
9050	1.0	7.365514301833778e-178
9051	1.0	5.270631900443331e-78
9052	1.0	0.0
9053	1.0	2.0985458214052982e-29
9054	1.0	1.8749334806731032e-150
9055	1.0	3.0459727853571676e-198
9056	1.0	0.0
9057	1.0	5.856182273870155e-257
9058	1.0	9.868830062549958e-296
9059	1.0	5.856182273870155e-257
9061	1.0	1.878763271898083e-207
9062	1.0	3.3862506600864066e-263
9063	1.0	3.3862506600864066e-263
9064	1.0	3.967316288453668e-247
9065	1.0	3.967316288453668e-247
9066	1.0	0.0
9067	1.0	0.0
9068	1.0	2.6576846546286076e-93
9069	1.0	1.4617088130069307e-300
9070	1.0	1.436750912985247e-114
9071	1.0	4.0069551407376335e-228
9072	1.0	2.621103943792014e-245
9073	1.0	4.0069551407376335e-228
9074	1.0	2.621103943792014e-245
9075	1.0	0.0
9076	1.0	6.874485672728775e-134
9077	1.0	0.0
9078	1.0	6.874485672728775e-134
9079	1.0	2.0985458214052982e-29
9080	1.0	6.852975727963696e-153
9081	1.0	0.0
9082	1.0	0.0
9083	1.0	2.700679984567762e-239
9084	1.0	0.0
9085	1.0	0.0
9086	1.0	2.700679984567762e-239
9087	1.0	0.0
9088	1.0	0.0
9089	1.0	0.0
9091	1.0	0.0
9092	1.0	4.101249187745831e-45
9093	1.0	7.915682652697197e-69
9094	1.0	2.0601594039907912e-33
9095	1.0	1.021556734519245e-33
9096	1.0	1.0804330548690653e-290
9097	1.0	1.0804330548690653e-290
9098	0.9999999993241948	6.758050809852427e-10
9099	1.0	9.326650528263502e-167
9100	1.0	1.6461056937488155e-78
9101	1.0	1.6461056937488155e-78
9102	1.0	0.0
9103	1.0	7.915682652697197e-69
9104	1.0	1.2809311802126689e-23
9105	1.0	1.2809311802126689e-23
9106	1.0	0.0
9107	1.0	0.0
9108	1.0	0.0
9109	1.0	1.522050404847787e-46
9110	1.0	5.566863874540539e-124
9111	1.0	1.3958329817607886e-41
9112	1.0	5.566863874540539e-124
9113	1.0	3.230269725210413e-91
9114	1.0	5.294064645798736e-79
9115	1.0	1.1078933515095663e-81
9116	1.0	0.0
9117	1.0	3.692615496035393e-282
9118	1.0	3.692615496035393e-282
9119	1.0	7.821210317914857e-182
9121	1.0	1.6737967511721584e-227
9122	1.0	0.0
9123	1.0	0.0
9124	1.0	0.0
9125	1.0	0.0
9126	1.0	9.802344352806893e-188
9127	1.0	0.0
9128	1.0	1.7970349004702197e-48
9129	1.0	4.310825201736036e-207
9130	1.0	1.230742234177855e-306
9131	1.0	7.821210317914857e-182
9132	1.0	9.802344352806893e-188
9133	1.0	0.0
9134	1.0	1.7970349004702197e-48
9135	1.0	4.310825201736036e-207
9136	1.0	1.5903958012867534e-83
9137	1.0	0.0
9138	1.0	4.891377206229924e-149
9139	1.0	1.5903958012867534e-83
9140	1.0	0.0
9141	0.9999999999999998	1.6882050121789911e-16
9142	0.9999999999999998	1.6882050121789911e-16
9143	1.0	1.230742234177855e-306
9144	1.0	0.0
9145	1.0	0.0
9146	1.0	7.66661607985284e-175
9147	1.0	7.66661607985284e-175
9148	1.0	3.1796985514195403e-31
9149	1.0	0.0
9151	1.0	0.0
9152	1.0	0.0
9153	1.0	0.0
9154	1.0	2.0574762204945075e-45
9155	1.0	0.0
9156	1.0	0.0
9157	1.0	0.0
9158	1.0	2.6314426905062143e-48
9159	1.0	0.0
9160	1.0	3.929681320482146e-141
9161	1.0	3.0857554760334673e-226
9162	1.0	1.7818590852514778e-99
9163	1.0	1.7818590852514778e-99
9164	1.0	3.0857554760334673e-226
9165	1.0	0.0
9166	1.0	1.052735e-318
9167	1.0	0.0
9168	1.0	2.2252119015862867e-224
9169	1.0	2.0881011110133796e-111
9170	1.0	0.0
9171	1.0	1.052735e-318
9172	1.0	0.0
9173	1.0	2.2252119015862867e-224
9174	1.0	2.0881011110133796e-111
9175	1.0	5.995987424650047e-163
9176	1.0	5.995987424650047e-163
9177	1.0	0.0
9178	1.0	0.0
9179	1.0	0.0
9181	1.0	0.0
9182	1.0	0.0
9183	1.0	0.0
9184	1.0	0.0
9185	1.0	1.9164454536489533e-53
9186	1.0	6.471513944219176e-202
9187	1.0	4.7551271208501005e-116
9188	1.0	1.9164454536489533e-53
9189	1.0	5.815975292763464e-205
9190	1.0	4.2734516354581486e-119
9191	1.0	0.0
9192	1.0	0.0
9193	1.0	2.98834026660393e-285
9194	1.0	2.98834026660393e-285
9195	1.0	3.552844080728832e-113
9196	1.0	2.6426849640482333e-181
9197	1.0	3.552844080728832e-113
9198	1.0	2.6426849640482333e-181
9199	1.0	0.0
9200	1.0	0.0
9201	1.0	5.020766108754181e-232
9202	1.0	0.0
9203	1.0	0.0
9204	1.0	0.0
9205	1.0	0.0
9206	1.0	0.0
9207	1.0	0.0
9208	1.0	0.0
9209	1.0	0.0
9211	1.0	0.0
9212	1.0	0.0
9213	1.0	2.917221603157e-311
9214	1.0	0.0
9215	1.0	0.0
9216	1.0	4.94763376915024e-248
9217	1.0	0.0
9218	1.0	4.94763376915024e-248
9219	1.0	0.0
9220	1.0	0.0
9221	1.0	2.8602967715509854e-259
9222	1.0	7.23576497907096e-222
9223	1.0	7.639280017088044e-120
9224	1.0	1.2117588122532248e-38
9225	1.0	3.6813789105240133e-168
9226	1.0	2.542418564168823e-220
9227	1.0	2.542418564168823e-220
9228	1.0	4.705409890049599e-53
9229	1.0	4.705409890049599e-53
9230	1.0	0.0
9231	1.0	2.917221603157e-311
9232	1.0	2.8540881928687628e-180
9233	1.0	2.4077353773900342e-161
9234	1.0	4.197739714267159e-266
9235	1.0	0.0
9236	1.0	4.252175466483006e-38
9237	1.0	2.4077353773900342e-161
9238	1.0	4.197739714267159e-266
9239	1.0	0.0
9241	1.0	2.2388625869951344e-144
9242	1.0	1.9716213010399366e-293
9243	1.0	0.0
9244	1.0	3.6491839624868354e-81
9245	1.0	0.0
9246	1.0	0.0
9247	1.0	0.0
9248	1.0	0.0
9249	1.0	0.0
9250	1.0	0.0
9251	1.0	6.786667020413826e-138
9252	1.0	1.0328645494513097e-98
9253	1.0	8.425251195853339e-234
9254	1.0	3.7913612952004084e-216
9255	1.0	1.4886651437814857e-66
9256	1.0	8.425251195853339e-234
9257	1.0	3.7913612952004084e-216
9258	1.0	1.4886651437814857e-66
9259	1.0	6.863697715258941e-59
9260	1.0	1.2541974465491206e-151
9261	1.0	3.590287344054531e-174
9262	1.0	2.2353079131545458e-200
9263	1.0	2.1941992010717436e-243
9264	1.0	0.0
9265	1.0	0.0
9266	1.0	0.0
9267	1.0	6.566953505804471e-153
9268	1.0	0.0
9269	1.0	0.0
9271	1.0	0.0
9272	1.0	0.0
9273	1.0	1.297615991462879e-48
9274	1.0	1.6284721182474656e-21
9275	1.0	1.4363717812817718e-61
9276	1.0	5.873343588009639e-205
9277	1.0	5.873343588009639e-205
9278	1.0	5.590983847455554e-271
9279	1.0	7.946041417191714e-179
9280	1.0	1.297615991462879e-48
9281	1.0	7.946041417191714e-179
9282	1.0	0.0
9283	1.0	5.400907981972411e-80
9284	1.0	0.0
9285	1.0	1.1953434181409486e-106
9286	1.0	7.581892320193892e-96
9287	1.0	7.581892320193892e-96
9288	1.0	6.566953505804471e-153
9289	1.0	1.6760870414465285e-272
9290	1.0	0.0
9291	1.0	1.972925937787047e-253
9292	1.0	1.972925937787047e-253
9293	1.0	9.024015799021028e-213
9294	1.0	9.024015799021028e-213
9295	1.0	7.852166775332492e-130
9296	1.0	0.0
9297	1.0	0.0
9298	1.0	7.852166775332492e-130
9299	1.0	0.0
9301	1.0	6.025359315714311e-49
9302	0.9999999999982458	1.7541938878107691e-12
9303	0.9999999999982458	1.7541938878107691e-12
9304	1.0	7.167673940210919e-103
9305	1.0	0.0
9306	1.0	1.0654872026884676e-104
9307	1.0	1.158600129822663e-132
9308	1.0	0.0
9309	1.0	7.327713499160068e-130
9310	1.0	0.0
9311	1.0	0.0
9312	1.0	3.886507129353497e-27
9313	1.0	4.0279361951563526e-48
9314	1.0	4.816140864809943e-129
9315	1.0	7.327713499160068e-130
9316	1.0	0.0
9317	1.0	0.0
9318	1.0	3.886507129353497e-27
9319	1.0	7.225110754597528e-51
9320	1.0	4.816140864809943e-129
9321	1.0	0.0
9322	1.0	0.0
9323	1.0	0.0
9324	1.0	1.3343271567454372e-99
9325	1.0	3.9911618167269e-176
9326	1.0	0.0
9327	1.0	3.9911618167269e-176
9328	1.0	7.11116171436498e-29
9329	1.0	1.959174019761568e-220
9331	1.0	1.0551214659440269e-272
9332	1.0	4.343826412039297e-42
9333	1.0	1.0551214659440269e-272
9334	1.0	8.203646641531557e-108
9335	1.0	0.0
9336	1.0	0.0
9337	1.0	4.853952981555455e-174
9338	1.0	1.5849909392737583e-22
9339	1.0	0.0
9340	1.0	0.0
9341	1.0	2.0122327872752676e-59
9342	1.0	8.203646641531557e-108
9343	1.0	0.0
9344	1.0	9.523586396723166e-168
9345	1.0	0.0
9346	1.0	0.0
9347	1.0	1.238284261309424e-105
9348	1.0	1.238284261309424e-105
9349	1.0	3.899506088141924e-226
9350	1.0	3.997869477318654e-51
9351	1.0	0.0
9352	1.0	0.0
9353	1.0	0.0
9354	1.0	0.0
9355	1.0	0.0
9356	1.0	0.0
9357	1.0	0.0
9358	1.0	0.0
9359	1.0	2.3155098501551763e-289
9361	1.0	4.673896242218959e-84
9362	1.0	4.7080069013735666e-45
9363	1.0	4.416137354413014e-67
9364	0.9999999999999174	8.249880052519589e-14
9365	1.0	4.673896242218959e-84
9366	0.9999999999999998	1.5036165665674175e-16
9367	1.0	3.433456895252863e-248
9368	1.0	6.818490739990246e-255
9369	1.0	3.2951504902933994e-93
9370	1.0	3.2951504902933994e-93
9371	1.0	7.971495485718699e-23
9372	1.0	7.971495485718699e-23
9373	1.0	1.3343271567454372e-99
9374	1.0	4.823027326052694e-94
9375	1.0	4.823027326052694e-94
9376	1.0	0.0
9377	1.0	0.0
9378	1.0	7.874584244637976e-40
9379	1.0	2.0943483176748532e-36
9380	1.0	7.874584244637976e-40
9381	1.0	2.0943483176748532e-36
9382	1.0	0.0
9383	1.0	0.0
9384	1.0	1.0103228166572795e-46
9385	1.0	3.012485529856155e-212
9386	1.0	3.012485529856155e-212
9387	1.0	1.9153505921497448e-196
9388	1.0	4.03927692754581e-189
9389	1.0	3.997869477318654e-51
9391	1.0	3.5905990470836605e-162
9392	1.0	2.26694466e-315
9393	1.0	0.0
9394	1.0	9.515106109442498e-184
9395	1.0	3.5905990470836605e-162
9396	1.0	5.104451522371245e-282
9397	1.0	2.26694466e-315
9398	1.0	5.104451522371245e-282
9399	1.0	1.757530106544352e-181
9400	1.0	2.2697115660513373e-265
9401	1.0	4.547781094214754e-113
9402	1.0	1.757530106544352e-181
9403	1.0	2.2697115660513373e-265
9404	1.0	3.617022387598858e-126
9405	1.0	0.0
9406	1.0	9.515106109442498e-184
9407	1.0	1.9185047062110017e-86
9408	1.0	6.769615045244082e-114
9409	1.0	4.462202534633634e-39
9410	1.0	1.2044612699648476e-88
9411	1.0	6.769615045244082e-114
9412	1.0	1.7627876768084093e-65
9413	1.0	2.3155098501551763e-289
9414	1.0	0.0
9415	1.0	2.664517563411062e-251
9416	1.0	0.0
9417	1.0	2.664517563411062e-251
9418	1.0	1.0201670449093208e-88
9419	1.0	3.152848588482498e-69
9421	1.0	0.0
9422	1.0	0.0
9423	1.0	0.0
9424	1.0	0.0
9425	1.0	0.0
9426	1.0	0.0
9427	1.0	1.094206502772107e-303
9428	1.0	0.0
9429	1.0	1.3979745890600814e-140
9430	1.0	1.3979745890600814e-140
9431	1.0	7.652567119071534e-116
9432	1.0	7.652567119071534e-116
9433	1.0	1.094206502772107e-303
9434	1.0	8.603518745639492e-57
9435	1.0	8.603518745639492e-57
9436	1.0	4.622150969727356e-72
9437	1.0	0.0
9438	1.0	9.672814126099812e-75
9439	1.0	0.0
9440	1.0	1.4584959645371928e-128
9441	1.0	9.814943527469972e-120
9442	1.0	6.319517009198074e-199
9443	1.0	9.814943527469972e-120
9444	1.0	1.8287127095896637e-50
9445	1.0	6.319517009198074e-199
9446	1.0	0.0
9447	1.0	0.0
9448	1.0	1.9141890953728355e-82
9449	1.0	1.9141890953728355e-82
9451	1.0	3.9710956373031573e-190
9452	1.0	6.104315668532906e-75
9453	1.0	0.0
9454	1.0	3.9710956373031573e-190
9455	1.0	6.104315668532906e-75
9456	1.0	1.3401473598661896e-99
9457	1.0	6.193925985806928e-131
9458	1.0	1.3401473598661896e-99
9459	1.0	3.7022547799827183e-134
9460	1.0	0.0
9461	1.0	0.0
9462	1.0	0.0
9463	1.0	1.6737597312355857e-151
9464	1.0	8.174326922363434e-209
9465	1.0	1.6737597312355857e-151
9466	1.0	8.174326922363434e-209
9467	1.0	1.492750494818048e-251
9468	1.0	1.492750494818048e-251
9469	1.0	1.2078377338863886e-45
9470	1.0	4.912304287665848e-45
9471	1.0	1.6148791351686694e-32
9472	1.0	8.867495370242051e-32
9473	1.0	4.310274959516699e-73
9474	1.0	1.0745847751237919e-74
9475	1.0	7.64695710931733e-51
9476	1.0	1.8750525633184717e-199
9477	1.0	3.877449956540978e-131
9478	1.0	0.0
9479	1.0	2.3996722265644445e-209
9481	1.0	1.8750525633184717e-199
9482	1.0	9.533876760289386e-132
9483	1.0	0.0
9484	1.0	4.8545077270142126e-43
9485	1.0	2.2972320479191728e-187
9486	1.0	2.2972320479191728e-187
9487	1.0	0.0
9488	1.0	4.694851371106523e-81
9489	1.0	5.328467844347155e-75
9490	1.0	7.64695710931733e-51
9491	1.0	0.0
9492	1.0	7.587359651404225e-188
9493	1.0	6.943376740401776e-206
9494	0.9999999999983755	1.6244709928083908e-12
9495	1.0	1.0048922892852896e-154
9496	1.0	3.273402423905384e-159
9497	1.0	1.0048922892852896e-154
9498	1.0	0.0
9499	1.0	9.186977724907218e-268
9500	1.0	2.5471895934324614e-143
9501	1.0	1.3868335472991445e-262
9502	1.0	8.496751971188472e-142
9503	1.0	4.757957247488573e-251
9504	1.0	4.757957247488573e-251
9505	1.0	7.587359651404225e-188
9506	1.0	5.9119049085915186e-36
9507	1.0	5.9119049085915186e-36
9508	1.0	3.414599909557026e-132
9509	1.0	9.185455843487404e-43
9511	1.0	1.0444220562021114e-85
9512	1.0	0.0
9513	1.0	5.18139962597786e-36
9514	1.0	1.5422786448344061e-205
9515	1.0	2.2188383798979063e-116
9516	1.0	0.0
9517	1.0	2.2948073361260585e-110
9518	1.0	2.2610075064226115e-72
9519	1.0	0.0
9520	1.0	1.209458528859805e-241
9521	1.0	1.070632727669461e-274
9522	0.9999999999993594	6.405082776019967e-13
9523	1.0	0.0
9524	1.0	7.294604589961797e-78
9525	1.0	0.0
9526	1.0	0.0
9527	1.0	1.4776849590211383e-101
9528	1.0	4.302451533e-315
9529	1.0	6.476497695678301e-221
9530	1.0	1.4370953634694806e-186
9531	1.0	7.249312937947415e-69
9532	1.0	2.5057530723583007e-145
9533	1.0329889329018019e-60	1.0
9534	1.5064998381955947e-68	1.0
9535	0.0	1.0
9536	3.0072655229866328e-83	1.0
9537	0.0	1.0
9538	0.0	1.0
9539	4.097787346549094e-135	1.0
9541	3.6911247333507466e-49	1.0
9542	0.0	1.0
9543	1.3091778361702427e-118	1.0
9544	1.9998526206497568e-286	1.0
9545	1.0281135364802162e-86	1.0
9546	2.159983695344878e-109	1.0
9547	2.3912111781797914e-109	1.0
9548	0.0	1.0
9549	2.4218674190062505e-48	1.0
9550	9.165213468572232e-22	1.0
9551	1.3683998444067585e-26	1.0
9552	1.485519460751137e-106	1.0
9553	5.256786131701219e-218	1.0
9554	1.8490584484693214e-22	1.0
9555	3.293997203990751e-158	1.0
9556	0.0	1.0
9557	0.0	1.0
9558	1.1612819330984565e-09	0.999999998838718
9559	2.808381541903037e-247	1.0
9560	6.939983656933823e-06	0.9999930600163431
9561	8.661102255399771e-280	1.0
9562	2.4490465836740403e-130	1.0
9563	3.8689879318719663e-61	1.0
9564	1.3130962648829887e-39	1.0
9565	2.0116009362101074e-35	1.0
9566	6.070497258531742e-112	1.0
9567	2.088074990987827e-85	1.0
9568	1.383535159097879e-274	1.0
9569	4.882711327465058e-54	1.0
9571	9.724632829465279e-185	1.0
9572	0.0	1.0
9573	3.023193344482001e-153	1.0
9574	1.9122737435030125e-140	1.0
9575	5.950562981621946e-103	1.0
9576	1.730493548801333e-91	1.0
9577	6.642307034959823e-101	1.0
9578	2.1079161597838126e-57	1.0
9579	1.7745873957107435e-138	1.0
9580	3.5676851896323977e-103	1.0
9581	1.5286826696411628e-102	1.0
9582	3.667078895766944e-102	1.0
9583	5.829594087320014e-113	1.0
9584	0.0	1.0
9585	1.888232460609352e-133	1.0
9586	8.061651386296833e-209	1.0
9587	1.6594173315642028e-122	1.0
9588	8.146484997249628e-72	1.0
9589	4.336276837035834e-115	1.0
9590	1.3740782707946753e-99	1.0
9591	1.17640425248554e-25	1.0
9592	2.3017240407192264e-73	1.0
9593	0.0	1.0
9594	1.8936921651621347e-31	1.0
9595	1.2610037396435642e-119	1.0
9596	6.385065337099145e-232	1.0
9597	6.873331442834548e-77	1.0
9598	5.975302683418631e-50	1.0
9599	1.6373319355945435e-20	1.0
9601	3.0755117031249273e-156	1.0
9602	3.554672079164972e-120	1.0
9603	4.888294161557895e-191	1.0
9604	2.0622364341478428e-272	1.0
9605	3.1785438768996322e-273	1.0
9606	1.3733822020043127e-51	1.0
9607	7.435543997921193e-13	0.9999999999992564
9608	9.164441923779975e-77	1.0
9609	0.0	1.0
9610	1.2357938225743663e-173	1.0
9611	1.807377108214423e-105	1.0
9612	1.593264028384167e-92	1.0
9613	1.554959040440599e-95	1.0
9614	0.0	1.0
9615	4.657210364781765e-107	1.0
9616	1.1528161909648071e-175	1.0
9617	9.929875770665928e-84	1.0
9618	1.653939546392347e-130	1.0
9619	4.050729270437564e-68	1.0
9620	1.9274485656897458e-63	1.0
9621	1.7250683966666086e-142	1.0
9622	3.936530622693762e-36	1.0
9623	1.2371187374111515e-179	1.0
9624	0.0	1.0
9625	4.36643404471092e-190	1.0
9626	4.126516331894485e-11	0.9999999999587348
9627	0.0	1.0
9628	1.9596365720501447e-161	1.0
9629	0.0	1.0
9631	6.293429067104031e-55	1.0
9632	2.1575998015708316e-143	1.0
9633	4.461338405024322e-239	1.0
9634	3.6865850738009064e-164	1.0
9635	7.277167471280927e-46	1.0
9636	3.706230263269475e-101	1.0
9637	4.936980757635414e-73	1.0
9638	5.637147725480749e-58	1.0
9639	2.151017897169354e-92	1.0
9640	1.2040872600584934e-76	1.0
9641	1.8328187878488426e-163	1.0
9642	0.0	1.0
9643	0.0	1.0
9644	9.86159204612876e-141	1.0
9645	1.832888384755894e-76	1.0
9646	1.223491047444332e-61	1.0
9647	4.386657021218447e-193	1.0
9648	1.8769031315206983e-114	1.0
9649	6.062524925918284e-213	1.0
9650	7.034682494725209e-135	1.0
9651	1.0852703773355743e-188	1.0
9652	1.559788407550275e-106	1.0
9653	1.8647778595330613e-179	1.0
9654	1.0376619580385304e-53	1.0
9655	1.778841108021291e-79	1.0
9656	1.5097542746447414e-71	1.0
9657	2.6426226008504794e-32	1.0
9658	1.603709814180298e-132	1.0
9659	0.0	1.0
9661	5.446406294077927e-20	1.0
9662	0.0	1.0
9663	4.085753880839036e-202	1.0
9664	0.0	1.0
9665	1.3768194350969543e-47	1.0
9666	4.992492361550488e-146	1.0
9667	1.5089957170271829e-90	1.0
9668	1.3640328793311002e-103	1.0
9669	0.0	1.0
9670	9.882267750462238e-193	1.0
9671	0.0	1.0
9672	1.5629524469797766e-187	1.0
9673	4.978018701822875e-205	1.0
9674	4.224195705388621e-270	1.0
9675	1.5807704450840814e-303	1.0
9676	2.96766808692451e-190	1.0
9677	2.002765281164187e-75	1.0
9678	3.1006136427856866e-191	1.0
9679	7.218820035867883e-111	1.0
9680	6.696342105285731e-82	1.0
9681	5.4413386693688576e-33	1.0
9682	0.0	1.0
9683	2.0478505991289475e-213	1.0
9684	2.0244173036133393e-50	1.0
9685	6.228006741899464e-175	1.0
9686	3.7931544207611346e-180	1.0
9687	6.0010225955790944e-229	1.0
9688	9.987370494751174e-70	1.0
9689	0.0	1.0
9691	2.1391210713428152e-91	1.0
9692	5.917688408392412e-61	1.0
9693	8.860046085070977e-40	1.0
9694	1.9927972563102246e-62	1.0
9695	2.176860631908091e-151	1.0
9696	2.0269581506801833e-140	1.0
9697	1.9085688443286008e-57	1.0
9698	3.143944315641872e-83	1.0
9699	0.0	1.0
9700	2.247029957983386e-65	1.0
9701	0.0	1.0
9702	4.795236252925033e-124	1.0
9703	2.0899343739722173e-120	1.0
9704	4.0802399314967015e-88	1.0
9705	8.949727517264108e-194	1.0
9706	6.709922486311769e-66	1.0
9707	1.2748798909474617e-41	1.0
9708	1.2557969179820177e-269	1.0
9709	1.9573223845968074e-88	1.0
9710	9.350136396019838e-138	1.0
9711	4.652616235605966e-136	1.0
9712	2.881200558707183e-165	1.0
9713	1.3914356432836384e-64	1.0
9714	5.539668371842168e-77	1.0
9715	5.156048227196865e-53	1.0
9716	1.3977330036347931e-106	1.0
9717	3.117464272150728e-160	1.0
9718	0.0	1.0
9719	3.005364324660663e-40	1.0
9721	7.71408578551995e-147	1.0
9722	0.0	1.0
9723	1.1259099542179924e-116	1.0
9724	7.839733265268119e-70	1.0
9725	0.0	1.0
9726	1.062699196199675e-177	1.0
9727	4.4693577593758525e-236	1.0
9728	2.7243317601855557e-307	1.0
9729	3.7938270270280194e-274	1.0
9730	1.6828939529465317e-111	1.0
9731	8.212703901502237e-99	1.0
9732	2.0284129412950953e-89	1.0
9733	2.100285417323513e-85	1.0
9734	3.4289411493213893e-133	1.0
9735	4.2034411219358766e-55	1.0
9736	0.0	1.0
9737	0.0	1.0
9738	5.378187278902969e-13	0.9999999999994622
9739	2.3837342100552404e-303	1.0
9740	2.3623122301507948e-194	1.0
9741	0.0	1.0
9742	0.0	1.0
9743	3.960995664859242e-68	1.0
9744	3.522584771203627e-50	1.0
9745	3.5758720803632352e-71	1.0
9746	6.861268482897162e-123	1.0
9747	1.4638510874378118e-142	1.0
9748	1.1372019928674296e-58	1.0
9749	6.879882060084174e-164	1.0
9751	0.20681338055934975	0.7931866194406503
9752	0.0	1.0
9753	0.0	1.0
9754	5.167370895776598e-66	1.0
9755	0.0	1.0
9756	3.24085266028794e-238	1.0
9757	1.2459113262648063e-305	1.0
9758	2.461943973906846e-168	1.0
9759	2.3761677403347683e-26	1.0
9760	3.142069625724675e-207	1.0
9761	1.6964865421878925e-90	1.0
9762	1.278750084682492e-48	1.0
9763	4.217868505825531e-108	1.0
9764	2.429096794889217e-34	1.0
9765	4.379932773503938e-180	1.0
9766	4.7393501006017145e-89	1.0
9767	1.0372615927478472e-191	1.0
9768	2.770683806689601e-170	1.0
9769	2.4186052702229092e-105	1.0
9770	5.290412641331203e-88	1.0
9771	2.9019219750603816e-100	1.0
9772	1.5760846146580618e-115	1.0
9773	1.3494080328254594e-75	1.0
9774	1.7283819941495078e-90	1.0
9775	5.141290765499051e-110	1.0
9776	4.942476207243523e-16	0.9999999999999996
9777	1.914537189652395e-86	1.0
9778	3.177724867447775e-148	1.0
9779	1.79548e-318	1.0
9781	2.7326907843399066e-126	1.0
9782	3.5361832368684286e-99	1.0
9783	3.536932495826546e-102	1.0
9784	1.9115329063390442e-26	1.0
9785	7.187998617610958e-134	1.0
9786	8.724087129709569e-191	1.0
9787	6.4043358194132e-170	1.0
9788	5.587018614138206e-68	1.0
9789	1.6219130053528058e-106	1.0
9790	0.0	1.0
9791	6.667566321498375e-65	1.0
9792	0.0	1.0
9793	2.988658192136061e-19	1.0
9794	1.3081739981753142e-11	0.9999999999869182
9795	1.8804057857733788e-98	1.0
9796	0.0	1.0
9797	1.0955196764225424e-79	1.0
9798	1.2283309935614348e-80	1.0
9799	3.8872182828463776e-25	1.0
9800	0.0	1.0
9801	8.920796194781668e-73	1.0
9802	0.0	1.0
9803	7.593231018795274e-93	1.0
9804	3.4044822557297234e-67	1.0
9805	4.7743240544717477e-79	1.0
9806	7.382898482088766e-73	1.0
9807	1.0621540681937858e-75	1.0
9808	4.552231739677961e-104	1.0
9809	4.004620205531109e-79	1.0
9811	8.906831620335126e-175	1.0
9812	2.0753691365364297e-64	1.0
9813	5.674567034795904e-28	1.0
9814	6.739046920744807e-120	1.0
9815	1.342636235191016e-35	1.0
9816	5.98859755731427e-79	1.0
9817	2.0513402476353203e-161	1.0
9818	5.972595231016559e-82	1.0
9819	8.525876050755593e-109	1.0
9820	4.7062575259795194e-101	1.0
9821	5.620592378698913e-62	1.0
9822	2.546961167275027e-159	1.0
9823	1.5967694234746162e-120	1.0
9824	6.653985193076109e-104	1.0
9825	5.391509829739412e-71	1.0
9826	4.4805319102197445e-36	1.0
9827	3.1251043507817764e-78	1.0
9828	0.0	1.0
9829	0.0	1.0
9830	0.0	1.0
9831	2.9635204457919677e-54	1.0
9832	6.478848482112651e-117	1.0
9833	8.682477713470382e-137	1.0
9834	6.182576285790481e-250	1.0
9835	3.711662388982188e-142	1.0
9836	1.5671131778998578e-84	1.0
9837	2.3611245937216447e-265	1.0
9838	1.2717148560112876e-26	1.0
9839	4.297587220674654e-205	1.0
9841	2.2086328631767713e-292	1.0
9842	1.7512332522414036e-125	1.0
9843	9.251780068273927e-27	1.0
9844	7.780409475649357e-164	1.0
9845	6.063732770720862e-109	1.0
9846	6.127343359629081e-144	1.0
9847	2.7702024141743484e-151	1.0
9848	1.8442177711214712e-167	1.0
9849	2.5982435203746063e-66	1.0
9850	4.147592936629549e-62	1.0
9851	7.423502919510054e-30	1.0
9852	0.02386086885102492	0.9761391311489751
9853	1.3411355459049098e-69	1.0
9854	0.0	1.0
9855	6.078922801830656e-112	1.0
9856	4.554584215215992e-25	1.0
9857	1.1026183904249478e-215	1.0
9858	8.470888737157214e-90	1.0
9859	3.889329824322592e-94	1.0
9860	7.109315540268973e-96	1.0
9861	8.542423509325112e-110	1.0
9862	2.218294493552879e-117	1.0
9863	8.65e-321	1.0
9864	1.896463674628764e-217	1.0
9865	0.0	1.0
9866	2.569473899361815e-68	1.0
9867	4.125263949848194e-95	1.0
9868	0.0	1.0
9869	5.139327863710645e-99	1.0
9871	0.0	1.0
9872	3.076073745960435e-254	1.0
9873	4.04936e-319	1.0
9874	9.484100312456565e-91	1.0
9875	1.6512784070985108e-181	1.0
9876	5.914069836496052e-125	1.0
9877	2.236366751467557e-292	1.0
9878	1.860082112098967e-101	1.0
9879	0.0	1.0
9880	1.4759059191604632e-55	1.0
9881	2.16270363626672e-200	1.0
9882	1.5655540927379404e-212	1.0
9883	2.663993957889625e-172	1.0
9884	1.456018085153394e-104	1.0
9885	1.100939150912537e-117	1.0
9886	7.9674714081218895e-143	1.0
9887	7.059888572847551e-211	1.0
9888	1.949455252568819e-61	1.0
9889	6.599865523482437e-113	1.0
9890	3.2642928888542667e-132	1.0
9891	1.7487471346396183e-14	0.9999999999999825
9892	2.1478123250644256e-149	1.0
9893	0.0	1.0
9894	2.641883088860878e-45	1.0
9895	1.6507173922416312e-183	1.0
9896	1.390815073467033e-193	1.0
9897	1.3060303542722919e-185	1.0
9898	2.2466487329521326e-300	1.0
9899	1.0144860901816425e-241	1.0
9901	3.0531725082610055e-155	1.0
9902	3.444699678090013e-106	1.0
9903	1.0554952634611812e-169	1.0
9904	6.665966134714966e-67	1.0
9905	3.894219104074469e-129	1.0
9906	3.7770361342376616e-94	1.0
9907	3.264773997474433e-255	1.0
9908	7.552603742409658e-296	1.0
9909	4.432304185179501e-150	1.0
9910	1.2788683108763672e-81	1.0
9911	3.5425392036519424e-101	1.0
9912	3.767791545110731e-70	1.0
9913	0.0	1.0
9914	9.744192122561029e-70	1.0
9915	1.7433089501136834e-71	1.0
9916	0.0	1.0
9917	1.1047036829147848e-133	1.0
9918	6.404879598509166e-205	1.0
9919	2.705377464661068e-116	1.0
9920	4.574408620945865e-166	1.0
9921	8.781411353861443e-76	1.0
9922	5.040647508297013e-53	1.0
9923	1.254714476802207e-77	1.0
9924	1.2889323163180967e-146	1.0
9925	1.8756801369247754e-138	1.0
9926	1.8344004601815975e-88	1.0
9927	8.553326154724524e-169	1.0
9928	3.004915969627699e-97	1.0
9929	4.346025348148625e-296	1.0
9931	0.0	1.0
9932	5.355993627562835e-28	1.0
9933	9.426880620024755e-292	1.0
9934	1.2395336161387787e-29	1.0
9935	1.0008625148010468e-126	1.0
9936	0.0	1.0
9937	1.2749650590163329e-290	1.0
9938	1.352794589538388e-58	1.0
9939	7.026812050313773e-175	1.0
9940	1.5076208819429788e-177	1.0
9941	0.0	1.0
9942	1.628255733472148e-51	1.0
9943	0.0	1.0
9944	0.0	1.0
9945	0.0	1.0
9946	5.693384337136342e-58	1.0
9947	0.0	1.0
9948	0.0	1.0
9949	0.0	1.0
9950	0.0	1.0
9951	0.0	1.0
9952	0.0	1.0
9953	7.076639539086189e-153	1.0
9954	0.0	1.0
9955	0.0	1.0
9956	0.0	1.0
9957	0.0	1.0
9958	0.0	1.0
9959	0.0	1.0
9961	0.0	1.0
9962	3.476693154433794e-72	1.0
9963	3.4165467947527514e-75	1.0
9964	1.2646303593664854e-33	1.0
9965	3.572875787372991e-114	1.0
9966	2.387815884784558e-128	1.0
9967	8.576955207138287e-141	1.0
9968	1.3592777126454154e-135	1.0
9969	2.4607813549692445e-63	1.0
9970	1.0103871842253661e-125	1.0
9971	2.559249568045913e-95	1.0
9972	3.594724511033824e-219	1.0
9973	6.405864187938711e-260	1.0
9974	1.2104092814845008e-95	1.0
9975	6.733118323422753e-41	1.0
9976	0.0	1.0
9977	2.792581137986385e-32	1.0
9978	5.4165097766442664e-173	1.0
9979	7.613313797365318e-113	1.0
9980	0.0	1.0
9981	3.052735179637779e-210	1.0
9982	1.1616927721594242e-48	1.0
9983	9.271258715689446e-290	1.0
9984	9.680776638829713e-69	1.0
9985	1.0724314677601936e-114	1.0
9986	6.840770517643155e-123	1.0
9987	1.0718334809984905e-185	1.0
9988	2.7782161127211476e-84	1.0
9989	0.0	1.0
9991	6.70869915921619e-293	1.0
9992	1.2262773964732998e-180	1.0
9993	0.0	1.0
9994	1.9606464604989317e-39	1.0
9995	1.1811324203175515e-61	1.0
9996	0.0	1.0
9997	8.652988812163546e-136	1.0
9998	7.715078855336885e-190	1.0
9999	2.893037783048877e-171	1.0
10000	3.827758093288705e-92	1.0
10001	2.4053969107079102e-172	1.0
10002	3.221903505930507e-173	1.0
10003	1.3386003809058841e-180	1.0
10004	7.272336979152219e-168	1.0
10005	1.1215366601808227e-210	1.0
10006	3.798038541831428e-179	1.0
10007	4.794112241516109e-99	1.0
10008	4.634446550400096e-181	1.0
10009	4.990370157796154e-219	1.0
10010	3.0946485461578475e-135	1.0
10011	2.855788603088702e-85	1.0
10012	3.3851197019687114e-139	1.0
10013	1.5064937295236863e-107	1.0
10014	6.15656073537551e-43	1.0
10015	9.557845176983968e-75	1.0
10016	9.061404030358877e-185	1.0
10017	1.9855875407426594e-97	1.0
10018	3.3301157683567172e-192	1.0
10019	5.863313729320473e-184	1.0
10021	1.457939338985339e-135	1.0
10022	8.077702516490919e-120	1.0
10023	2.5459116006064905e-181	1.0
10024	0.0	1.0
10025	2.781837439748106e-36	1.0
10026	2.5325856945150166e-100	1.0
10027	1.951497466614186e-96	1.0
10028	2.5165177993335796e-39	1.0
10029	2.0621212038233224e-124	1.0
10030	1.0419505757980114e-91	1.0
10031	2.882965579159417e-200	1.0
10032	1.9502971998621086e-35	1.0
10033	8.401822872664706e-40	1.0
10034	1.1316511665196849e-87	1.0
10035	0.0	1.0
10036	3.4216033237056966e-214	1.0
10037	1.7512756219625222e-125	1.0
10038	7.45433811470117e-55	1.0
10039	8.017796239305651e-160	1.0
10040	7.217607469195219e-52	1.0
10041	1.3367081142442719e-158	1.0
10042	2.140341858160132e-158	1.0
10043	2.421411199599277e-165	1.0
10044	1.7156745156698354e-162	1.0
10045	2.155299200997887e-174	1.0
10046	7.558691580975569e-197	1.0
10047	2.3927333853538787e-165	1.0
10048	2.5985102589380272e-98	1.0
10049	7.243972216212591e-99	1.0
10051	1.1902418953454748e-47	1.0
10052	9.098976823298897e-114	1.0
10053	9.049063103118418e-166	1.0
10054	1.420223940511262e-94	1.0
10055	0.0	1.0
10056	0.0	1.0
10057	4.325470391173767e-61	1.0
10058	4.1522686162912546e-98	1.0
10059	9.537836142031064e-157	1.0
10060	1.877304129707575e-160	1.0
10061	0.0	1.0
10062	5.710939071769288e-28	1.0
10063	4.943199689508235e-63	1.0
10064	5.3804752031810436e-27	1.0
10065	5.3804752031810436e-27	1.0
10066	3.270575929433828e-43	1.0
10067	2.1387774252479274e-50	1.0
10068	8.53411912904205e-15	0.9999999999999916
10069	6.809278158050797e-203	1.0
10070	6.663542077927195e-101	1.0
10071	7.077499294303216e-117	1.0
10072	1.1053797558678313e-185	1.0
10073	7.479837572824963e-167	1.0
10074	1.6523779849217405e-130	1.0
10075	3.423203196569721e-49	1.0
10076	1.4919927097728302e-209	1.0
10077	0.0	1.0
10078	0.0	1.0
10079	3.3749392243925576e-73	1.0
10081	0.0	1.0
10082	4.3531270273143e-114	1.0
10083	2.754376258727273e-184	1.0
10084	3.770985650578199e-134	1.0
10085	0.0	1.0
10086	4.7263486142635447e-209	1.0
10087	4.5719237119807626e-116	1.0
10088	0.0	1.0
10089	7.330966199770062e-187	1.0
10090	1.721066420142751e-52	1.0
10091	7.75711745093998e-93	1.0
10092	4.17687106751851e-217	1.0
10093	1.2013345117890915e-141	1.0
10094	1.0817107060378213e-108	1.0
10095	1.3669892319382626e-99	1.0
10096	2.793208627331115e-108	1.0
10097	2.303184372836196e-100	1.0
10098	7.851588399554829e-09	0.9999999921484116
10099	3.562448693484568e-225	1.0
10100	2.5835709704857134e-143	1.0
10101	1.1475409877343495e-290	1.0
10102	1.230992036093608e-103	1.0
10103	4.576332905712563e-155	1.0
10104	1.113142680361565e-41	1.0
10105	6.83843700679787e-168	1.0
10106	3.786266770812154e-217	1.0
10107	1.229269046567233e-58	1.0
10108	2.8621725682004477e-137	1.0
10109	7.765397271538894e-186	1.0
10111	9.861811788773885e-124	1.0
10112	1.132818864116924e-132	1.0
10113	1.9767819283489227e-166	1.0
10114	1.501025414875215e-98	1.0
10115	1.912385676644376e-117	1.0
10116	1.6840924270856088e-37	1.0
10117	3.809635598444256e-194	1.0
10118	5.520942628710328e-44	1.0
10119	3.847961297609094e-222	1.0
10120	9.319727756718935e-183	1.0
10121	1.817955306981046e-05	0.9999818204469303
10122	0.0	1.0
10123	3.718738423927058e-122	1.0
10124	8.690059615140939e-52	1.0
10125	1.9654487165931015e-199	1.0
10126	2.7583322449326908e-67	1.0
10127	4.600704649316072e-95	1.0
10128	2.0967267403172766e-49	1.0
10129	0.0	1.0
10130	6.834568544311166e-98	1.0
10131	7.504579865548278e-179	1.0
10132	1.425476388769737e-115	1.0
10133	8.142723407514287e-135	1.0
10134	2.7153199122113e-169	1.0
10135	3.462412062608696e-297	1.0
10136	3.6391871239668785e-51	1.0
10137	4.4556659172883275e-282	1.0
10138	2.9286315716490144e-180	1.0
10139	1.4584287449801471e-117	1.0
10141	3.659266196360297e-182	1.0
10142	0.0	1.0
10143	1.0933396659867846e-25	1.0
10144	1.2282987261089543e-146	1.0
10145	0.0	1.0
10146	2.045397167117743e-148	1.0
10147	3.691684707366048e-52	1.0
10148	9.229096118883717e-80	1.0
10149	1.4254690173171711e-77	1.0
10150	4.047136247514628e-31	1.0
10151	6.196209173172205e-206	1.0
10152	4.5406239282388635e-284	1.0
10153	2.65946687471944e-46	1.0
10154	3.578203808117502e-101	1.0
10155	3.9060284984018863e-72	1.0
10156	1.7324682340840765e-64	1.0
10157	1.2420473455400418e-181	1.0
10158	9.868756739047397e-32	1.0
10159	1.936597226095094e-221	1.0
10160	7.096884937100177e-39	1.0
10161	2.000758022054768e-224	1.0
10162	6.011418429286638e-47	1.0
10163	0.0	1.0
10164	3.9325991525525105e-31	1.0
10165	8.870007739746458e-76	1.0
10166	9.49797272698755e-64	1.0
10167	1.179362878573833e-103	1.0
10168	8.040282694533819e-106	1.0
10169	3.016666686241989e-138	1.0
10171	3.807194974016335e-56	1.0
10172	3.6735088379791086e-100	1.0
10173	1.2583903038017242e-161	1.0
10174	5.431890883995491e-15	0.9999999999999947
10175	6.283280138748914e-100	1.0
10176	2.4342714708044954e-109	1.0
10177	8.620727953832588e-28	1.0
10178	8.620727953832588e-28	1.0
10179	3.769744305209981e-120	1.0
10180	1.702262571622657e-290	1.0
10181	1.2013651842176802e-197	1.0
10182	6.899345433557343e-174	1.0
10183	0.0	1.0
10184	0.0	1.0
10185	8.774170857025217e-101	1.0
10186	4.4060153360438176e-63	1.0
10187	9.836430903339924e-224	1.0
10188	1.1695126503499016e-142	1.0
10189	3.05613827358398e-51	1.0
10190	2.1523958608774333e-215	1.0
10191	2.7144666420362316e-57	1.0
10192	7.36772925216701e-65	1.0
10193	0.0	1.0
10194	2.5468849128577197e-45	1.0
10195	6.895122475385948e-96	1.0
10196	1.842425132267856e-188	1.0
10197	3.673705942149527e-94	1.0
10198	4.2199741130491325e-111	1.0
10199	4.523739995308889e-245	1.0
10201	1.0446385155615904e-61	1.0
10202	2.501381339323894e-178	1.0
10203	2.2542237759596046e-39	1.0
10204	6.619957272365245e-20	1.0
10205	1.4145747318107482e-216	1.0
10206	1.3818690537491927e-127	1.0
10207	6.0221537238375435e-46	1.0
10208	0.0	1.0
10209	0.0	1.0
10210	2.219957803267654e-181	1.0
10211	1.1427994019514775e-38	1.0
10212	1.1427994019514775e-38	1.0
10213	7.110906426933906e-48	1.0
10214	5.672964873403744e-48	1.0
10215	9.076856144406795e-100	1.0
10216	5.572455728610463e-163	1.0
10217	2.558848508795509e-47	1.0
10218	2.529687047690326e-115	1.0
10219	0.0	1.0
10220	4.2541247588039304e-106	1.0
10221	2.2314495764150253e-134	1.0
10222	7.1715651733543e-179	1.0
10223	3.730685854169188e-289	1.0
10224	6.397508644653062e-156	1.0
10225	5.69213639962358e-99	1.0
10226	0.0	1.0
10227	0.0	1.0
10228	1.5085071305219364e-169	1.0
10229	1.052106097167513e-101	1.0
10231	3.099638802056807e-130	1.0
10232	1.626068943668162e-78	1.0
10233	0.0	1.0
10234	1.3627888835403898e-168	1.0
10235	1.2775229271751893e-143	1.0
10236	7.6529843204004e-76	1.0
10237	1.12909965424591e-130	1.0
10238	1.2465140448097795e-108	1.0
10239	0.0	1.0
10240	1.2279425890125377e-36	1.0
10241	1.7444826167296379e-124	1.0
10242	8.043843637510597e-210	1.0
10243	4.1438275779325606e-133	1.0
10244	1.193387288099759e-64	1.0
10245	1.0849158137278409e-175	1.0
10246	2.4275436850611432e-110	1.0
10247	7.007516100611774e-171	1.0
10248	1.1200239990542404e-90	1.0
10249	1.2023528793853944e-27	1.0
10250	2.3692960659451153e-27	1.0
10251	5.953196779083816e-98	1.0
10252	6.154184531717945e-38	1.0
10253	9.850903561918287e-156	1.0
10254	1.4028611440189815e-119	1.0
10255	8.281060727702033e-119	1.0
10256	3.5988480338072645e-101	1.0
10257	9.037055147905265e-179	1.0
10258	4.380111365706217e-174	1.0
10259	4.035575583778541e-166	1.0
10261	2.988497397284511e-178	1.0
10262	7.528706774597932e-83	1.0
10263	3.549081976730878e-34	1.0
10264	4.499792724842354e-84	1.0
10265	1.8801931680050542e-73	1.0
10266	6.011418429286638e-47	1.0
10267	2.129398317395326e-54	1.0
10268	8.263709806712595e-178	1.0
10269	2.135564274357767e-181	1.0
10270	2.4195436646692132e-117	1.0
10271	1.7562212314951584e-34	1.0
10272	3.25569561238194e-31	1.0
10273	1.4197986884126253e-76	1.0
10274	1.3999179407189363e-162	1.0
10275	6.25376132323674e-161	1.0
10276	1.6698389340416795e-26	1.0
10277	1.5922546652559873e-172	1.0
10278	5.793735632431968e-60	1.0
10279	0.0	1.0
10280	0.0	1.0
10281	2.4759977302296244e-116	1.0
10282	3.215050986139248e-130	1.0
10283	5.558514599674396e-182	1.0
10284	3.2835417524005723e-245	1.0
10285	4.248440908156449e-34	1.0
10286	2.367662368378747e-120	1.0
10287	6.706450756064963e-93	1.0
10288	2.738153854103729e-49	1.0
10289	1.1104954970925972e-292	1.0
10291	1.0647295815580652e-56	1.0
10292	4.47998834679266e-61	1.0
10293	1.971351894632612e-53	1.0
10294	2.807759329666442e-24	1.0
10295	2.0662564745880994e-45	1.0
10296	6.229191742294921e-76	1.0
10297	1.944475433780849e-115	1.0
10298	2.435859217471153e-45	1.0
10299	2.998540888224415e-23	1.0
10300	2.4279559079249114e-172	1.0
10301	1.0948873741858117e-172	1.0
10302	4.500187750589707e-75	1.0
10303	2.157694017673031e-183	1.0
10304	0.0	1.0
10305	4.1833049632879035e-05	0.9999581669503671
10306	1.874577071206679e-56	1.0
10307	1.7072556680023314e-76	1.0
10308	3.430806017376896e-185	1.0
10309	9.1777107199091e-33	1.0
10310	2.383868236514331e-193	1.0
10311	0.0	1.0
10312	3.5393862790735825e-168	1.0
10313	3.4680192062025115e-47	1.0
10314	5.048884151446878e-37	1.0
10315	8.506679755664703e-107	1.0
10316	0.0	1.0
10317	0.0	1.0
10318	2.250740050456429e-140	1.0
10319	4.4841132411667145e-35	1.0
10321	2.0853522315653594e-215	1.0
10322	3.2011453096374155e-66	1.0
10323	1.2002345740808342e-28	1.0
10324	2.244349905407953e-300	1.0
10325	1.9516288606852505e-148	1.0
10326	0.0	1.0
10327	3.1494035451009294e-125	1.0
10328	6.760807007845837e-58	1.0
10329	0.0	1.0
10330	7.1462096487e-314	1.0
10331	3.569930520346734e-46	1.0
10332	3.935813691533357e-162	1.0
10333	0.0	1.0
10334	2.6693516988572315e-44	1.0
10335	1.146941034039172e-53	1.0
10336	0.0	1.0
10337	3.4680192062025115e-47	1.0
10338	3.250923596737613e-116	1.0
10339	0.0	1.0
10340	4.3856981983148393e-41	1.0
10341	1.6311166128767792e-48	1.0
10342	0.0	1.0
10343	1.3790860259391065e-21	1.0
10344	3.23772449957412e-290	1.0
10345	1.8914861072656143e-174	1.0
10346	3.501022243315648e-179	1.0
10347	1.4789262259769007e-289	1.0
10348	4.601732525393995e-74	1.0
10349	4.368718854793955e-45	1.0
10351	4.837154328088908e-173	1.0
10352	0.0	1.0
10353	0.0	1.0
10354	0.0	1.0
10355	4.926948804381042e-222	1.0
10356	1.8951656648039613e-176	1.0
10357	4.696470751555869e-128	1.0
10358	1.6919354383782016e-118	1.0
10359	3.308449633335344e-182	1.0
10360	4.949766907910525e-146	1.0
10361	1.8276967698649838e-180	1.0
10362	6.945741811557239e-95	1.0
10363	6.036529764776588e-207	1.0
10364	1.2139257044546678e-212	1.0
10365	1.3342647350207563e-206	1.0
10366	7.473396877753038e-98	1.0
10367	5.768785255133946e-133	1.0
10368	5.5454368992939915e-93	1.0
10369	1.8882588691392898e-53	1.0
10370	8.639816586024913e-57	1.0
10371	0.0	1.0
10372	0.0	1.0
10373	2.0840408858722607e-129	1.0
10374	8.626886539857692e-117	1.0
10375	5.04425913120831e-160	1.0
10376	0.0	1.0
10377	3.5361346834289203e-255	1.0
10378	8.297139582624725e-109	1.0
10379	1.6263524807033625e-166	1.0
10381	6.533130776480616e-218	1.0
10382	0.0	1.0
10383	1.600200820939348e-29	1.0
10384	1.4439884648592805e-97	1.0
10385	5.520942628710328e-44	1.0
10386	5.520942628710328e-44	1.0
10387	2.8003921893093232e-217	1.0
10388	7.992763872806314e-134	1.0
10389	2.9226534401766125e-137	1.0
10390	3.468019206202446e-45	1.0
10391	2.60911000645259e-125	1.0
10392	1.4953603074978733e-116	1.0
10393	3.3568472039283086e-113	1.0
10394	9.37707896485039e-287	1.0
10395	7.492263239337554e-199	1.0
10396	4.478152993131132e-23	1.0
10397	6.870946673938946e-200	1.0
10398	3.50265740434073e-27	1.0
10399	1.7534164811426404e-169	1.0
10400	3.2023602441366414e-93	1.0
10401	2.17559139301753e-174	1.0
10402	4.0514755545854866e-30	1.0
10403	1.0804655603299278e-128	1.0
10404	6.1395622738587275e-120	1.0
10405	3.408060294034818e-114	1.0
10406	1.4595730481053291e-173	1.0
10407	1.0261623892871017e-175	1.0
10408	9.321285346528029e-175	1.0
10409	5.039527339627444e-179	1.0
10411	5.818655350067203e-139	1.0
10412	2.650646741002315e-298	1.0
10413	9.454871315244433e-181	1.0
10414	4.078254188704562e-204	1.0
10415	0.0	1.0
10416	1.316655545898266e-10	0.9999999998683344
10417	8.902063691645657e-164	1.0
10418	1.2829876729408428e-130	1.0
10419	6.25477144247688e-59	1.0
10420	6.8678051786473215e-124	1.0
10421	1.9169756469475732e-167	1.0
10422	6.076845016862253e-100	1.0
10423	0.0	1.0
10424	2.0534126518119716e-184	1.0
10425	2.9436855834342222e-142	1.0
10426	3.537587461336793e-106	1.0
10427	5.556272902465276e-54	1.0
10428	2.810418961836512e-53	1.0
10429	0.0	1.0
10430	1.949475428937751e-103	1.0
10431	2.8666088269640655e-51	1.0
10432	8.754314915471095e-39	1.0
10433	5.328084996302399e-183	1.0
10434	2.2016889478636004e-141	1.0
10435	2.287555894564533e-112	1.0
10436	0.0	1.0
10437	1.192521404887509e-30	1.0
10438	2.896754097575272e-99	1.0
10439	3.281157552780038e-23	1.0
10441	2.3051684251104673e-115	1.0
10442	5.363475506573166e-179	1.0
10443	1.068166866034574e-176	1.0
10444	3.429463919003222e-38	1.0
10445	3.4680192062025115e-47	1.0
10446	2.2226517907864527e-94	1.0
10447	6.0148946852265036e-182	1.0
10448	6.18594788237799e-37	1.0
10449	3.412167058438486e-36	1.0
10450	6.7479836030997255e-25	1.0
10451	5.789478390789206e-44	1.0
10452	2.7914661241116883e-67	1.0
10453	9.051517957086102e-95	1.0
10454	1.2178227049942944e-07	0.9999998782177295
10455	2.581584105458835e-91	1.0
10456	2.573309805527838e-121	1.0
10457	1.7145877178438833e-246	1.0
10458	8.072008880672133e-48	1.0
10459	0.0	1.0
10460	8.410758448989003e-99	1.0
10461	3.650137949070637e-119	1.0
10462	6.617750453879759e-25	1.0
10463	6.617750453879382e-25	1.0
10464	4.201088312913501e-95	1.0
10465	0.0	1.0
10466	3.620238349760877e-38	1.0
10467	1.2118111938143419e-276	1.0
10468	0.0	1.0
10469	0.0	1.0
10471	7.172859418986759e-45	1.0
10472	1.9349050928019618e-28	1.0
10473	1.5890134200499813e-133	1.0
10474	3.292477290851896e-294	1.0
10475	2.1800278116692872e-114	1.0
10476	9.069625007320272e-35	1.0
10477	3.273410837407742e-170	1.0
10478	5.475013519685251e-287	1.0
10479	8.95787560384922e-120	1.0
10480	1.5285688115560264e-279	1.0
10481	2.6844016019543817e-111	1.0
10482	1.6112655875785667e-102	1.0
10483	1.6931707228539e-94	1.0
10484	0.0	1.0
10485	1.53781504245619e-28	1.0
10486	0.0	1.0
10487	0.0	1.0
10488	1.5586113313259332e-236	1.0
10489	5.084533729990566e-83	1.0
10490	1.7179591226547724e-128	1.0
10491	5.066818940706052e-96	1.0
10492	1.8865507613435595e-90	1.0
10493	1.4788938649904178e-38	1.0
10494	1.0888000514692714e-48	1.0
10495	3.658815046275669e-44	1.0
10496	2.8373618012511566e-46	1.0
10497	2.1897984110643093e-64	1.0
10498	0.0	1.0
10499	1.783269051349428e-33	1.0
10501	1.490783373798263e-33	1.0
10502	7.21782912570281e-126	1.0
10503	3.579944329854098e-125	1.0
10504	1.2827372145977511e-105	1.0
10505	6.642665126674321e-62	1.0
10506	4.5786141720454196e-113	1.0
10507	2.7955081834512583e-39	1.0
10508	1.2947072516513865e-134	1.0
10509	2.2200122817906683e-46	1.0
10510	2.2023856139525918e-34	1.0
10511	4.008933991385208e-285	1.0
10512	3.641997823733202e-288	1.0
10513	4.5556203825369803e-125	1.0
10514	1.5343199742503156e-106	1.0
10515	6.556990991681128e-34	1.0
10516	3.4680192062025115e-47	1.0
10517	5.1345011408896345e-101	1.0
10518	4.2901186173801734e-32	1.0
10519	1.486293945515303e-47	1.0
10520	4.202663348710943e-51	1.0
10521	6.638752523230953e-82	1.0
10522	1.7730645166750405e-93	1.0
10523	2.524990167337379e-40	1.0
10524	4.3694065338641715e-52	1.0
10525	2.1623498153345062e-97	1.0
10526	5.014938717601082e-128	1.0
10527	0.0	1.0
10528	6.52934079668426e-140	1.0
10529	3.1492726803149994e-135	1.0
10531	0.0	1.0
10532	8.331715998707855e-106	1.0
10533	5.273432576862695e-288	1.0
10534	0.0	1.0
10535	5.4825329215525453e-98	1.0
10536	1.5807969249493888e-104	1.0
10537	1.7532006650280304e-36	1.0
10538	7.076938766115944e-103	1.0
10539	1.956863936191459e-184	1.0
10540	3.4680192062025115e-47	1.0
10541	7.803043213955586e-47	1.0
10542	5.484437288559556e-108	1.0
10543	8.244436087995764e-179	1.0
10544	5.7291861361790084e-96	1.0
10545	1.0605544905004951e-90	1.0
10546	4.179392293777453e-286	1.0
10547	3.656414844423993e-30	1.0
10548	2.36483100569664e-132	1.0
10549	1.5861498961646053e-114	1.0
10550	3.4680192062025115e-47	1.0
10551	0.0	1.0
10552	9.476664090581727e-44	1.0
10553	4.360054206852676e-119	1.0
10554	0.0002355398920055476	0.9997644601079945
10555	4.4142597468103925e-92	1.0
10556	3.4680192062025115e-47	1.0
10557	5.0284788879387566e-21	1.0
10558	1.0435644103525928e-96	1.0
10559	6.6949736299871014e-43	1.0
10561	2.3718482142304765e-86	1.0
10562	2.5315381353391478e-21	1.0
10563	2.5315381353391478e-21	1.0
10564	1.3476965668784386e-202	1.0
10565	3.420463808123162e-83	1.0
10566	2.1019203579812578e-23	1.0
10567	0.0	1.0
10568	5.871834003314117e-177	1.0
10569	5.78427226676172e-73	1.0
10570	1.372223467377154e-38	1.0
10571	1.0057468502698453e-154	1.0
10572	0.0	1.0
10573	0.0	1.0
10574	0.0	1.0
10575	2.1807291845607947e-36	1.0
10576	1.1220786078264766e-31	1.0
10577	2.0245704524240815e-127	1.0
10578	2.8891535820680697e-117	1.0
10579	1.2562753497373596e-121	1.0
10580	4.615404337824726e-111	1.0
10581	1.489496156702044e-107	1.0
10582	1.5418812528026055e-126	1.0
10583	1.4913636461391128e-122	1.0
10584	1.869898194016094e-288	1.0
10585	4.6168194104827806e-117	1.0
10586	1.0050763490073795e-131	1.0
10587	4.527806431260991e-31	1.0
10588	1.393933310119731e-175	1.0
10589	1.1100499224399822e-87	1.0
10591	4.0977246324244025e-199	1.0
10592	2.8885140375885354e-86	1.0
10593	3.681362200191158e-293	1.0
10594	3.4680192062025115e-47	1.0
10595	2.6218316027620393e-194	1.0
10596	2.4601825116236577e-87	1.0
10597	1.7084412302389822e-85	1.0
10598	3.029980757288004e-98	1.0
10599	4.097167452165924e-117	1.0
10600	1.2404752389303451e-31	1.0
10601	1.3756577355515783e-121	1.0
10602	6.463014954356654e-40	1.0
10603	1.0669850472824196e-92	1.0
10604	7.8512612614104e-126	1.0
10605	1.7895030671370822e-99	1.0
10606	2.890890374792299e-46	1.0
10607	2.954836267373401e-44	1.0
10608	1.845778384494356e-18	1.0
10609	1.5201759572989055e-161	1.0
10610	5.434026762755216e-42	1.0
10611	1.7477595383585876e-38	1.0
10612	5.27483246843089e-45	1.0
10613	9.775773503332081e-51	1.0
10614	4.769857458652229e-84	1.0
10615	1.9386528699367527e-44	1.0
10616	3.4909771122875423e-63	1.0
10617	3.823819292482561e-169	1.0
10618	0.0	1.0
10619	0.0	1.0
10621	2.147574047221078e-66	1.0
10622	4.616377392048479e-134	1.0
10623	5.584780987734826e-31	1.0
10624	6.310046808238186e-34	1.0
10625	2.3551907015736225e-38	1.0
10626	7.706711908626005e-179	1.0
10627	3.1124440103722143e-288	1.0
10628	4.03878291983437e-54	1.0
10629	8.917763673091899e-48	1.0
10630	8.482648923843393e-45	1.0
10631	1.3297181173367173e-102	1.0
10632	3.585891436967596e-88	1.0
10633	1.5181829538854985e-26	1.0
10634	1.3953022982650464e-132	1.0
10635	7.57218397462675e-89	1.0
10636	8.828591911521064e-62	1.0
10637	4.061272645019533e-61	1.0
10638	2.0269928856518852e-58	1.0
10639	2.6158596409316678e-11	0.9999999999738414
10640	2.427613444341987e-46	1.0
10641	1.79945094983786e-85	1.0
10642	0.0	1.0
10643	2.0331560349488945e-114	1.0
10644	1.1258201075878382e-44	1.0
10645	1.8774687487923046e-208	1.0
10646	6.31259881349309e-94	1.0
10647	8.245390544037816e-60	1.0
10648	4.049860607389727e-37	1.0
10649	5.592024486107363e-42	1.0
10651	7.530034220750417e-111	1.0
10652	1.0160244572043348e-102	1.0
10653	1.1826803919087025e-93	1.0
10654	1.3431102169254e-106	1.0
10655	7.919336162674398e-92	1.0
10656	1.3512589365385374e-55	1.0
10657	2.8519687032164937e-103	1.0
10658	1.140803628736329e-18	1.0
10659	0.0	1.0
10660	0.9496278735283127	0.05037212647168736
10661	2.3209187652132487e-32	1.0
10662	9.510338188671691e-121	1.0
10663	6.608887122658949e-95	1.0
10664	0.0	1.0
10665	0.0	1.0
10666	6.205900474959361e-97	1.0
10667	3.4680192062025115e-47	1.0
10668	1.1985408306423411e-107	1.0
10669	1.734009603101154e-47	1.0
10670	0.00848223342949678	0.9915177665705032
10671	0.0	1.0
10672	5.8014284461914924e-167	1.0
10673	9.422082254251379e-101	1.0
10674	7.614189763160935e-29	1.0
10675	1.2783346834476962e-81	1.0
10676	5.704718051232762e-40	1.0
10677	4.325942162795484e-36	1.0
10678	3.581028923554447e-39	1.0
10679	3.790590222288711e-37	1.0
10681	3.4680192062025115e-47	1.0
10682	1.0150826997089567e-62	1.0
10683	7.525526377126089e-42	1.0
10684	0.0	1.0
10685	0.0	1.0
10686	1.2653248567997502e-177	1.0
10687	7.41187798197901e-34	1.0
10688	5.296841512563244e-56	1.0
10689	5.296841512563244e-56	1.0
10690	0.0	1.0
10691	3.3676710476906715e-124	1.0
10692	0.0	1.0
10693	1.510104472291104e-108	1.0
10694	0.0	1.0
10695	7.333882954119499e-20	1.0
10696	4.276617625293799e-109	1.0
10697	1.8856339131523028e-170	1.0
10698	2.801266626460507e-170	1.0
10699	1.3627888835410097e-168	1.0
10700	5.472428919059862e-187	1.0
10701	2.704170475391612e-28	1.0
10702	6.227550127267415e-218	1.0
10703	0.0	1.0
10704	1.7781309762801312e-46	1.0
10705	0.0	1.0
10706	4.008080631787876e-91	1.0
10707	8.439028899321654e-36	1.0
10708	4.114528038860885e-33	1.0
10709	1.747633131836269e-61	1.0
10711	4.718306049396885e-37	1.0
10712	1.790826685269339e-59	1.0
10713	0.0	1.0
10714	8.838632304405748e-34	1.0
10715	3.21489496298098e-39	1.0
10716	2.1807633912593256e-34	1.0
10717	2.203330731251943e-93	1.0
10718	0.0	1.0
10719	7.015602514815585e-187	1.0
10720	6.323413765857985e-109	1.0
10721	1.3719026489610768e-26	1.0
10722	2.830924992184351e-34	1.0
10723	2.6174649916414698e-225	1.0
10724	5.7139737142011115e-177	1.0
10725	1.696340307475067e-73	1.0
10726	6.777195820870021e-20	1.0
10727	9.164773854489894e-34	1.0
10728	1.8808440118478022e-104	1.0
10729	2.749897006884323e-40	1.0
10730	5.457916185645263e-18	1.0
10731	1.5499842279739353e-212	1.0
10732	7.869029316348617e-106	1.0
10733	4.28608196362662e-91	1.0
10734	9.44957842617779e-87	1.0
10735	0.0	1.0
10736	3.517781994741227e-105	1.0
10737	1.656142271206921e-82	1.0
10738	2.255666361093865e-52	1.0
10739	2.5336463590624052e-98	1.0
10741	4.4881070535587144e-30	1.0
10742	2.1756958759375458e-301	1.0
10743	2.4164845409104305e-98	1.0
10744	4.604237965214776e-55	1.0
10745	1.7694476496335596e-152	1.0
10746	2.8025221364930226e-237	1.0
10747	3.6454718642739433e-32	1.0
10748	2.909912835247637e-21	1.0
10749	2.9512049844505e-110	1.0
10750	1.0205771948383635e-104	1.0
10751	0.0012803673610352368	0.9987196326389648
10752	2.0311437174971253e-107	1.0
10753	3.5746889721646386e-36	1.0
10754	1.7999494647066607e-56	1.0
10755	2.207842782951054e-107	1.0
10756	9.984658498693162e-119	1.0
10757	8.467329420936545e-214	1.0
10758	1.8624912052641983e-101	1.0
10759	2.5933609945995617e-25	1.0
10760	6.95494839259268e-43	1.0
10761	1.564863388333162e-42	1.0
10762	1.632745070169591e-39	1.0
10763	1.7859133982313304e-134	1.0
10764	1.1620138636049358e-25	1.0
10765	0.12573794004936423	0.8742620599506359
10766	1.3610234414023313e-41	1.0
10767	3.5729458679273174e-60	1.0
10768	1.2241355492189865e-35	1.0
10769	1.9854257621930005e-101	1.0
10771	6.087288533438542e-61	1.0
10772	6.156961538324776e-76	1.0
10773	5.102381693323343e-74	1.0
10774	5.102381693324503e-74	1.0
10775	3.1139869713409357e-183	1.0
10776	1.7837986344823875e-72	1.0
10777	1.5754627649746157e-31	1.0
10778	1.753879797381259e-29	1.0
10779	4.786287511491519e-117	1.0
10780	2.992807309117219e-107	1.0
10781	2.3106900799576675e-25	1.0
10782	1.187048751484144e-173	1.0
10783	1.7556856601885437e-23	1.0
10784	1.12880754760525e-29	1.0
10785	2.6492980375113143e-100	1.0
10786	5.102381693323343e-74	1.0
10787	1.9509556087486487e-107	1.0
10788	3.793796350217686e-38	1.0
10789	1.3180942590199548e-106	1.0
10790	1.6842096931368289e-189	1.0
10791	3.120574154817446e-39	1.0
10792	1.063321472148767e-39	1.0
10793	4.04786109007234e-260	1.0
10794	2.2789724669927873e-181	1.0
10795	7.221750618653168e-27	1.0
10796	0.0	1.0
10797	5.9940898081526734e-34	1.0
10798	7.789400627643077e-197	1.0
10799	0.0	1.0
10801	4.6385173055813376e-113	1.0
10802	1.4034088922028782e-106	1.0
10803	1.2565052581768494e-70	1.0
10804	1.643936992899605e-211	1.0
10805	0.0	1.0
10806	1.6267708064203604e-61	1.0
10807	4.832113619872817e-56	1.0
10808	0.0	1.0
10809	1.2903200913732836e-112	1.0
10810	8.874639562271831e-62	1.0
10811	9.730576093426307e-68	1.0
10812	2.3533662461642504e-149	1.0
10813	8.631655313327544e-28	1.0
10814	2.9931596431037666e-56	1.0
10815	7.259045620891913e-61	1.0
10816	0.0	1.0
10817	1.2461811770996002e-78	1.0
10818	3.6021698688382126e-56	1.0
10819	2.1901251641674936e-29	1.0
10820	5.353093182853442e-116	1.0
10821	4.952360762453297e-55	1.0
10822	2.847740715314428e-138	1.0
10823	2.165286210204176e-12	0.9999999999978346
10824	7.560299513765514e-10	0.9999999992439701
10825	1.759724666043612e-11	0.9999999999824027
10826	5.545561162330606e-08	0.9999999445443883
10827	1.033634699918425e-11	0.9999999999896636
10828	1.1579427519014812e-13	0.9999999999998843
10829	2.827429080592259e-09	0.9999999971725708
10831	3.5403014229942714e-233	1.0
10832	4.403587152558582e-110	1.0
10833	8.919006426931768e-69	1.0
10834	1.4688749259987725e-108	1.0
10835	2.876015390299842e-47	1.0
10836	4.242939298537914e-181	1.0
10837	1.349522617388205e-105	1.0
10838	2.2895572004425864e-106	1.0
10839	1.0824897957397443e-302	1.0
10840	9.445256204729216e-12	0.9999999999905547
10841	2.1766133403108365e-299	1.0
10842	7.171453243867712e-25	1.0
10843	3.6617718164873067e-273	1.0
10844	4.7503917733125596e-57	1.0
10845	7.220053852766089e-23	1.0
10846	5.8508444912773e-311	1.0
10847	2.1193023996739446e-78	1.0
10848	1.159680331588266e-41	1.0
10849	1.1914312443597612e-248	1.0
10850	1.5988555894053403e-261	1.0
10851	3.160351898349916e-30	1.0
10852	0.0	1.0
10853	2.6563916918847286e-44	1.0
10854	1.1615791112954026e-34	1.0
10855	1.0933521195327284e-19	1.0
10856	1.0933521195327284e-19	1.0
10857	0.0	1.0
10858	3.264146122491295e-08	0.9999999673585389
10859	5.627431233785145e-263	1.0
10861	1.2555878575565563e-300	1.0
10862	1.1425899146440489e-263	1.0
10863	0.0	1.0
10864	5.744100498944419e-102	1.0
10865	3.207835146540798e-35	1.0
10866	1.3037313219914764e-232	1.0
10867	6.380977078268968e-301	1.0
10868	2.870914489891264e-265	1.0
10869	2.986842021355551e-44	1.0
10870	1.05790926157686e-304	1.0
10871	3.211057358171206e-263	1.0
10872	6.102278951308498e-32	1.0
10873	6.102278951308498e-32	1.0
10874	2.7535935301357655e-72	1.0
10875	3.290294234943668e-51	1.0
10876	1.8035370808081237e-280	1.0
10877	3.5596621518091204e-44	1.0
10878	2.0629661962857184e-45	1.0
10879	5.069189658576442e-22	1.0
10880	4.419388682159403e-259	1.0
10881	1.3766177582291951e-73	1.0
10882	1.0933521195327284e-19	1.0
10883	8.450537806340766e-35	1.0
10884	8.88629904714611e-284	1.0
10885	1.2358079397598077e-40	1.0
10886	5.3921912012185064e-86	1.0
10887	8.263722442887198e-300	1.0
10888	0.0	1.0
10889	1.734964165464125e-50	1.0
10891	7.534679970479118e-36	1.0
10892	6.959406406002847e-265	1.0
10893	6.620097033599383e-28	1.0
10894	0.0	1.0
10895	1.250385112316542e-22	1.0
10896	0.0	1.0
10897	3.799327331556549e-20	1.0
10898	6.04651645681019e-229	1.0
10899	8.72637723507526e-12	0.9999999999912736
10900	2.2173075240243707e-289	1.0
10901	0.0	1.0
10902	1.975277993004432e-20	1.0
10903	1.3393556019996515e-09	0.9999999986606445
10904	1.373226250349022e-302	1.0
10905	2.1348273107202952e-23	1.0
10906	6.390732114909003e-300	1.0
10907	3.052786764253428e-62	1.0
10908	1.7611628339325674e-300	1.0
10909	1.133078885739189e-22	1.0
10910	1.4156993399227378e-35	1.0
10911	2.5387596750000396e-62	1.0
10912	2.790798961564621e-22	1.0
10913	2.7254933400777327e-47	1.0
10914	7.1920381110465e-310	1.0
10915	4.172790380391421e-56	1.0
10916	1.0581616168402796e-35	1.0
10917	2.362324614440102e-18	1.0
10918	4.572911389881516e-105	1.0
10919	7.578102197792921e-257	1.0
10921	4.604888090205276e-41	1.0
10922	2.694997060023679e-38	1.0
10923	1.719444585375964e-48	1.0
10924	7.409348737334053e-23	1.0
10925	9.949687379237668e-64	1.0
10926	1.6718579256677162e-50	1.0
10927	4.2622669045358155e-32	1.0
10928	1.2734106004872264e-73	1.0
10929	1.2734106004872264e-73	1.0
10930	1.5381953806905182e-35	1.0
10931	0.0	1.0
10932	2.4406858271497158e-238	1.0
10933	0.0	1.0
10934	7.029297694153917e-117	1.0
10935	3.3921632490916467e-31	1.0
10936	3.5853130397146182e-143	1.0
10937	0.0	1.0
10938	8.937819825423855e-259	1.0
10939	0.0	1.0
10940	1.3437124984869158e-109	1.0
10941	7.488200354535014e-212	1.0
10942	4.02457463744188e-91	1.0
10943	1.0481441484641134e-54	1.0
10944	6.634327343048803e-29	1.0
10945	2.0688131067057205e-81	1.0
10946	0.0	1.0
10947	1.3669716907115359e-71	1.0
10948	2.3242558247718714e-117	1.0
10949	1.6907451275508037e-108	1.0
10951	9.660496906587748e-306	1.0
10952	2.3858670633230817e-39	1.0
10953	8.030477180772336e-74	1.0
10954	3.881116006651715e-34	1.0
10955	0.0	1.0
10956	1.7486238270253438e-196	1.0
10957	2.035292068635742e-45	1.0
10958	0.0	1.0
10959	4.747229255216824e-50	1.0
10960	1.0487693702294415e-36	1.0
10961	6.152098110176684e-154	1.0
10962	6.061133693574487e-87	1.0
10963	1.594937459201121e-47	1.0
10964	1.7089060667647976e-63	1.0
10965	1.4234026965171409e-31	1.0
10966	2.5108921625822805e-76	1.0
10967	6.896663900132371e-22	1.0
10968	4.742252641930118e-31	1.0
10969	3.2967943127467086e-35	1.0
10970	6.512186296783732e-36	1.0
10971	1.298790843690046e-97	1.0
10972	2.593889756675934e-37	1.0
10973	2.077012965759014e-85	1.0
10974	6.720549508773797e-25	1.0
10975	5.561536800897712e-168	1.0
10976	2.970344053489155e-50	1.0
10977	1.7366145044645206e-174	1.0
10978	0.0	1.0
10979	1.2431675063308413e-184	1.0
10981	2.4751643167582526e-34	1.0
10982	1.6176368869187826e-186	1.0
10983	2.652998812770073e-156	1.0
10984	1.0619298856348449e-116	1.0
10985	4.8346497664729066e-135	1.0
10986	9.607441854954183e-188	1.0
10987	3.1048468161893487e-189	1.0
10988	2.7275642400843948e-192	1.0
10989	4.86699488060771e-15	0.9999999999999951
10990	1.2973384249339188e-176	1.0
10991	1.2061716941043182e-188	1.0
10992	2.277955942351391e-178	1.0
10993	0.0	1.0
10994	0.0	1.0
10995	1.2298805094537583e-188	1.0
10996	2.6712879535951808e-192	1.0
10997	1.9283304924029475e-188	1.0
10998	9.553317045225223e-160	1.0
10999	1.900832237360043e-187	1.0
11000	2.8687430287630577e-192	1.0
11001	8.443300250746954e-115	1.0
11002	2.747959404480568e-190	1.0
11003	6.312724108129537e-185	1.0
11004	2.592046804796678e-193	1.0
11005	2.1583376553231993e-190	1.0
11006	2.1786275051393317e-48	1.0
11007	8.255547531300802e-190	1.0
11008	7.357728004241007e-34	1.0
11009	3.6974309390007796e-95	1.0
11011	1.2107183440680138e-190	1.0
11012	3.415335718781072e-185	1.0
11013	1.210604264373838e-35	1.0
11014	4.2622669045358155e-32	1.0
11015	0.0	1.0
11016	1.3627888835410097e-168	1.0
11017	3.817378863494122e-40	1.0
11018	1.3627888835410097e-168	1.0
11019	4.3032615406955574e-194	1.0
11020	0.0	1.0
11021	2.489126611730757e-186	1.0
11022	6.119053053764836e-188	1.0
11023	1.2665213052539171e-194	1.0
11024	3.382757068021167e-10	0.9999999996617244
11025	9.405570324047492e-193	1.0
11026	1.2886986374380646e-28	1.0
11027	1.3717385590985183e-192	1.0
11028	1.231069076847969e-24	1.0
11029	1.0	2.609756966448147e-50
11030	1.0	2.0723660970720196e-21
11031	1.0	8.42218806440464e-249
11032	1.0	1.324941457917786e-124
11033	1.0	0.0
11034	1.0	6.166820476321527e-190
11035	1.0	0.0
11036	1.0	0.0
11037	1.0	0.0
11038	1.0	5.278279998262161e-50
11039	1.0	3.30399381877214e-184
11041	1.0	6.269245718643603e-252
11042	1.0	8.972731354863275e-220
11043	1.0	0.0
11044	1.0	0.0
11045	1.0	2.99961617535e-312
11046	1.0	2.2622473752065293e-41
11047	1.0	2.0517463159882685e-257
11048	1.0	1.6276343235528386e-122
11049	1.0	2.9806436536595894e-206
11050	1.0	1.7301708510057813e-77
11051	1.0	5.1373094514686146e-216
11052	1.0	1.6478938178292185e-96
11053	1.0	2.48133563838057e-60
11054	1.0	0.0
11055	1.0	0.0
11056	1.0	1.6810145123233036e-183
11057	1.0	8.995047833692024e-95
11058	1.0	7.3701008296536385e-34
11059	1.0	1.710463853697e-312
11060	1.0	3.9192742415131324e-29
11061	1.0	0.0
11062	1.0	1.3753335016939197e-36
11063	1.0	3.724332722286285e-76
11064	1.0	2.9191865656571728e-207
11065	1.0	1.0752666723282315e-136
11066	1.0	6.2389905700802926e-27
11067	1.0	4.089111920120913e-31
11068	1.0	7.359065464748787e-280
11069	1.0	8.2175746733666875e-308
11071	1.0	7.22873656824165e-61
11072	0.9999953173346497	4.682665350309479e-06
11073	0.9999999999995952	4.046765006550532e-13
11074	1.0	7.3403853973019645e-239
11075	1.0	0.0
11076	1.0	2.455553165460262e-285
11077	1.0	5.556865360335234e-39
11078	1.0	5.556652309349241e-28
11079	1.0	1.0705759024600625e-101
11080	1.0	4.8892037715067256e-42
11081	1.0	4.51114636675898e-121
11082	1.0	2.297955253172232e-27
11083	1.0	1.13753493605975e-53
11084	1.0	3.5018880131137566e-19
11085	1.0	0.0
11086	1.0	0.0
11087	1.0	1.1641931824184013e-93
11088	1.0	1.0516334023307685e-31
11089	1.0	5.166005914319681e-261
11090	1.0	2.7343982066275543e-168
11091	1.0	0.0
11092	1.0	0.0
11093	1.0	7.931529116796946e-250
11094	1.0	0.0
11095	1.0	0.0
11096	1.0	2.2558093039222122e-222
11097	1.0	0.0
11098	1.0	4.249485966244468e-148
11099	1.0	7.08093653133949e-231
11101	1.0	9.997655970362269e-199
11102	1.0	7.990756727169175e-129
11103	1.0	2.1790092555292072e-26
11104	1.0	6.672080049472023e-148
11105	0.9999999999999909	9.21470923046667e-15
11106	0.9999998376119452	1.6238805491896878e-07
11107	1.0	2.4042937681964383e-30
11108	1.0	3.608556311953107e-52
11109	1.0	1.4241941399209382e-121
11110	0.9996112366542819	0.000388763345718121
11111	1.0	0.0
11112	1.0	0.0
11113	1.0	2.0370701908336984e-94
11114	1.0	1.675343487838947e-72
11115	1.0	0.0
11116	0.9999999999999973	2.734290236105305e-15
11117	1.0	7.02785933012149e-91
11118	1.0	2.4769622356852045e-22
11119	1.0	6.442050590179161e-49
11120	0.9999999999999414	5.862377027739492e-14
11121	1.0	9.79661947733918e-212
11122	1.0	0.0
11123	1.0	8.787452175569352e-41
11124	2.6283463739815664e-15	0.9999999999999973
11125	1.0	0.0
11126	1.0	4.5762614148225605e-112
11127	1.0	4.1406919361750385e-251
11128	1.0	1.3611398991460479e-34
11129	1.0	0.0
11131	1.0	2.7239594552193163e-124
11132	1.0	0.0
11133	1.0	4.871624495890486e-30
11134	1.0	7.429443180048723e-110
11135	1.0	6.943376479937713e-191
11136	1.0	3.176888265496852e-59
11137	1.0	1.496367311654846e-192
11138	1.0	3.139575452556096e-208
11139	1.0	1.2514863079663904e-181
11140	1.0	9.405450549422642e-301
11141	1.0	4.097716032855158e-18
11142	1.0	0.0
11143	1.0	1.525215408491815e-150
11144	1.0	5.09075771123188e-176
11145	1.0	1.9321516139663848e-57
11146	1.0	0.0
11147	1.0	6.65836628843345e-269
11148	1.0	2.0066450510959922e-147
11149	1.0	3.20253045796177e-104
11150	1.0	9.287255033547445e-158
11151	1.0	0.0
11152	1.0	6.104073823272084e-60
11153	1.0	2.8045296142285812e-74
11154	1.0	3.2108339810925543e-96
11155	1.0	0.0
11156	1.0	0.0
11157	1.0	0.0
11158	1.0	7.268178152439104e-36
11159	1.0	1.0190302294288516e-95
11161	1.0	5.382722440547772e-73
11162	1.0	8.887898515032376e-121
11163	1.0	2.2146490901405963e-19
11164	1.0	1.363449110825876e-75
11165	1.0	2.8932778202204797e-220
11166	1.0	2.0874322529828227e-18
11167	1.0	7.791025537765585e-41
11168	1.0	7.178027742229323e-25
11169	1.0	0.0
11170	1.0	9.932929303244842e-276
11171	1.0	0.0
11172	1.0	1.1197865470078341e-50
11173	1.0	7.726496839870477e-25
11174	1.0	1.546410332693177e-29
11175	1.0	7.396872083195124e-253
11176	1.0	0.0
11177	1.0	0.0
11178	1.0	3.062453170214658e-100
11179	1.0	1.0324015590173685e-43
11180	1.0	0.0
11181	1.0	0.0
11182	1.0	5.118603596513068e-217
11183	1.0	9.570299120301926e-33
11184	1.0	5.484987994149802e-89
11185	0.9997909236896926	0.00020907631030737115
11186	1.0	1.3904767919781891e-192
11187	1.0	5.464875228184029e-121
11188	1.0	2.044145744391238e-63
11189	1.0	2.6361418174191472e-90
11191	1.0	1.327456653706609e-297
11192	1.0	0.0
11193	1.0	0.0
11194	1.0	0.0
11195	1.0	1.0207185444753347e-256
11196	1.0	1.888695118435995e-140
11197	1.0	0.0
11198	1.0	0.0
11199	1.0	0.0
11200	1.0	4.298423070531715e-266
11201	1.0	5.906216826326596e-21
11202	1.0	1.551741854805068e-75
11203	1.0	1.3566088922605112e-121
11204	1.0	2.56738816463481e-44
11205	1.0	3.441975007785784e-281
11206	1.0	1.3608289613810966e-144
11207	1.0	0.0
11208	1.0	0.0
11209	1.0	1.756495796417164e-79
11210	1.0	0.0
11211	1.0	0.0
11212	1.0	2.4730873647524417e-98
11213	1.0	1.0953229610836e-82
11214	1.0	0.0
11215	1.0	0.0
11216	1.0	0.0
11217	1.0	1.037161199071978e-61
11218	1.0	1.766905179397206e-115
11219	1.0	3.1515358324060044e-164
11221	1.0	6.759671169921291e-62
11222	1.0	4.8229068548922085e-138
11223	1.0	5.562197055233472e-57
11224	1.0	0.0
11225	1.0	7.494006070139697e-37
11226	1.0	0.0
11227	1.0	0.0
11228	1.0	1.9689038028487297e-239
11229	1.0	9.29693113050171e-62
11230	1.0	4.8577661973817e-291
11231	0.9999999999999869	1.3078693745709575e-14
11232	1.0	5.527484373590104e-42
11233	1.0	5.242781450029042e-34
11234	1.0	4.452195689043454e-109
11235	1.0	1.2949691498679378e-276
11236	1.0	2.6395667402053844e-72
11237	1.0	4.648162211249332e-47
11238	1.0	2.7553195063826576e-195
11239	1.0	1.2276988924293868e-131
11240	1.0	0.0
11241	1.0	7.62614540839308e-151
11242	1.0	2.079830127120951e-18
11243	1.0	7.86e-322
11244	0.9999999999999565	4.3430531032524883e-14
11245	1.0	2.060524479570908e-86
11246	1.0	0.0
11247	1.0	7.447651649860121e-113
11248	1.0	0.0
11249	1.0	0.0
11251	1.0	1.3498654323822782e-86
11252	1.0	1.6120919305740747e-25
11253	1.0	3.814491675131645e-130
11254	1.0	0.0
11255	1.0	4.368430034526755e-169
11256	1.0	1.2094357281869338e-172
11257	1.0	2.628514124082911e-129
11258	1.0	2.04787133979235e-79
11259	1.0	1.4991647603617353e-40
11260	1.0	1.6661158590671656e-272
11261	1.0	4.437499158339234e-98
11262	1.0	0.0
11263	1.0	6.781037739841109e-162
11264	0.9999979029448208	2.0970551792217214e-06
11265	1.0	5.840773168301845e-93
11266	1.0	1.8592930730640574e-121
11267	0.9999999999999996	5.520958286052912e-16
11268	1.0	4.828938309665826e-55
11269	1.0	1.204618329484913e-58
11270	1.0	6.690471908943162e-246
11271	1.0	0.0
11272	1.0	4.151931325805863e-26
11273	1.0	0.0
11274	1.0	5.518842520966556e-172
11275	1.0	2.9089394323508436e-23
11276	1.0	3.18865361552438e-291
11277	1.0	2.6040174564411267e-277
11278	1.0	2.99624840970369e-71
11279	1.0	2.5031794987181586e-105
11281	1.0	0.0
11282	1.0	6.949309731782912e-19
11283	1.0	7.350442091936943e-29
11284	1.0	3.317692878304737e-198
11285	1.0	6.992336820067743e-256
11286	1.0	2.179857939461108e-220
11287	1.0	5.772208393404443e-290
11288	1.0	1.1934152975050942e-205
11289	1.0	1.0092199459600152e-19
11290	1.0	0.0
11291	1.0	1.2135341579207334e-95
11292	0.9996896935040755	0.0003103064959245043
11293	0.9127701765746322	0.08722982342536784
11294	1.0	1.9748499217433727e-71
11295	1.0	0.0
11296	1.0	0.0
11297	1.0	4.9486661794604816e-30
11298	1.0	2.5255393499683126e-297
11299	1.0	2.8436581013824446e-106
11300	1.0	9.972733372762276e-27
11301	1.0	0.0
11302	1.0	2.3979955403993735e-266
11303	1.0	6.067612219812536e-168
11304	1.0	9.230080723637443e-103
11305	1.0	0.0
11306	1.0	1.0541830812504342e-182
11307	1.0	0.0
11308	1.0	2.7068064236822573e-181
11309	1.0	3.5952643872221232e-68
11311	1.0	8.330152063354646e-218
11312	1.0	0.0
11313	1.0	0.0
11314	1.0	1.0704317995761435e-238
11315	1.0	0.0
11316	1.0	0.0
11317	1.0	1.5869434622233023e-148
11318	1.0	4.60945830523685e-155
11319	1.0	0.0
11320	1.0	7.411458879329627e-279
11321	1.0	0.0
11322	0.9993984414815821	0.0006015585184180286
11323	1.0	2.3553814799679746e-92
11324	1.0	0.0
11325	0.03436038697070915	0.9656396130292908
11326	1.0	3.308595178330579e-21
11327	0.9999999995999898	4.0001020019458846e-10
11328	1.0	3.8815919630124916e-89
11329	1.0	6.1634205857082815e-87
11330	1.0	4.5832983586041725e-189
11331	1.0	0.0
11332	1.0	1.9047591570609773e-225
11333	1.0	0.0
11334	1.0	7.17463752224633e-78
11335	0.999999999999998	1.9080059854926984e-15
11336	1.0	6.286180219333658e-70
11337	1.0	0.0
11338	1.0	1.2080085658270189e-48
11339	1.0	3.265008708190715e-171
11341	1.0	3.798061873352614e-50
11342	1.0	0.0
11343	1.0	2.1488327807647866e-302
11344	1.0	0.0
11345	1.0	3.6047931788503504e-159
11346	1.0	6.379614653336407e-125
11347	1.0	1.3737347787040393e-84
11348	1.0	4.437897927476283e-90
11349	1.0	7.908738789270071e-74
11350	0.701168878935461	0.2988311210645391
11351	1.0	3.846128252207227e-41
11352	1.0	7.858494012053824e-163
11353	1.0	2.551374822514402e-75
11354	1.0	1.1714964059208127e-103
11355	1.0	0.0
11356	1.0	7.497831426385785e-48
11357	1.0	0.0
11358	1.0	5.708447489971068e-262
11359	1.0	0.0
11360	1.0	3.6336e-319
11361	1.0	1.110812034037811e-73
11362	1.0	5.263743201252082e-78
11363	1.0	2.3270907016166114e-238
11364	1.0	2.204924801321622e-137
11365	1.0	0.0
11366	1.0	3.1438627238396474e-177
11367	1.0	1.3044101081178963e-71
11368	1.0	0.0
11369	1.0	2.1267464924599697e-100
11371	1.0	8.901099183685908e-143
11372	1.0	1.2810508309541266e-192
11373	1.0	0.0
11374	1.0	0.0
11375	1.0	1.8334189297901094e-38
11376	1.0	0.0
11377	1.0	1.3801409387795901e-38
11378	1.0	7.084791563299368e-103
11379	0.9999999999999996	5.142823424170017e-16
11380	1.0	7.298015282754239e-90
11381	1.0	1.5452360978721802e-97
11382	1.0	3.6843584911000053e-81
11383	1.0	1.8767337919962347e-90
11384	1.0	1.476829289165211e-137
11385	1.0	0.0
11386	1.0	2.9331506609757602e-229
11387	1.0	1.1395379014073061e-216
11388	1.0	7.521008102223728e-217
11389	1.0	4.658676238415213e-99
11390	1.0	8.943708869835775e-72
11391	1.0	0.0
11392	1.0	0.0
11393	1.0	0.0
11394	1.0	9.743738778697314e-297
11395	1.0	6.301069781676348e-272
11396	1.0	8.943708869835775e-72
11397	1.0	9.992220877923075e-55
11398	1.0	8.424132981289827e-179
11399	1.0	7.733921152823406e-39
11401	1.0	6.2614521727945485e-58
11402	1.0	1.0110888481761765e-58
11403	1.0	1.312575831237756e-144
11404	1.0	1.585979255726477e-120
11405	1.0	2.6454870414895556e-208
11406	1.0	2.849925730794043e-51
11407	1.0	0.0
11408	1.0	0.0
11409	1.0	1.2559260195940683e-139
11410	1.0	0.0
11411	1.0	0.0
11412	1.0	1.112207892e-314
11413	1.0	1.930997904e-315
11414	1.0	1.3599970436007695e-202
11415	0.9999999999600355	3.996437133626417e-11
11416	0.9999999999999216	7.848475326458479e-14
11417	1.0	4.9883132786571856e-55
11418	1.0	8.949683378663417e-95
11419	0.9999999999971563	2.8437942813405583e-12
11420	1.0	4.219230924232101e-157
11421	1.0	1.3837025594905388e-36
11422	1.0	9.478031385965002e-113
11423	1.0	1.5e-322
11424	1.0	0.0
11425	1.0	0.0
11426	1.0	0.0
11427	1.0	4.333195836974107e-27
11428	1.0	7.072289127889059e-57
11429	1.0	8.769542780252149e-156
11431	1.0	1.1883471632879123e-125
11432	1.0	0.0
11433	1.0	1.1978897705761654e-248
11434	1.0	0.0
11435	0.9999999999973701	2.6299771422892897e-12
11436	1.0	1.465993420365951e-30
11437	1.0	4.3550850633116756e-132
11438	1.0	0.0
11439	1.0	4.224191446177866e-35
11440	1.0	8.722981519091699e-30
11441	1.0	1.9042233609726217e-34
11442	1.0	1.519773099650721e-47
11443	1.0	0.0
11444	0.0019392896248264738	0.9980607103751735
11445	1.0	2.0481698359192636e-51
11446	1.0	1.4803577866803174e-210
11447	1.0	3.5210954490881006e-78
11448	1.0	0.0
11449	1.0	0.0
11450	1.0	1.7522168778232878e-85
11451	1.0	3.580282123872781e-35
11452	1.0	0.0
11453	1.0	4.874231631329014e-78
11454	1.0	3.647623489107e-312
11455	1.0	2.1413726483873417e-118
11456	1.0	1.0695826813702205e-255
11457	1.0	6.748232908736436e-166
11458	1.0	0.0
11459	1.0	1.3958016015133436e-30
11461	1.0	0.0
11462	1.0	9.729924564232652e-20
11463	1.0	1.253754706276732e-94
11464	1.0	2.8606195689389688e-56
11465	1.0	8.779882163784012e-121
11466	1.0	8.779371018866861e-173
11467	0.9999998730581067	1.2694189322433756e-07
11468	1.0	0.0
11469	0.9973679290784226	0.0026320709215774084
11470	1.0	6.186879204882067e-80
11471	1.0	0.0
11472	1.0	6.693556977002009e-211
11473	1.0	1.675376991988764e-36
11474	1.0	1.9758775544747916e-18
11475	1.0	1.0710193768517285e-68
11476	1.0	1.1102800269864266e-102
11477	1.0	4.1525924781784186e-213
11478	1.0	2.952559495980428e-95
11479	1.0	1.8195458775993285e-31
11480	1.0	0.0
11481	1.0	2.1808198715068434e-33
11482	1.0	2.0215860836764343e-64
11483	1.0	2.0197539474842574e-67
11484	1.0	2.3355700971498367e-182
11485	1.0	3.117487681994743e-80
11486	1.0	4.173770152640981e-139
11487	1.0	1.4431524026473324e-112
11488	1.0	0.0
11489	1.0	3.3130571772395555e-30
11491	1.0	1.3934711846083742e-37
11492	1.0	0.0
11493	1.0	6.214417744628363e-59
11494	1.0	2.9846368828424086e-135
11495	1.0	8.571617479506126e-143
11496	1.0	2.2213827229099634e-55
11497	1.0	6.638919392934197e-45
11498	1.0	0.0
11499	1.0	5.934222350975414e-153
11500	1.0	1.3236126769446206e-160
11501	1.0	1.3746018073475333e-146
11502	1.0	0.0
11503	1.0	0.0
11504	1.0	2.913692822899471e-66
11505	1.0	5.3034288766837995e-118
11506	1.0	2.0188020638589187e-119
11507	1.0	1.2032065922611496e-120
11508	1.0	1.6720817650714065e-97
11509	1.0	1.2144983098531518e-279
11510	1.0	0.0
11511	1.0	5.647084505817889e-204
11512	1.0	0.0
11513	1.0	9.297403661489552e-57
11514	1.0	1.4184874912645519e-27
11515	1.0	3.3360107987741007e-221
11516	0.9999999999999714	2.859061538290759e-14
11517	1.0	0.0
11518	1.0	4.831998816432343e-161
11519	1.0	2.89492158231828e-41
11521	1.0	0.0
11522	1.0	5.324709635900926e-62
11523	1.0	0.0
11524	1.0	3.7438721108118803e-41
11525	1.0	0.0
11526	1.0	7.397464790476866e-86
11527	1.0	0.0
11528	1.0	3.8755761189431176e-35
11529	1.0	5.53849117314282e-95
11530	1.0	2.6320999977450917e-108
11531	1.0	3.584824056393619e-139
11532	1.0	1.1241937365476224e-251
11533	1.0	1.1989053739812124e-36
11534	1.0	1.5640201211727765e-24
11535	1.0	0.0
11536	1.0	4.179618e-318
11537	1.0	1.6150464715146652e-277
11538	1.0	3.0020104178235055e-46
11539	1.0	9.815944588717538e-20
11540	1.0	8.409037151339268e-21
11541	1.0	5.0438003002863486e-21
11542	1.0	1.4253319596297217e-136
11543	1.0	3.800565814707157e-219
11544	1.0	1.3154656898007785e-87
11545	1.0	2.0386898174240947e-42
11546	1.0	5.376152966321345e-25
11547	1.0	4.447440964076769e-160
11548	1.0	0.0
11549	1.0	1.227770248001829e-81
11551	1.0	7.850237988615408e-207
11552	1.0	1.6234341850247225e-29
11553	1.0	3.247089790914463e-152
11554	1.0	9.696218480327798e-30
11555	1.0	0.0
11556	1.0	2.473352638732298e-59
11557	1.0	4.7289165531733536e-135
11558	1.0	3.658729744612087e-26
11559	1.0	2.688013819256416e-68
11560	1.0	1.4424718345748492e-36
11561	1.0	4.7674585647612726e-79
11562	1.0	0.0
11563	1.0	0.0
11564	1.0	0.0
11565	1.0	8.389117185584313e-109
11566	1.0	0.0
11567	1.0	3.718289099751927e-110
11568	1.0	4.331185789870116e-234
11569	1.0	0.0
11570	1.0	8.120509531025524e-193
11571	0.9999999999999993	5.607257838729285e-16
11572	1.0	2.253761079152293e-85
11573	1.0	1.7072760936956583e-149
11574	1.0	0.0
11575	1.0	2.9749524461286255e-186
11576	1.0	1.7117130553914434e-90
11577	1.0	7.819401566191481e-63
11578	1.0	0.0
11579	1.0	2.6449949056887594e-25
11581	1.0	1.431478915223112e-54
11582	1.0	1.24933653646195e-114
11583	1.0	9.56488199514845e-117
11584	1.0	3.3104656984405783e-118
11585	1.0	2.5344823296542086e-120
11586	1.0	2.5686457768848904e-95
11587	1.0	5.905872254398418e-46
11588	1.0	2.167481554616951e-53
11589	1.0	6.337078085377552e-138
11590	1.0	1.4864726588227837e-192
11591	1.0	2.122314665453907e-144
11592	1.0	6.296769963207563e-98
11593	1.0	3.867871391050006e-21
11594	1.0	5.929303153799968e-36
11595	1.0	1.672991626415405e-200
11596	1.0	0.0
11597	1.0	0.0
11598	1.0	1.4567431967441047e-77
11599	1.0	1.0779132336686205e-111
11600	1.0	1.8742528386525581e-180
11601	1.0	3.3618879625761526e-162
11602	1.0	9.640031663595067e-227
11603	0.9999999999999971	2.799409992435253e-15
11604	1.0	4.374178142004395e-64
11605	1.0	1.0112970824555551e-70
11606	1.0	9.382130875297843e-66
11607	1.0	1.4195205170916428e-298
11608	1.0	8.032211907266971e-176
11609	1.0	5.78512002749777e-42
11611	1.0	1.3117304818182893e-287
11612	1.0	1.1170753222953536e-215
11613	1.0	2.421810627992174e-70
11614	1.0	6.615019871231024e-42
11615	1.0	0.0
11616	1.0	2.0525055309160326e-31
11617	1.0	3.386075092876365e-102
11618	1.0	0.0
11619	1.0	8.274749554631475e-279
11620	1.0	0.0
11621	1.0	4.118749202951549e-64
11622	1.0	3.489706584091602e-20
11623	1.0	9.789803824052195e-155
11624	1.0	6.441895615235654e-33
11625	1.0	2.2723967351057403e-73
11626	1.0	1.072571269047402e-38
11627	1.0	2.3535234937914804e-231
11628	1.0	2.785037730483859e-47
11629	1.0	2.4216394394315575e-208
11630	1.0	3.5161567011287307e-171
11631	1.0	1.5904957740438174e-56
11632	1.0	5.603708756343087e-173
11633	1.0	1.5562544162675058e-141
11634	1.0	1.1225978352501874e-158
11635	0.9926872242350812	0.007312775764918736
11636	1.0	1.118400596887824e-68
11637	0.9999521640633126	4.7835936687355255e-05
11638	1.0	2.3815757812753542e-191
11639	1.0	0.0
11641	1.0	1.085197537368344e-242
11642	1.0	1.0691622750350042e-29
11643	1.0	0.0
11644	1.0	3.117971358870762e-181
11645	1.0	1.0105686528909227e-134
11646	1.0	2.8192031694003246e-162
11647	1.0	1.30229791002951e-215
11648	1.0	3.932399811932993e-308
11649	1.0	0.0
11650	1.0	1.2467115380912633e-136
11651	1.0	0.0
11652	1.0	1.643719492935462e-148
11653	1.0	0.0
11654	1.686092324609406e-11	0.999999999983139
11655	1.0	1.9614236274901622e-50
11656	1.0	0.0
11657	1.0	1.6050606262258703e-48
11658	1.0	0.0
11659	1.0	6.626017075432055e-93
11660	1.0	7.905238325565155e-308
11661	1.0	1.806935925011677e-37
11662	1.0	0.0
11663	1.0	1.7612681923134043e-240
11664	1.0	8.623947265875087e-128
11665	1.0	0.0
11666	1.0	2.356692646257646e-28
11667	1.0	7.456406420357197e-258
11668	1.0	1.7432969507250116e-127
11669	1.0	1.0421411055468065e-65
11671	1.0	0.0
11672	1.0	9.610082574444103e-122
11673	1.0	1.6989838081324927e-107
11674	1.0	6.943522828483277e-44
11675	1.0	0.0
11676	1.0	2.2904410562808534e-121
11677	1.0	1.6583153480048084e-68
11678	1.0	1.1827156116303881e-86
11679	1.0	0.0
11680	1.0	0.0
11681	1.0	0.0
11682	1.0	2.1375735715277033e-40
11683	1.0	7.637255883527888e-24
11684	1.0	0.0
11685	1.0	0.0
11686	1.0	3.072410779142359e-139
11687	1.0	1.9312294542272605e-255
11688	0.9999999999999991	7.841673046306689e-16
11689	1.0	7.617804366781106e-80
11690	1.0	8.456056570731462e-198
11691	1.0	0.0
11692	1.0	3.277305451087953e-66
11693	1.0	3.34430741237974e-64
11694	1.0	9.851090818894758e-55
11695	1.0	8.074146903164903e-133
11696	1.0	0.0
11697	1.0	2.1588695935138915e-55
11698	1.0	1.1337036780329941e-178
11699	1.0	1.6209244830548025e-49
11701	1.0	8.430455361282358e-32
11702	1.0	1.492750494818048e-251
11703	0.9999999999999993	6.173492129892676e-16
11704	1.0	2.384971124596571e-53
11705	1.0	5.42094919561085e-117
11706	1.0	2.953650429626614e-236
11707	1.0	0.0
11708	1.0	0.0
11709	1.0	1.906557797256463e-109
11710	1.0	1.9471035352608376e-93
11711	1.0	1.7399417027730368e-104
11712	1.0	1.4569178991671793e-50
11713	1.0	0.0
11714	1.0	5.4185226883849714e-139
11715	1.0	9.690385958882745e-98
11716	1.0	9.051036562533978e-33
11717	1.0	2.0856724887476493e-294
11718	1.0	1.4891753662244984e-51
11719	1.0	0.0
11720	1.0	0.0
11721	1.0	2.6325307242603585e-296
11722	1.0	6.928405149933816e-21
11723	1.0	6.943376740401776e-206
11724	1.0	0.0
11725	1.0	0.0
11726	1.0	1.3207974670067035e-31
11727	1.0	5.655970929864249e-260
11728	1.0	8.241620790274928e-250
11729	1.0	0.0
11731	1.0	2.1774752396880874e-215
11732	1.0	3.4796109381034827e-31
11733	0.9984646447351694	0.0015353552648306944
11734	1.0	2.708858067657045e-47
11735	1.0	3.337814679578963e-63
11736	1.0	2.1551452810092807e-54
11737	1.0	1.274668520354216e-236
11738	1.0	0.0
11739	1.0	9.507362661167283e-38
11740	1.0	2.6422760723843086e-34
11741	1.0	0.0
11742	1.0	2.09846626208e-312
11743	0.9999999999999984	1.4816226875707262e-15
11744	1.0	1.749635929981361e-208
11745	1.0	4.419716959064447e-257
11746	1.0	1.1565061649006428e-42
11747	1.0	1.2007332664972855e-41
11748	1.0	1.6298304010031634e-130
11749	1.0	5.910566633005538e-269
11750	1.0	1.59223471386225e-63
11751	1.0	0.0
11752	1.0	3.206e-321
11753	1.0	2.4737290861573226e-73
11754	1.0	0.0
11755	1.0	3.0034738949892885e-127
11756	1.0	4.0114158215203894e-29
11757	1.0	2.525891718058847e-237
11758	1.0	8.95404504186229e-51
11759	1.0	7.833009612517459e-110
11761	1.0	1.465993420365951e-30
11762	1.0	6.209971055e-314
11763	1.0	8.180557417683687e-260
11764	1.0	0.0
11765	1.0	1.6711335655268738e-124
11766	1.0	4.9109302536833876e-114
11767	1.0	4.549071226314793e-174
11768	1.0	4.782971187593222e-217
11769	1.0	1.226432230342393e-63
11770	1.0	7.329170489342621e-144
11771	1.0	1.830383043376452e-148
11772	1.0	5.153446336250985e-40
11773	1.0	8.84435191544601e-48
11774	1.0	9.181201171864887e-31
11775	1.0	2.8699250654485172e-27
11776	0.9999999999999971	2.799409992435253e-15
11777	1.0	7.43259428220766e-109
11778	1.0	0.0
11779	1.0	0.0
11780	0.9999999978627752	2.1372247793575735e-09
11781	1.0	3.8393611541410126e-262
11782	1.0	1.2085839671756187e-116
11783	1.0	0.0
11784	0.9999999931853916	6.814608298233123e-09
11785	1.0	0.0
11786	1.0	3.2087731061203745e-179
11787	1.0	5.30983149273219e-293
11788	1.0	0.0
11789	1.0	3.703015438236211e-56
11791	1.0	1.559048507462127e-184
11792	1.0	2.1087079785378125e-155
11793	1.0	1.3921929171874106e-202
11794	1.0	0.0
11795	1.0	5.150032117924727e-101
11796	1.0	9.157297637393544e-47
11797	1.0	0.0
11798	1.0	6.476497695678301e-221
11799	1.0	0.0
11800	1.0	5.1843651507847e-60
11801	1.0	1.152048215897519e-249
11802	1.0	3.442109546148419e-92
11803	1.0	3.985311626498201e-80
11804	1.0	0.0
11805	1.0	0.0
11806	1.0	1.113704692550443e-47
11807	1.0	4.499157667586698e-80
11808	1.0	3.0919905940138698e-220
11809	1.0	3.635421296342048e-143
11810	0.9999999999999971	2.799409992435253e-15
11811	0.9999999998570717	1.4292837479487238e-10
11812	1.0	3.9077320590305093e-268
11813	1.0	5.803144686741745e-24
11814	1.0	1.5882648229311553e-101
11815	1.0	1.435822842818114e-219
11816	1.0	2.67384878908688e-238
11817	1.0	0.0
11818	1.0	0.0
11819	1.0	0.0
11821	1.0	1.6008336510954365e-55
11822	1.0	3.230081577937137e-206
11823	1.0	3.8331661455595006e-119
11824	1.0	0.0
11825	1.0	0.0
11826	1.0	5.067733112446459e-224
11827	1.0	1.1984539847588286e-48
11828	1.0	0.0
11829	1.0	3.0485272491218214e-249
11830	1.0	0.0
11831	1.0	1.0898584866362299e-38
11832	1.0	2.968864008014009e-85
11833	1.0	3.3804984260258984e-50
11834	1.0	1.0305582905102536e-177
11835	1.0	8.113287171473534e-69
11836	1.0	1.540423e-318
11837	1.0	3.0382087718050344e-75
11838	1.0	6.967468173159285e-55
11839	1.0	1.2865203639727754e-296
11840	1.0	2.3613018248590428e-259
11841	1.0	0.0
11842	6.3010918841433e-20	1.0
11843	0.0015093372449235317	0.9984906627550765
11844	0.9999999999999971	2.799409992435253e-15
11845	1.0	0.0
11846	1.0	8.805697622904524e-65
11847	1.0	6.839319527213152e-26
11848	1.0	0.0
11849	1.0	1.7325244499977984e-155
11851	0.4430858341792542	0.5569141658207458
11852	1.0	5.845914801992146e-103
11853	1.0	2.497275943579753e-117
11854	1.0	1.3116597046083934e-43
11855	1.0	0.0
11856	1.0	3.003884965925161e-256
11857	0.42800458958546844	0.5719954104145315
11858	1.0	4.671166804123914e-183
11859	1.0	1.2553593799278516e-73
11860	1.0	3.008184321624805e-17
11861	1.0	1.1230419352625687e-121
11862	1.0	0.0
11863	1.0	7.733738094409228e-54
11864	1.0	3.0201450539811426e-165
11865	1.0	2.971727373208986e-61
11866	1.0	9.723156941580052e-94
11867	1.0	3.3770216145958035e-144
11868	1.0	0.0
11869	1.0	1.3813713251002518e-28
11870	1.0	4.034292370194346e-31
11871	0.9999999999999962	3.84796358016997e-15
11872	1.0	3.75373559e-314
11873	1.0	1.5346339267170758e-22
11874	1.0	2.7341349943853727e-146
11875	1.0	1.547582996762784e-213
11876	1.0	3.0396330178199143e-80
11877	1.0	1.163676011651184e-69
11878	1.0	0.0
11879	1.0	4.532724171845643e-19
11881	1.0	0.0
11882	1.0	1.895674587695139e-122
11883	1.0	5.800171697494561e-209
11884	1.0	9.99407993928845e-63
11885	1.0	1.9591376749563e-311
11886	1.0	3.4941566773332934e-262
11887	1.0	7.28881817110239e-61
11888	1.0	0.0
11889	1.0	1.5638876888698483e-34
11890	1.0	1.3875134561387988e-162
11891	1.0	1.374233992122667e-106
11892	1.0	3.773818220218786e-122
11893	1.0	0.0
11894	1.0	1.5876916415824132e-71
11895	1.0	0.0
11896	1.0	0.0
11897	1.0	2.9227255678654007e-139
11898	1.0	0.0
11899	1.0	0.0
11900	0.9999999999999962	3.84796358016997e-15
11901	1.0	6.154380900285554e-239
11902	1.0	0.0
11903	1.0	2.079013542221743e-28
11904	1.0	0.0
11905	1.0	9.803097401787212e-68
11906	0.9999999996934719	3.0652816134692073e-10
11907	1.0	1.1062270305815177e-49
11908	1.0	7.990070270315345e-87
11909	1.0	4.088377814899921e-126
11911	1.0	1.401465989365868e-131
11912	1.0	1.9013836981692737e-113
11913	1.0	7.80781527294e-313
11914	1.0	0.0
11915	1.0	1.0285485034736528e-162
11916	1.0	4.842355506977506e-112
11917	1.0	6.733661560655062e-58
11918	1.0	3.9420459216667823e-128
11919	1.0	0.0
11920	0.9999999999999989	1.0830259140415278e-15
11921	1.0	9.999960176544057e-60
11922	1.0	2.3412322595920788e-43
11923	1.0	1.041496607406752e-41
11924	1.0	1.1569627575644301e-259
11925	1.0	3.37472472650779e-72
11926	1.0	9.090203450479797e-171
11927	1.0	0.0
11928	1.0	1.3845675784007673e-207
11929	1.0	5.688755631195598e-185
11930	1.0	4.897164394956867e-123
11931	1.0	0.0
11932	1.0	2.2272469994112215e-65
11933	1.0	4.0474096165056274e-24
11934	1.0	2.3454720966042677e-67
11935	1.0	1.5265424076690287e-114
11936	1.0	2.1019884210776496e-119
11937	1.0	4.9067873691257366e-32
11938	1.0	4.717562221457242e-67
11939	1.0	1.5068838166905603e-221
11941	1.0	4.453493130910426e-301
11942	1.0	9.995360418644128e-109
11943	1.0	2.9952245069758015e-107
11944	1.0	0.0
11945	1.0	7.135338276257732e-45
11946	1.0	8.897745489301622e-37
11947	1.0	1.6432449226865542e-24
11948	1.0	1.671963157857781e-35
11949	1.0	7.380722949423086e-85
11950	1.0	5.3000040871682e-245
11951	0.9999993823698499	6.176301501512507e-07
11952	1.0	5.1829320679434436e-220
11953	1.0	2.321503572861264e-66
11954	1.0	1.1151745525864233e-163
11955	0.9999999999999971	2.799409992435253e-15
11956	1.0	0.0
11957	1.0	9.677604233805723e-24
11958	1.0	0.0
11959	1.0	0.0
11960	1.0	5.530370100801674e-162
11961	1.0	6.061198756547545e-193
11962	1.0	5.977224568503137e-31
11963	1.0	0.0
11964	1.0	5.031609480918975e-149
11965	1.0	5.131605350490291e-215
11966	1.0	1.5575140532583564e-95
11967	1.0	6.506556338321476e-150
11968	1.0	4.439078862072384e-130
11969	1.0	1.0872309001364652e-93
11971	1.0	9.793970288659121e-26
11972	1.0	0.0
11973	1.0	6.766754745929324e-72
11974	1.0	0.0
11975	1.0	0.0
11976	1.0	0.0
11977	1.0	9.792058128145306e-244
11978	1.0	1.2428912396730818e-83
11979	1.0	1.0796241576966581e-248
11980	1.0	6.317745501786089e-31
11981	1.0	3.6820098326144e-65
11982	1.0	8.232320776077757e-162
11983	1.0	0.0
11984	1.0	9.03164778557332e-301
11985	1.0	1.2193127207070005e-236
11986	1.0	2.4237811381954145e-23
11987	1.0	2.1493233022528898e-139
11988	1.0	5.3000964584988286e-148
11989	1.0	1.655327494622667e-22
11990	0.999999999748159	2.5184099664467315e-10
11991	1.0	1.669523532127436e-98
11992	1.0	0.0
11993	1.0	2.316873913259739e-71
11994	1.0	6.624543467030486e-213
11995	1.0	8.596088816711053e-59
11996	1.0	7.164041023017308e-185
11997	1.0	1.177682292413357e-112
11998	1.0	1.3069418440875564e-130
11999	1.0	0.0
12001	1.0	2.5762615869622076e-47
12002	1.0	7.3332836014526895e-34
12003	1.0	1.4422906413812039e-93
12004	1.0	2.2842243467710857e-185
12005	1.0	3.1658648790964408e-55
12006	1.0	2.8706927561425325e-95
12007	1.0	1.4553122619483951e-130
12008	1.0	0.0
12009	1.0	0.0
12010	1.0	2.5127325559792204e-117
12011	1.0	2.440759529870347e-111
12012	1.0	3.455681025688645e-43
12013	1.0	8.520661643056488e-140
12014	1.0	2.1309529199356583e-187
12015	1.0	8.520661643056488e-140
12016	1.0	0.0
12017	1.0	0.0
12018	1.0	0.0
12019	1.0	5.836564442089385e-95
12020	1.0	6.731912554091842e-69
12021	1.0	1.387660015380384e-121
12022	1.0	1.3740818231437378e-107
12023	0.9999999999999971	2.799409992435253e-15
12024	1.0	8.825261099010868e-142
12025	1.0	0.0
12026	1.0	6.522495124110604e-81
12027	1.0	3.1844425334484527e-200
12028	1.0	8.205386736579969e-159
12029	1.0	6.544598858720236e-243
12031	1.0	0.0
12032	1.0	7.127174597877285e-194
12033	1.0	3.4251756969891485e-84
12034	1.0	2.0723894201124184e-185
12035	1.0	2.4036514226375063e-144
12036	1.0	2.7867499845959878e-58
12037	0.9999999999999998	2.6246666097552587e-16
12038	1.0	1.6016610701256291e-167
12039	1.0	1.917718653480887e-37
12040	1.0	3.3662525835722435e-276
12041	1.0	3.1028435909314433e-220
12042	1.0	2.584325163565649e-98
12043	1.0	2.7059021035972083e-75
12044	1.0	0.0
12045	1.0	1.0338091296286097e-190
12046	0.9999999999996048	3.952783174705231e-13
12047	0.9999999999999967	3.4099247708021685e-15
12048	1.0	1.8100945341454866e-19
12049	1.0	0.0
12050	1.0	9.00303273320819e-30
12051	1.0	9.852599375520828e-161
12052	1.0	2.398802823635071e-28
12053	1.0	8.23243549456428e-29
12054	1.0	2.7523355233369026e-140
12055	1.0	4.574908551979415e-247
12056	1.0	0.0
12057	1.0	7.979752978616578e-53
12058	1.0	0.0
12059	1.0	0.0
12061	1.0	0.0
12062	0.9999999999893168	1.068315433137216e-11
12063	1.0	0.0
12064	1.0	1.216077738417754e-214
12065	1.0	6.876984763494943e-285
12066	1.0	1.6049865381601796e-51
12067	1.0	5.519800153063234e-58
12068	1.0	4.952169352376619e-264
12069	1.0	4.3612459759822805e-256
12070	1.0	0.0
12071	1.0	1.5522441058283926e-22
12072	1.0	8.743784768195434e-49
12073	1.0	2.630481501136867e-290
12074	1.0	2.630481501136867e-290
12075	1.0	1.834820078813176e-81
12076	1.0	0.0
12077	1.0	7e-322
12078	1.0	2.831722260440437e-113
12079	0.9999995960817296	4.0391827047618276e-07
12080	1.0	6.956279844399778e-57
12081	1.0	8.448111982573457e-32
12082	1.0	1.01630530755369e-23
12083	1.0	0.0
12084	1.0	2.584926440032902e-88
12085	1.0	8.633796939438642e-66
12086	1.0	2.938780670340848e-21
12087	0.9999999999999998	1.5344516588434948e-16
12088	1.0	0.0
12089	1.0	7.795293351390446e-89
12091	1.0	0.0
12092	1.0	0.0
12093	1.0	1.028579286702658e-37
12094	1.0	0.0
12095	1.0	0.0
12096	1.0	4.304250255790794e-28
12097	1.0	3.5835158771506445e-84
12098	1.0	0.0
12099	1.0	1.0832190386405156e-22
12100	1.0	3.233917316389273e-85
12101	1.0	2.0710642546378332e-29
12102	1.0	2.0874805330645135e-239
12103	1.0	1.0138836275462968e-65
12104	1.0	0.0
12105	1.0	0.0
12106	1.0	8.32577711556038e-25
12107	1.0	2.640797102225336e-188
12108	1.0	7.729488034069852e-37
12109	1.0	0.0
12110	1.0	8.958610290607228e-29
12111	1.0	0.0
12112	1.0	5.290837840676501e-59
12113	1.0	1.451197597108089e-90
12114	1.0	0.0
12115	1.0	1.0109074107341321e-16
12116	1.0	0.0
12117	1.0	6.377633347596063e-141
12118	1.0	0.0
12119	1.0	1.19359476e-315
12121	1.0	6.496706912418487e-270
12122	1.0	4.611214659723345e-227
12123	1.0	0.0
12124	1.0	3.2096240757979406e-252
12125	1.0	0.0
12126	1.0	0.0
12127	1.0	0.0
12128	1.0	1.2960291152255466e-167
12129	0.34416950239166894	0.6558304976083311
12130	1.0	2.2912316299759256e-94
12131	1.0	2.0712306656608213e-271
12132	1.0	2.0712306656608213e-271
12133	1.0	0.0
12134	1.0	1.6825851917939342e-203
12135	1.0	2.661664170207344e-23
12136	1.0	0.0
12137	1.0	2.5716020038776867e-87
12138	1.0	1.4845221652664078e-22
12139	1.0	1.1959890007622019e-209
12140	1.0	1.8800692124914825e-73
12141	1.0	6.895524056106945e-128
12142	1.0	0.0
12143	0.9999999535957708	4.6404229186672086e-08
12144	1.0	1.7602397588735275e-227
12145	1.0	6.265811034842944e-226
12146	1.0	3.1254797539001294e-172
12147	1.0	1.7209902868230643e-87
12148	1.0	8.095983124453889e-181
12149	1.0	1.1533308354058566e-179
12151	1.0	1.368413681796811e-84
12152	1.0	4.893335769743228e-162
12153	1.0	3.5365175782535544e-25
12154	1.0	1.1555770462799602e-149
12155	1.0	7.754766328149137e-33
12156	1.0	9.851962961942114e-72
12157	0.9999999999999902	9.754138072907183e-15
12158	1.0	3.402362478995132e-50
12159	1.0	1.184788214729186e-32
12160	1.0	3.974776767772605e-95
12161	1.0	4.063729870534047e-38
12162	1.0	1.8891243382910188e-34
12163	1.0	1.5382143707896276e-18
12164	1.0	5.020885971564327e-251
12165	1.0	6.159328210644952e-70
12166	1.0	2.2321492495750485e-154
12167	0.9999999999999991	9.379950648136326e-16
12168	1.0	2.176582703222904e-49
12169	0.9999999999970262	2.973927737093531e-12
12170	0.9999999999970262	2.973927737093531e-12
12171	1.0	2.620292978408042e-73
12172	1.0	5.895002130223679e-255
12173	1.0	9.928219493452367e-31
12174	1.0	1.2685198266727402e-81
12175	1.0	3.363183622486467e-69
12176	1.0	7.76511844883128e-259
12177	1.0	3.2483511478001806e-56
12178	1.0	0.0
12179	1.0	0.0
12181	1.0	0.0
12182	1.0	0.0
12183	1.0	2.256493094177201e-69
12184	1.0	9.584531283420362e-86
12185	1.0	2.5865688089582524e-36
12186	1.0	2.8347108544803516e-28
12187	1.0	3.4990701469098835e-68
12188	0.9999719376402397	2.8062359760358314e-05
12189	1.0	2.861005480032576e-305
12190	0.9999719376402397	2.8062359760358314e-05
12191	1.0	7.30800178026362e-297
12192	1.0	0.0
12193	1.0	4.292071380134498e-64
12194	1.0	1.4355309070163027e-24
12195	1.0	0.0
12196	1.0	6.684481607685757e-206
12197	1.0	1.0238216974836168e-40
12198	1.0	6.020459669691645e-88
12199	1.0	1.48421538028106e-69
12200	1.0	3.497792819276482e-98
12201	1.0	1.329419640454698e-33
12202	1.0	5.290376199184362e-165
12203	1.0	7.14016183408933e-35
12204	1.0	3.9066590248689996e-86
12205	1.0	2.8335319057006864e-90
12206	0.9999986010930154	1.3989069845821257e-06
12207	1.0	0.0
12208	1.0	0.0
12209	0.9999999999999925	7.453400174833039e-15
12211	0.9999999999998141	1.8582705278376772e-13
12212	1.0	5.1533225242424587e-98
12213	1.0	0.0
12214	0.9999999999999925	7.453400174833039e-15
12215	1.0	4.446535586426944e-203
12216	0.9999999999998141	1.8582705278376772e-13
12217	1.0	1.7379552722756578e-47
12218	1.0	0.0
12219	1.0	9.650240687891584e-49
12220	1.0	3.0705257899956185e-260
12221	1.0	2.2242380366067002e-159
12222	1.0	1.2034923101709897e-141
12223	1.0	2.0161243397242495e-155
12224	1.0	3.0844898849648145e-31
12225	1.0	0.0
12226	1.0	0.0
12227	1.0	7.416373939127651e-219
12228	1.0	1.147313156667555e-44
12229	1.0	0.0
12230	1.0	1.5575384913603804e-201
12231	1.0	4.1870432831860816e-30
12232	1.0	5.77750062922372e-28
12233	1.0	1.147313156667555e-44
12234	1.0	0.0
12235	1.0	1.5575384913603804e-201
12236	1.0	0.0
12237	1.0	1.6937444221079482e-266
12238	1.0	7.761434011508725e-30
12239	1.0	0.0
12241	1.0	0.0
12242	1.0	3.7207484005156326e-228
12243	1.0	1.065480683732915e-135
12244	1.0	1.2679414429141376e-79
12245	1.0	1.3582975152106477e-111
12246	1.0	4.0224060492964475e-173
12247	1.0	0.0
12248	1.0	6.856025691559636e-197
12249	0.9999999999965077	3.492357412739352e-12
12250	1.0	1.465337383067048e-91
12251	1.0	1.3582975152106477e-111
12252	1.0	4.0224060492964475e-173
12253	1.0	0.0
12254	1.0	1.2102179097586854e-140
12255	1.0	6.489835321196493e-155
12256	1.0	1.7475850527446068e-117
12257	1.0	0.0
12258	1.0	0.0
12259	1.0	0.0
12260	1.0	0.0
12261	1.0	0.0
12262	1.0	0.0
12263	1.0	0.0
12264	1.0	0.0
12265	1.0	0.0
12266	1.0	2.613132202041599e-73
12267	1.0	1.4517445752608873e-88
12268	1.0	2.4431441795034958e-48
12269	1.0	2.3730571528927875e-69
12271	1.0	1.251588307435472e-122
12272	1.0	4.8070422477269806e-279
12273	1.0	3.1783880375582658e-251
12274	1.0	3.1360848603599786e-32
12275	0.9999664876570844	3.3512342915540595e-05
12276	1.0	2.6699396902264727e-17
12277	1.0	0.0
12278	1.0	3.7705230729845415e-121
12279	1.0	1.3039077428169244e-167
12280	1.0	2.0279448873942e-241
12281	1.0	3.3187942811813817e-109
12282	1.0	0.0
12283	1.0	1.6197712747890534e-56
12284	1.0	3.1405717719376207e-82
12285	1.0	8.860586133311202e-212
12286	1.0	4.711457347476132e-298
12287	1.0	0.0
12288	1.0	3.5174936693416553e-130
12289	1.0	9.000072946491613e-70
12290	1.0	2.736763021045803e-209
12291	1.0	8.650409010283754e-119
12292	1.0	3.798121163417173e-54
12293	1.0	2.576641228993742e-22
12294	1.0	3.910477801330307e-288
12295	1.0	2.5486207659147027e-42
12296	1.0	2.4526108156342834e-170
12297	1.0	0.0
12298	1.0	2.9538004505866635e-23
12299	1.0	0.0
12301	1.0	4.949667724897275e-199
12302	1.0	2.933416194549047e-167
12303	1.0	9.952506331434361e-82
12304	0.9999999999999942	5.7874517070037086e-15
12305	1.0	1.2787854037703295e-77
12306	0.9999999999999956	4.435235476978723e-15
12307	1.0	0.0
12308	1.0	5.357410337842016e-123
12309	0.9999999997119047	2.880953963831918e-10
12310	1.0	2.196678382595797e-83
12311	1.0	1.3015381266415996e-259
12312	1.0	9.551323706583e-312
12313	1.0	2.0827565478002814e-80
12314	1.0	3.90266062943083e-270
12315	1.0	6.477351719286506e-132
12316	1.0	0.0
12317	1.0	0.0
12318	1.0	3.7740679972091155e-31
12319	1.0	2.827647797414283e-30
12320	1.0	1.3015381266415996e-259
12321	1.0	9.551323706583e-312
12322	1.0	2.0827565478002814e-80
12323	1.0	2.6214052139002988e-73
12324	1.0	1.4634299572061206e-199
12325	1.0	9.379471608319268e-59
12326	1.0	2e-323
12327	1.0	1.8138341020543453e-129
12328	1.0	1.2127277137836147e-183
12329	1.0	2.5727239656081124e-18
12331	1.0	0.0
12332	1.0	2.4059170119056813e-53
12333	1.0	4.2609410974933045e-234
12334	1.0	9.340046474273485e-39
12335	1.0	4.012940848157565e-274
12336	1.0	2.280948728874868e-75
12337	1.0	5.73731209653492e-28
12338	1.0	2.4059170119056813e-53
12339	1.0	4.2609410974933045e-234
12340	1.0	9.340046474273485e-39
12341	1.0	4.012940848157565e-274
12342	1.0	1.1645368842087683e-91
12343	1.0	1.2587759078248954e-127
12344	1.0	3.134464529312648e-24
12345	1.0	1.37439883e-316
12346	1.0	9.783894632772724e-220
12347	1.0	0.0
12348	1.0	1.3498383225348588e-171
12349	1.0	3.81406241445503e-59
12350	1.0	2.0938030707050527e-150
12351	1.0	1.4148548548290225e-24
12352	1.0	2.0385489401487138e-161
12353	1.0	1.9881878909164397e-126
12354	1.0	1.9275307979900492e-69
12355	1.0	4.656559923275337e-226
12356	1.0	2.0385489401487138e-161
12357	1.0	1.9881878909164397e-126
12358	1.0	1.9275307979900492e-69
12359	1.0	0.0
12361	1.0	3.4079940534024656e-245
12362	1.0	1.8343384218330018e-66
12363	1.0	2.8507720600060187e-36
12364	1.0	0.0
12365	1.0	2.888806055746116e-229
12366	1.0	1.6790758206262558e-38
12367	1.0	0.0
12368	1.0	3.3443978159796626e-57
12369	1.0	0.0
12370	1.0	2.8890653859686874e-75
12371	1.0	1.9708109267239906e-42
12372	1.0	1.3941385036052048e-113
12373	1.0	0.0
12374	1.0	1.9198442677831597e-224
12375	1.0	1.598917693287527e-107
12376	1.0	6.209324757109093e-206
12377	1.0	2.8981117484938523e-171
12378	1.0	3.422154446827166e-104
12379	1.0	0.0
12380	1.0	3.422154446827166e-104
12381	1.0	0.0
12382	1.0	2.222501091362444e-120
12383	1.0	3.324810933981027e-224
12384	1.0	1.1088880608674077e-128
12385	1.0	7.338026593983294e-75
12386	1.0	3.3887769489954895e-32
12387	1.0	2.521142141889889e-38
12388	1.0	7.881707337879667e-34
12389	1.0	1.1088880608674077e-128
12391	1.0	2.8202667466310993e-64
12392	1.0	1.2813017592735714e-54
12393	1.0	1.7315903942333813e-261
12394	1.0	1.0480222151553698e-161
12395	1.0	4.2240070726571196e-287
12396	1.0	3.4164658991862203e-56
12397	1.0	3.4164658991862203e-56
12398	1.0	3.621015544790228e-50
12399	1.0	1.0796421023886865e-230
12400	1.0	0.0
12401	1.0	1.3457894851987152e-55
12402	1.0	2.275659125731924e-35
12403	1.0	0.0
12404	1.0	4.208119718038353e-80
12405	1.0	2.837929816062022e-277
12406	1.0	1.0365690816805446e-18
12407	1.0	5.323885844258052e-97
12408	1.0	1.3538643360381663e-129
12409	1.0	7.253584935376176e-29
12410	1.0	7.1102476019234675e-199
12411	1.0	0.0
12412	1.0	7.253584935376176e-29
12413	1.0	7.1102476019234675e-199
12414	1.0	2.2490090065086576e-74
12415	1.0	0.0
12416	1.0	8.0931536962384445e-202
12417	1.0	3.4784782796942364e-186
12418	1.0	6.107942298227035e-18
12419	1.0	6.342581125777693e-160
12421	1.0	2.5619531750468314e-66
12422	1.0	2.5619531750468314e-66
12423	1.0	1.1446194012898137e-70
12424	1.0	1.0951955500634696e-74
12425	1.0	2.482989363222207e-295
12426	1.0	6.6096672377543585e-130
12427	1.0	0.0
12428	1.0	0.0
12429	1.0	2.7514064149894772e-163
12430	1.0	1.4202360349427794e-35
12431	1.0	1.146008685743714e-98
12432	1.0	2.7514064149894772e-163
12433	1.0	1.4202360349427794e-35
12434	1.0	1.146008685743714e-98
12435	1.0	1.1931493566843347e-261
12436	1.0	0.0
12437	1.0	1.362438562584934e-26
12438	1.0	1.1217545092671415e-122
12439	1.0	1.4544437007072085e-115
12440	1.0	8.054410017080385e-32
12441	1.0	1.0018362820701867e-35
12442	1.0	2.2575838177803012e-84
12443	1.0	2.264609378425018e-25
12444	1.0	6.513168303962956e-78
12445	1.0	9.183793795812738e-20
12446	1.0	6.784285844379135e-112
12447	1.0	2.897294436831041e-225
12448	1.0	2.725862479738067e-212
12449	1.0	0.0
12451	1.0	4.843745057746e-40
12452	1.0	1.5657873125531197e-115
12453	1.0	4.843745057746e-40
12454	1.0	0.0
12455	1.0	5.449794028609268e-205
12456	1.0	0.0
12457	1.0	0.0
12458	1.0	7.205282484419984e-26
12459	1.0	0.0
12460	1.0	4.3604865283772806e-281
12461	1.0	9.270707291524892e-149
12462	1.0	5.874787256272029e-257
12463	1.0	2.6597474358788193e-20
12464	1.0	2.0762094718531377e-121
12465	1.0	3.09393339598726e-82
12466	1.0	4.9704834517230305e-140
12467	1.0	4.617552569214033e-242
12468	1.0	1.2050353774816689e-182
12469	1.0	7.111065807178123e-37
12470	1.0	4.9704834517230305e-140
12471	1.0	1.905610917131698e-66
12472	1.0	8.470778485356128e-136
12473	1.0	2.4328564487394927e-84
12474	1.0	0.0
12475	1.0	2.2130926238765667e-89
12476	1.0	5.858648632433291e-236
12477	1.0	5.924243331457756e-99
12478	1.0	6.015472613146561e-57
12479	1.0	0.0
12481	1.0	8.81136320500056e-89
12482	1.0	1.2463507182908721e-171
12483	1.0	8.81136320500056e-89
12484	1.0	3.7085588496903383e-163
12485	1.0	2.8861146833249495e-160
12486	1.0	0.0
12487	1.0	4.0326766864058726e-134
12488	1.0	0.0
12489	1.0	1.4806726537733992e-71
12490	1.0	3.0580464212678497e-18
12491	1.0	8.520365049538646e-23
12492	1.0	0.0
12493	1.0	5.053874368183759e-64
12494	1.0	4.0079643500372584e-43
12495	1.0	7.2286594861589945e-34
12496	1.0	7.288401879021057e-36
12497	1.0	5.053874368183759e-64
12498	1.0	4.0079643500372584e-43
12499	1.0	5.267288305219731e-24
12500	1.0	3.6319396522535923e-116
12501	1.0	2.0738171884909712e-75
12502	1.0	3.836840353536675e-113
12503	1.0	1.8223950373996794e-77
12504	1.0	1.3330874630873571e-19
12505	1.0	5.716669714040411e-77
12506	1.0	9.204255288658226e-174
12507	1.0	1.1870331736690735e-33
12508	1.0	4.26532778858246e-36
12509	1.0	9.33804313871878e-36
12511	1.0	7.008253569405416e-22
12512	1.0	0.0
12513	1.0	0.0
12514	1.0	2.608391278997906e-46
12515	1.0	1.784980517253932e-38
12516	1.0	3.598158408083814e-102
12517	1.0	1.4697623993367043e-65
12518	1.0	1.2914902957398106e-33
12519	1.0	9.381596494824993e-24
12520	1.0	2.6670864399275733e-39
12521	1.0	3.355202532118768e-35
12522	1.0	9.381596494824993e-24
12523	1.0	2.6670864399275733e-39
12524	1.0	0.0
12525	1.0	0.0
12526	1.0	8.584275378816167e-219
12527	1.0	1.5830225063107278e-131
12528	1.0	1.0115869746048882e-212
12529	1.0	2.0798943610670493e-19
12530	1.0	3.7703081265915806e-22
12531	1.0	6.280225597389022e-95
12532	1.0	1.1323346823238508e-231
12533	1.0	6.395847936871685e-283
12534	1.0	0.0
12535	1.0	0.0
12536	1.0	0.0
12537	1.0	2.225982867716796e-62
12538	1.0	2.086598626545181e-83
12539	1.0	6.459237716924001e-39
12541	1.0	2.225982867716796e-62
12542	1.0	2.086598626545181e-83
12543	1.0	6.459237716924001e-39
12544	1.0	5.586953974589435e-208
12545	1.0	1.3953809591774464e-268
12546	1.0	0.0
12547	1.0	4.466891614204347e-198
12548	1.0	0.0
12549	1.0	3.5897337011769007e-84
12550	1.0	9.867270325587458e-144
12551	1.0	0.0
12552	1.0	1.6428120400028707e-247
12553	1.0	1.5501202130762369e-114
12554	1.0	9.867270325587458e-144
12555	1.0	0.0
12556	1.0	0.0
12557	1.0	5.5162418802945603e-39
12558	1.0	1.75616444792366e-24
12559	1.0	0.0
12560	1.0	1.0058299776781666e-290
12561	1.0	1.2535674079407783e-28
12562	1.0	1.3257977842992398e-47
12563	1.0	2.9223076183626023e-36
12564	1.0	9.599777396674942e-36
12565	1.0	7.603909825156335e-148
12566	1.0	0.0
12567	1.0	0.0
12568	1.0	9.902588329509292e-78
12569	1.0	1.6535611485426796e-138
12571	0.9999999999998863	1.1377390128283435e-13
12572	1.0	6.141764606610345e-184
12573	1.0	0.0
12574	1.0	0.0
12575	1.0	0.0
12576	1.0	3.14791347617496e-36
12577	1.0	0.0
12578	1.0	4.22354732062571e-87
12579	1.0	3.355202532118768e-35
12580	1.0	0.0
12581	1.0	4.22354732062571e-87
12582	1.0	0.0
12583	1.0	0.0
12584	1.0	3.383993306196186e-50
12585	1.0	2.9469268759080885e-303
12586	1.0	1.1279201856530132e-254
12587	1.0	2.6230326546042835e-110
12588	1.0	0.0
12589	1.0	2.9469268759080885e-303
12590	1.0	1.1279201856530132e-254
12591	1.0	0.0
12592	1.0	0.0
12593	1.0	0.0
12594	1.816417141846887e-07	0.9999998183582858
12595	1.0	0.0
12596	1.0	0.0
12597	1.0	6.463758057417714e-33
12598	1.0	1.0223303104106756e-19
12599	1.0	2.3202018709577424e-36
12601	1.0	5.491712928619109e-165
12602	1.0	3.3785854963931066e-41
12603	1.0	7.1368784820838e-77
12604	1.0	3.6111085930058864e-35
12605	1.0	0.0
12606	1.0	1.288302324025771e-24
12607	1.0	3.622385104141228e-26
12608	1.0	0.0
12609	1.0	0.0
12610	1.0	4.5966676252508673e-156
12611	1.0	0.0
12612	1.0	7.091013420628414e-116
12613	1.0	0.0
12614	1.0	2.8486987234203693e-37
12615	1.0	1.9872957868995123e-32
12616	1.0	1.39096723422887e-31
12617	1.0	0.0
12618	1.0	0.0
12619	1.0	7.231702233701213e-66
12620	1.0	2.8942791776004275e-18
12621	1.0	0.0
12622	1.0	0.0
12623	1.0	0.0
12624	1.0	0.0
12625	1.0	0.0
12626	1.0	3.993139489880595e-132
12627	1.0	4.555535659202662e-257
12628	1.0	1.54366490023029e-155
12629	1.0	8.148449945002852e-150
12631	1.0	0.0
12632	1.0	4.1796314230650537e-78
12633	1.0	2.871363009908237e-48
12634	1.0	1.0247747356347714e-83
12635	1.0	1.4050227551512543e-163
12636	1.0	1.3800511067092345e-66
12637	1.0	0.0
12638	1.0	4.1796314230650537e-78
12639	1.0	2.871363009908237e-48
12640	1.0	1.0247747356347714e-83
12641	0.9999999999999998	1.5871401803920367e-16
12642	1.0	1.9999121180092725e-92
12643	1.0	3.8e-322
12644	1.0	0.0
12645	1.0	1.4825958718659255e-53
12646	1.0	2.364982313944891e-47
12647	1.0	4.5585375709442154e-98
12648	1.0	3.937070835920155e-30
12649	1.0	0.0
12650	1.0	0.0
12651	1.0	8.386309559677729e-26
12652	1.0	2.1348593582266985e-22
12653	1.0	0.0
12654	1.0	2.5856616449724364e-246
12655	1.0	7.064969619299537e-26
12656	1.0	0.0
12657	1.0	6.910817994480156e-28
12658	1.0	2.5033249064455148e-142
12659	1.0	1.9463419667977694e-18
12661	1.0	4.299627824410265e-100
12662	1.0	5.216258879963942e-99
12663	1.0	2.7413723658867143e-62
12664	1.0	2.7413723658867143e-62
12665	1.0	2.276601057765705e-29
12666	1.0	0.0
12667	1.0	0.0
12668	1.0	9.989774253267899e-25
12669	1.0	6.525965444721615e-171
12670	1.0	0.0
12671	1.0	2.5242760300537956e-166
12672	1.0	4.903922369491409e-39
12673	1.0	5.88208885099288e-133
12674	1.0	5.680446400814014e-24
12675	1.0	9.474039924756466e-29
12676	1.0	4.704575392200196e-19
12677	0.999963329880645	3.667011935503593e-05
12678	1.0285833176912095e-13	0.9999999999998972
12679	1.0	0.0
12680	1.0	2.6396817507245215e-38
12681	1.0	1.8066871503156663e-26
12682	1.0	9.938433856117313e-307
12683	1.0	0.0
12684	1.0	1.9648932592477232e-29
12685	1.0	1.3126496619959972e-114
12686	1.0	6.321530776260326e-230
12687	2.557043008214289e-21	1.0
12688	1.0	4.591743504456093e-117
12689	1.0	4.683548673606402e-256
12691	1.0	3.2830574381869197e-63
12692	1.0	4.3746847965992626e-170
12693	1.0	4.887623873229692e-125
12694	1.0	3.2830574381869197e-63
12695	1.0	4.3746847965992626e-170
12696	1.0	4.887623873229692e-125
12697	1.0	4.229570475111291e-150
12698	1.0	3.801275088796507e-39
12699	1.0	3.596814348354855e-30
12700	1.0	3.455229035131261e-68
12701	1.0	0.0
12702	1.0	1.5914830893537285e-56
12703	1.0	1.8206759155578739e-258
12704	1.0	2.905343515645731e-198
12705	1.0	7.738482684881485e-71
12706	1.0	3.5522536279976435e-67
12707	1.0	3.686244295601974e-23
12708	1.0	7.359936612034833e-29
12709	1.0	0.0
12710	1.0	0.0
12711	1.0	7.468966326746362e-160
12712	1.0	2.5437656486260714e-85
12713	1.0	1.3443233979704654e-24
12714	1.0	7.666227616717508e-24
12715	1.0	4.6510273929130893e-110
12716	1.0	8.387457705561238e-84
12717	1.0	9.26537896200226e-196
12718	1.0	2.5437656486260714e-85
12719	1.0	1.3443233979704654e-24
12721	1.0	4.6510273929130893e-110
12722	1.0	8.387457705561238e-84
12723	1.0	7.615143671474072e-157
12724	1.0	5.455119218581243e-109
12725	1.0	1.7434125345656688e-274
12726	1.0	9.705130862290766e-34
12727	1.0	2.7353853028123343e-39
12728	1.0	7.120111508501789e-44
12729	0.9999999999999998	1.176936172368757e-16
12730	1.0	2.7222355443468126e-38
12731	1.0	1.6896313650342471e-37
12732	0.9999236796317281	7.632036827186922e-05
12733	1.0	3.276689982901129e-227
12734	1.0	3.531842906189772e-231
12735	1.0	9.088447236045009e-114
12736	1.0	1.6633861408554398e-38
12737	1.0	1.6633861408554398e-38
12738	1.0	9.291192213857243e-94
12739	1.0	3.9249945407167194e-305
12740	1.0	0.0
12741	1.0	3.0696988781496784e-28
12742	1.0	3.687857901593436e-268
12743	1.0	3.107442072257314e-41
12744	1.0	0.0
12745	1.0	0.0
12746	1.0	1.873775562905543e-69
12747	1.0	4.298633906377192e-40
12748	1.0	0.0
12749	1.0	3.7916115816027793e-94
12751	1.0	3.291277573382247e-92
12752	1.0	0.0
12753	1.0	2.425477837982089e-107
12754	0.9999999999990823	9.176505631630466e-13
12755	1.0	4.761852779002625e-76
12756	1.0	1.645043685771312e-120
12757	1.0	2.425477837982089e-107
12758	0.9999999999990823	9.176505631630466e-13
12759	1.0	6.705633422395418e-55
12760	1.0	6.705633422395418e-55
12761	1.0	3.4666767256949727e-166
12762	1.0	3.635710415526272e-25
12763	1.0	7.848458016140777e-185
12764	1.0	3.719311041719381e-276
12765	1.0	3.445182357191688e-40
12766	1.0	0.0
12767	1.0	2.047020178759179e-233
12768	1.0	4.532334210910136e-47
12769	1.0	6.492793568093313e-68
12770	1.0	1.2583370267275219e-195
12771	0.9999999999999891	1.078827953737678e-14
12772	1.0	4.359587608782157e-23
12773	1.0	1.729555079855137e-110
12774	1.0	2.077622334690512e-209
12775	1.0	3.719311041719381e-276
12776	1.0	3.445182357191688e-40
12777	1.0	0.0
12778	1.0	2.047020178759179e-233
12779	1.0	4.532334210910136e-47
12781	1.0	1.2583370267275219e-195
12782	0.9999999999999891	1.078827953737678e-14
12783	1.0	4.359587608782157e-23
12784	1.0	1.729555079855137e-110
12785	1.0	2.077622334690512e-209
12786	1.0	0.0
12787	1.0	1.5741569710604892e-66
12788	1.0	1.0488184112508777e-23
12789	1.0	0.0
12790	1.0	0.0
12791	1.0	0.0
12792	1.0	6.586691005772129e-206
12793	1.0	0.0
12794	1.0	0.0
12795	1.0	1.8817461068989069e-28
12796	1.0	5.480744566269674e-255
12797	0.9989461238531027	0.001053876146897383
12798	1.0	6.0969056117428194e-102
12799	1.0	6.347692995131082e-259
12800	1.0	1.829078164597499e-49
12801	1.0	4.76332620915847e-59
12802	1.0	5.52283603403463e-225
12803	1.0	1.829078164597499e-49
12804	1.0	4.76332620915847e-59
12805	1.0	5.480744566269674e-255
12806	0.9989461238531027	0.001053876146897383
12807	1.0	6.0969056117428194e-102
12808	1.0	6.347692995131082e-259
12809	1.0	3.1765958124315806e-263
12811	1.0	4.174841244907244e-59
12812	1.0	0.0
12813	1.0	9.227649004145347e-58
12814	1.0	1.8887325222277239e-177
12815	1.0	1.9918956250108632e-207
12816	1.0	3.627224359107955e-105
12817	1.0	3.509122481665551e-79
12818	1.0	1.0186871717737042e-272
12819	0.9999999997152056	2.8479433823800743e-10
12820	1.0	5.4473019187064075e-182
12821	1.0	1.2242162911395725e-272
12822	1.0	9.924314512636936e-230
12823	1.0	4.920424023761009e-45
12824	1.0	2.5767177153349495e-245
12825	1.0	8.355829990417887e-23
12826	1.0	0.0
12827	1.0	0.0
12828	1.0	5.408742226137601e-190
12829	1.0	8.355829990417887e-23
12830	1.0	0.0
12831	1.0	0.0
12832	1.0	8.900490283110464e-78
12833	1.0	1.7821441551049136e-49
12834	1.0	0.0
12835	1.0	8.847846612739162e-223
12836	1.0	3.5281136356159124e-77
12837	1.0	5.984931956550251e-37
12838	1.0	7.444272103207575e-41
12839	1.0	4.608546832917392e-56
12841	1.0	1.100697867235579e-119
12842	1.0	1.3356065961188508e-148
12843	1.0	1.4472111084755652e-215
12844	1.0	0.0
12845	1.0	1.706846112277919e-32
12846	1.0	8.20074506619794e-218
12847	0.9999999999999967	3.3097224567645844e-15
12848	1.0	4.627007487310165e-125
12849	1.0	3.8270353126451706e-28
12850	1.0	6.5240397441959265e-224
12851	1.0	2.1198570038764223e-140
12852	1.0	2.1198570038764223e-140
12853	1.0	2.8889343251342127e-31
12854	1.0	0.0
12855	1.0	0.0
12856	1.0	0.0
12857	0.9999999999974232	2.5767287688726477e-12
12858	1.0	0.0
12859	1.0	4.337555095893717e-224
12860	1.0	7.003245179890497e-128
12861	1.0	7.537899022720444e-69
12862	1.0	6.87527128977326e-101
12863	1.0	6.87527128977326e-101
12864	1.0	2.7117418791626666e-175
12865	1.0	2.2876128554505094e-100
12866	1.0	0.0
12867	1.0	0.0
12868	1.0	0.0
12869	1.0	3.0542032483867906e-81
12871	1.0	6.887949777861301e-36
12872	1.0	2.765876551605487e-38
12873	1.0	4.1757355016201344e-46
12874	1.0	2.6666397249781797e-68
12875	1.0	0.0
12876	1.0	0.0
12877	1.0	4.931424540206938e-305
12878	1.0	1.5213927791705026e-233
12879	1.0	2.2496912020880576e-211
12880	1.0	1.6045294747663033e-39
12881	1.0	2.2496912020880576e-211
12882	1.0	1.6045294747663033e-39
12883	1.0	0.0
12884	1.0	0.0
12885	1.0	0.0
12886	1.0	0.0
12887	1.0	4.547909982707595e-99
12888	1.0	1.2099652663511522e-93
12889	1.0	4.298633906377192e-40
12890	1.0	3.6300355898780907e-72
12891	1.0	0.0
12892	1.0	0.0
12893	1.0	0.0
12894	1.0	0.0
12895	1.0	0.0
12896	1.0	0.0
12897	1.0	0.0
12898	1.0	0.0
12899	1.0	3.36548416263901e-69
12901	1.0	0.0
12902	1.0	0.0
12903	1.0	9.988502415188513e-153
12904	1.0	2.171986532148377e-119
12905	1.0	8.316075450491707e-73
12906	0.9999999999974591	2.5407787229625706e-12
12907	1.0	2.4692446399393243e-130
12908	1.0	1.336824241274678e-43
12909	1.0	5.90036493723731e-111
12910	1.0	0.0
12911	1.0	5.90036493723731e-111
12912	1.0	0.0
12913	1.0	3.517977146648656e-226
12914	1.0	1.053906291763965e-225
12915	1.0	0.0
12916	1.0	5.953275450232217e-80
12917	1.0	0.0
12918	1.0	3.9036534820650295e-68
12919	1.0	1.9897672296860174e-114
12920	1.0	4.5883079993054e-26
12921	1.0	9.938010965988137e-103
12922	1.0	4.9655273078600587e-73
12923	1.0	3.178765630990369e-82
12924	1.0	4.29432227818982e-309
12925	1.0	8.36829540590125e-236
12926	1.0	1.456458940567495e-236
12927	1.0	7.713701021643157e-222
12928	1.0	1.456458940567495e-236
12929	1.0	7.713701021643157e-222
12931	1.0	3.969633234245336e-80
12932	1.0	0.0
12933	0.9994447429022923	0.0005552570977077907
12934	1.0	4e-323
12935	1.0	4.564136211800946e-99
12936	1.0	4.1399895488325095e-133
12937	1.0	8.995605517502765e-215
12938	1.0	1.4260847840750328e-113
12939	1.0	6.418021871164421e-88
12940	1.0	0.0
12941	1.0	6.876765611831252e-39
12942	1.0	5.415739852508256e-41
12943	1.0	0.0
12944	1.0	6.903253730539591e-175
12945	1.0	0.0
12946	1.0	2.6329864750237406e-175
12947	1.0	4.00336004157773e-207
12948	1.0	3.0380483992825373e-114
12949	1.0	8.051752760747574e-247
12950	1.0	2.6357205127821366e-243
12951	1.0	1.3797782781170262e-70
12952	1.0	2.677847985162699e-128
12953	1.0	1.2329956407040658e-141
12954	1.0	3.1532929425880004e-37
12955	1.0	4.334520366374525e-263
12956	1.0	9.607858068398822e-263
12957	1.0	3.1532929425880004e-37
12958	1.0	4.334520366374525e-263
12959	1.0	9.607858068398822e-263
12961	1.0	2.3789173685509286e-87
12962	1.0	6.742517957229519e-23
12963	1.0	6e-322
12964	1.0	1.4780809972210367e-40
12965	1.0	3.9629276870859954e-77
12966	1.0	2.9191937844783296e-90
12967	1.0	5.07334985819e-312
12968	1.0	4.212645737550968e-88
12969	1.0	2.856489477652467e-61
12970	0.99718583242175	0.0028141675782499525
12971	0.99718583242175	0.0028141675782499525
12972	1.0	0.0
12973	1.0	0.0
12974	1.0	1.9087840147854088e-203
12975	1.0	0.0
12976	1.0	0.0
12977	1.0	3.310089061042246e-165
12978	1.0	0.0
12979	1.0	0.0
12980	1.0	3.310089061042246e-165
12981	1.0	8.633467529074015e-48
12982	1.0	8.199373736727572e-65
12983	1.0	1.6099424224882526e-59
12984	1.0	1.8540651364477653e-130
12985	1.0	0.0
12986	1.0	2.00136140117524e-279
12987	1.0	1.1547136777392697e-272
12988	1.0	4.82197983996823e-43
12989	1.0	0.0
12991	0.9999999999999998	1.943965455403955e-16
12992	1.0	1.6059586524453458e-66
12993	1.0	6.932245271332163e-249
12994	1.0	0.0
12995	1.0	0.0
12996	1.0	3.41376e-318
12997	1.0	6.932245271332163e-249
12998	1.0	0.0
12999	1.0	0.0
13000	1.0	3.41376e-318
13001	0.9999999999999998	1.943965455403955e-16
13002	1.0	1.2857984821569616e-184
13003	1.0	0.0
13004	1.0	3.7967702259663526e-41
13005	1.0	1.075967401760621e-24
13006	1.0	1.1343612701304751e-87
13007	1.0	5.3134849377554016e-145
13008	1.0	7.53307370122435e-130
13009	1.0	1.571032194405221e-65
13010	1.0	2.087521580360676e-235
13011	1.0	0.0
13012	1.0	2.831788018236375e-73
13013	1.0	1.2951979783620184e-18
13014	1.0	0.0
13015	1.0	0.0
13016	1.0	3.3107312479209204e-65
13017	1.0	0.0
13018	1.0	0.0
13019	1.0	3.3107312479209204e-65
13021	1.0	1.4759129555576475e-307
13022	1.0	0.0
13023	1.0	2.6449949056887594e-25
13024	1.0	0.0
13025	1.0	6.866037054227318e-48
13026	1.0	1.3043400988451459e-28
13027	1.0	7.18126830642608e-84
13028	0.9999999805791059	1.9420894164475357e-08
13029	1.0	4.6720118401261246e-39
13030	1.0	5.5038453688897514e-70
13031	1.0	0.0
13032	1.0	4.239833514303098e-87
13033	1.0	2.769785645500785e-33
13034	1.0	9.255370405638757e-190
13035	1.0	0.0
13036	1.0	2.769785645500785e-33
13037	1.0	9.255370405638757e-190
13038	1.0	0.0
13039	1.0	1.0092479003353691e-129
13040	1.0	9.819821138700514e-247
13041	1.0	1.984927115087641e-162
13042	1.0	0.0
13043	1.0	5.592026880410463e-147
13044	1.0	3.868627878232085e-35
13045	1.0	1.4101925498246793e-36
13046	1.0	0.0
13047	1.0	0.0
13048	1.0	2.2690508936424396e-79
13049	1.0	4.55910416523135e-22
13051	1.0	2.607589805036357e-96
13052	1.0	2.3648397250730768e-33
13053	1.0	1.9463419667977694e-18
13054	1.0	2.73161375516732e-18
13055	1.0	2.288713039193293e-44
13056	1.0	4.482048694930419e-31
13057	1.0	5.573514413869964e-174
13058	1.0	9.455389103043628e-140
13059	1.0	2.73161375516732e-18
13060	1.0	2.288713039193293e-44
13061	1.0	4.482048694930419e-31
13062	1.0	5.573514413869964e-174
13063	1.0	9.455389103043628e-140
13064	1.0	1.1636877008003607e-61
13065	1.0	1e-323
13066	1.0	3.935197263117455e-45
13067	1.0	1.01882061276e-312
13068	1.0	3.6259979559753783e-93
13069	1.0	0.0
13070	1.0	0.0
13071	1.0	4.122442576259168e-51
13072	1.0	4.122442576259168e-51
13073	1.0	5.079567261274335e-29
13074	1.0	2.324890135511259e-208
13075	1.0	5.934572083885057e-78
13076	0.9999999998333791	1.6662098704759566e-10
13077	1.0	1.7307642933065186e-22
13078	0.9999999999896607	1.0339208587180315e-11
13079	1.0	1.9320229411039777e-119
13081	1.0	1.8565210403469318e-103
13082	1.0	4.2452348685919606e-47
13083	1.0	8.338342428104521e-48
13084	1.0	5.827737415540077e-48
13085	1.0	5.977719693449832e-49
13086	1.0	6.30675590689901e-264
13087	1.0	8.159693742289608e-149
13088	1.0	2.4560188806037416e-170
13089	1.0	2.1800594181524447e-58
13090	1.0	2.756691175637447e-91
13091	1.0	3.3221612544202786e-223
13092	1.0	5.793653351676409e-23
13093	1.0	2.5192103264532456e-36
13094	1.0	6.3581510316630554e-217
13095	1.0	0.0
13096	0.8562805727662219	0.14371942723377804
13097	1.0	5.793653351676409e-23
13098	1.0	2.5192103264532456e-36
13099	1.0	6.3581510316630554e-217
13100	1.0	0.0
13101	0.8562805727662219	0.14371942723377804
13102	1.0	0.0
13103	1.0	2.8544105976052335e-292
13104	1.0	8.248716044147422e-97
13105	1.0	0.0
13106	1.0	0.0
13107	0.9999999999951223	4.8776143692866485e-12
13108	1.0	7.346012076333469e-169
13109	1.0	6.441919341443777e-125
13111	1.0	4.705648050125867e-45
13112	1.0	2.0380042391951813e-203
13113	1.0	0.0
13114	1.0	4.696248893365284e-67
13115	1.0	0.0
13116	1.0	4.279055236213322e-46
13117	1.0	3.220780600649392e-108
13118	1.0	1.396614483891603e-156
13119	1.0	7.249230846105312e-98
13120	1.0	0.0
13121	1.0	6.039325349698076e-66
13122	1.0	0.0
13123	1.0	6.039325349698076e-66
13124	1.0	0.0
13125	1.0	0.0
13126	1.0	0.0
13127	1.0	0.0
13128	1.0	0.0
13129	1.0	0.0
13130	1.0	0.0
13131	1.0	0.0
13132	1.0	0.0
13133	1.0	0.0
13134	1.0	0.0
13135	1.0	0.0
13136	1.0	0.0
13137	1.0	0.0
13138	1.0	0.0
13139	1.0	0.0
13141	1.0	2.844863058316652e-113
13142	1.0	3.5706395514466884e-96
13143	1.0	6.397873865126562e-265
13144	1.0	6.397873865126562e-265
13145	1.0	2.357014712685551e-126
13146	1.0	0.0
13147	1.0	4.175994399236743e-62
13148	1.0	4.5791315172336154e-17
13149	0.9999999291833163	7.081668370605648e-08
13150	1.0	0.0
13151	1.0	0.0
13152	1.0	1.461454509555291e-36
13153	0.999999989935766	1.0064233972076614e-08
13154	1.0	2.633254740632987e-40
13155	1.0	4.6935645154492457e-125
13156	1.0	0.0
13157	1.0	0.0
13158	1.0	0.0
13159	1.0	8.527435361815404e-21
13160	1.0	0.0
13161	1.0	0.0
13162	1.0	0.0
13163	1.0	2.7050369328700633e-113
13164	1.0	2.088415e-318
13165	1.0	1.2478100856920166e-239
13166	1.0	0.0
13167	1.0	8.938947079629884e-50
13168	1.0	2.7858043351740343e-38
13169	0.9999837212987195	1.6278701280442922e-05
13171	1.0	8.219670698009802e-33
13172	1.0	1.8624937093494958e-136
13173	1.0	8.395842512253635e-42
13174	1.0	2.509694928634292e-68
13175	1.0	9.00682505462736e-70
13176	1.0	2.5864046670176212e-51
13177	1.0	5.860964335048822e-83
13178	1.0	9.388090397796448e-201
13179	1.0	3.5270484008076974e-64
13180	1.0	1.411407479363508e-285
13181	1.0	8.241724809533817e-59
13182	1.0	9.86712360507704e-50
13183	1.0	1.2837678977634838e-177
13184	1.0	0.0
13185	1.0	0.0
13186	0.9999999999999807	1.941571162138584e-14
13187	1.0	5.154512069777218e-242
13188	1.0	5.235186723588018e-74
13189	1.0	1.7550502087284463e-218
13190	1.0	7.837687265484711e-90
13191	1.0	1.4689378279684957e-133
13192	1.0	1.6932347233678144e-240
13193	1.0	0.0
13194	1.0	3.7588201920578233e-100
13195	1.0	5.3376975648301106e-173
13196	0.9999977341074328	2.26589256724273e-06
13197	1.0	6.341574817833454e-208
13198	1.0	2.85265812828977e-79
13199	1.0	1.0690505387884465e-102
13201	1.0	3.474830932372874e-18
13202	1.0	2.527232898322536e-82
13203	1.0	7.724303530747606e-128
13204	1.0	5.0493988335420735e-96
13205	1.0	6.8203076048638825e-74
13206	1.0	0.0
13207	1.0	0.0
13208	1.0	0.0
13209	1.0	0.0
13210	1.0	6.352439749222253e-20
13211	1.0	2.748914257652243e-48
13212	1.0	0.0
13213	1.0	2.2306293002445314e-69
13214	1.0	3.154796216275606e-63
13215	1.0	3.516561300813828e-163
13216	1.0	3.297551201357929e-161
13217	1.0	9.77053938086026e-137
13218	1.0	3.154796216275606e-63
13219	1.0	3.516561300813828e-163
13220	1.0	3.297551201357929e-161
13221	1.0	9.77053938086026e-137
13222	0.8682581451020263	0.1317418548979736
13223	1.0	6.908995168635624e-33
13224	1.0	9.52698281692378e-165
13225	1.0	3.9892044257665096e-229
13226	1.0	4.997950549729684e-60
13227	1.0	1.5612768866809606e-191
13228	1.0	6.2891266140517954e-108
13229	1.0	3.170450030730309e-32
13231	1.0	8.159959662062881e-72
13232	1.0	5.328328196277208e-19
13233	1.0	0.0
13234	1.0	7.417392334401975e-169
13235	1.0	3.8252667024121147e-19
13236	1.0	9.296281325911032e-190
13237	1.0	2.60496014051075e-60
13238	1.0	5.564901589214013e-20
13239	1.0	2.092679834289619e-25
13240	1.0	1.7667556963999459e-100
13241	1.0	5.54469586460248e-105
13242	1.0	7.762180831969957e-147
13243	1.0	9.097219033905051e-52
13244	1.0	3.011518751600927e-19
13245	1.0	4.8598205673887146e-144
13246	1.0	1.6323936398780581e-186
13247	1.0	1.2324888826853552e-36
13248	1.0	3.93997394821271e-41
13249	0.9999999999999973	2.690801053778578e-15
13250	0.9999992400475068	7.599524930758003e-07
13251	1.0	6.765603727738978e-116
13252	1.0	6.574550904667514e-43
13253	1.0	5.925027797355673e-177
13254	1.0	0.0
13255	1.0	9.373323327847797e-273
13256	1.0	6.053611773071974e-37
13257	0.09432851505636183	0.9056714849436382
13258	1.0	0.0
13259	0.008391926030095262	0.9916080739699048
13261	1.0	2.5224845061115575e-121
13262	0.0013507650571884036	0.9986492349428115
13263	1.0	0.0
13264	0.008391926030095262	0.9916080739699048
13265	1.0	1.168876005955198e-305
13266	1.0	2.5224845061115575e-121
13267	0.0013507650571884036	0.9986492349428115
13268	1.0	1.1649565632895465e-233
13269	1.0	0.0
13270	1.0	1.1249099013140247e-85
13271	1.0	2.713256592440601e-29
13272	1.0	2.713256592440601e-29
13273	1.0	2.064444153668758e-50
13274	1.0	7.1076265471718e-86
13275	1.0	1.4705142312202887e-83
13276	1.0	1.2251070429176144e-100
13277	1.0	3.150967857864796e-289
13278	1.0	7.541084484427098e-19
13279	1.0	0.0
13280	1.0	1.0061726521315977e-101
13281	1.0	3.532733023383133e-110
13282	1.0	0.0
13283	1.0	1.482712765973305e-172
13284	1.0	3.5950188665504355e-104
13285	1.0	0.0
13286	1.0	1.482712765973305e-172
13287	1.0	0.0
13288	1.0	1.2944220850293282e-24
13289	1.0	2.8978381417986475e-173
13291	1.0	0.0
13292	1.0	2.126186802404586e-142
13293	1.0	0.0
13294	0.9999999999999944	5.577976766880108e-15
13295	1.0	7.378142597330084e-308
13296	1.0	0.0
13297	0.9999999999874238	1.2576180826629092e-11
13298	1.0	3.412837745532811e-300
13299	1.0	4.484481163437755e-91
13300	1.0	5.095527580844193e-50
13301	1.0	7.827437767022672e-240
13302	1.0	1.690645452477761e-106
13303	1.0	0.0
13304	1.0	2.159304930492935e-26
13305	1.0	1.454470746709802e-38
13306	1.0	7.76459965833141e-20
13307	1.0	0.0
13308	1.0	1.45411116265622e-20
13309	1.0	0.0
13310	1.0	0.0
13311	1.0	0.0
13312	1.0	0.0
13313	1.0	6.601621717573231e-21
13314	1.0	7.609337844908674e-90
13315	1.0	0.0
13316	1.0	7.020648634107818e-23
13317	1.0	7.874492128174778e-133
13318	1.0	3.0639610154266e-311
13319	1.0	2.006933792638378e-100
13321	1.0	8.526653329313926e-22
13322	1.0	6.365458493812332e-85
13323	1.0	0.0
13324	1.0	1.2708065787036333e-209
13325	1.0	3.802787807343664e-233
13326	1.0	0.0
13327	1.0	2.9375118349738704e-89
13328	1.0	1.0903648449003106e-64
13329	1.0	7.51414896523998e-137
13330	1.0	0.0
13331	1.0	1.0903648449003106e-64
13332	1.0	7.51414896523998e-137
13333	1.0	0.0
13334	1.0	0.0
13335	1.0	5.318961895486182e-33
13336	1.0	1.0460434627074436e-69
13337	1.0	0.0
13338	1.0	0.0
13339	1.0	0.0
13340	1.0	1.2331663022870889e-189
13341	1.0	4.4582078428022695e-235
13342	1.0	3.677748720835919e-148
13343	1.0	1.4286642058095583e-176
13344	1.0	0.0
13345	1.0	1.2178663306445121e-110
13346	1.0	4.912231795854874e-109
13347	1.0	1.9071527038419474e-138
13348	1.0	3.451210349436227e-85
13349	1.0	4.717766872582112e-110
13351	1.0	7.1446601886502165e-93
13352	1.0	0.0
13353	1.0	0.0
13354	1.0	0.0
13355	1.0	7.002946022726499e-105
13356	1.0	1.2324888826853552e-36
13357	1.0	2.8663479294350143e-41
13358	1.0	0.0
13359	1.0	2.7039743164998734e-58
13360	1.0	8.553939340499499e-176
13361	1.0	2.11270157744852e-105
13362	0.999987687946017	1.2312053982981485e-05
13363	1.0	7.675803641125463e-175
13364	1.0	1.0035522786187847e-78
13365	1.0	4.471238957192155e-43
13366	1.0	8.904682202772775e-279
13367	1.0	0.0
13368	1.0	4.471238957192155e-43
13369	1.0	8.904682202772775e-279
13370	1.0	2.641753066450103e-172
13371	1.0	0.0
13372	1.0	1.254424739313019e-188
13373	1.0	1e-323
13374	1.0	4.511975582011394e-26
13375	1.0	1.1221146793318887e-37
13376	1.0	4.248967149471284e-72
13377	0.9999999999744653	2.553466817782097e-11
13378	1.0	8.3380467905573e-83
13379	1.0	4.82103211416072e-142
13381	1.0	8.3380467905573e-83
13382	1.0	4.82103211416072e-142
13383	1.0	0.0
13384	1.0	8.814407594262567e-129
13385	1.0	1.1254572698829187e-24
13386	1.0	3.3078361465712467e-22
13387	1.0	1.3450778790698044e-94
13388	1.0	4.6231975861544606e-129
13389	1.0	1.3512471883817e-164
13390	1.0	0.0
13391	1.0	0.0
13392	1.0	8.381123219554981e-243
13393	1.0	0.0
13394	1.0	1.4723853834687236e-95
13395	1.0	1.180304282729932e-27
13396	1.0	0.0
13397	1.0	0.0
13398	1.0	8.381123219554981e-243
13399	1.0	0.0
13400	1.0	1.4723853834687236e-95
13401	1.0	1.180304282729932e-27
13402	1.0	0.0
13403	1.0	0.0
13404	1.0	0.0
13405	1.0	0.0
13406	1.0	2.9808550192379045e-34
13407	1.0	0.0
13408	1.0	1.2695873575848971e-38
13409	1.0	4.554844080366748e-171
13411	1.0	1.3758378044303575e-144
13412	1.0	1.2085743052166786e-111
13413	1.0	0.0
13414	1.0	0.0
13415	1.0	0.0
13416	1.0	3.1980590283408555e-32
13417	1.0	1.6711503077273584e-116
13418	1.0	0.0
13419	1.0	0.0
13420	1.0	1.7553091512919776e-147
13421	1.0	3.227476064930562e-126
13422	1.0	9.634112098270803e-53
13423	1.0	1.1303598069359236e-111
13424	1.0	0.0
13425	1.0	1.5324207764064957e-119
13426	1.0	0.0
13427	1.0	0.0
13428	1.0	1.5324207764064957e-119
13429	1.0	0.0
13430	1.0	0.0
13431	1.0	0.0
13432	1.0	0.0
13433	1.0	0.0
13434	1.0	2.1914052293161944e-134
13435	1.0	3.678107423926483e-276
13436	1.0	9.996379784691379e-253
13437	1.0	0.0
13438	1.0	0.0
13439	1.0	0.0
13441	4.086056782612224e-11	0.9999999999591394
13442	1.0	2.076233043301943e-89
13443	1.0	7.568328052327048e-92
13444	1.0	0.0
13445	1.0	8.131179223790331e-203
13446	1.0	3.1495329593352516e-38
13447	1.0	1.3421920138486487e-213
13448	1.0	5.1389469550685734e-21
13449	1.0	8.517553272083131e-61
13450	1.0	7.363869671551638e-53
13451	1.0	9.794278212480117e-208
13452	1.0	5.689433936913771e-111
13453	1.0	1.037354831546962e-104
13454	0.9999999999993954	6.047225928251906e-13
13455	1.0	9.33424013251387e-36
13456	1.0	1.9178573724580886e-222
13457	1.0	2.179822643266574e-40
13458	1.0	5.770729944239281e-63
13459	1.0	0.0
13460	1.0	0.0
13461	1.0	1.264656845093187e-23
13462	1.0	1.2706788778210543e-60
13463	1.0	0.0
13464	1.0	2.179822643266574e-40
13465	1.0	5.770729944239281e-63
13466	1.0	0.0
13467	1.0	0.0
13468	1.0	1.264656845093187e-23
13469	1.0	1.2706788778210543e-60
13471	1.0	0.0
13472	1.0	4.3108089480825594e-151
13473	1.0	5.307650412003431e-67
13474	1.0	2.813187589424582e-152
13475	1.0	1.2252972259331985e-122
13476	1.0	0.0
13477	1.0	0.0
13478	1.0	0.0
13479	1.0	3.549006853600944e-164
13480	1.0	5.2388084296990925e-17
13481	1.0	0.0
13482	0.9999998692176961	1.307823039348593e-07
13483	0.999999999998695	1.3049641482310584e-12
13484	1.0	1.1909308983564401e-52
13485	1.0	5.210977679133675e-26
13486	4.6962461467579053e-08	0.9999999530375385
13487	1.0	0.0
13488	1.0	4.9216326909543707e-116
13489	1.0	1.0049051227743273e-116
13490	1.0	2.10545630832485e-101
13491	0.99999999986417	1.3583001524943613e-10
13492	1.0	5.761627038503019e-211
13493	0.9999999999973115	2.6884816279874646e-12
13494	1.0	3.425700135145017e-33
13495	1.0	1.1313678654383575e-112
13496	1.0	0.0
13497	1.0	2.7046828845336705e-185
13498	1.0	2.5741703703895797e-54
13499	1.0	3.8026844107707984e-243
13501	0.9869718600405396	0.013028139959460262
13502	1.0	9.408592145223388e-185
13503	1.0	4.125477894023907e-73
13504	1.0	4.531595106350382e-41
13505	1.0	5.0400279855603967e-54
13506	1.0	2.1680383456674012e-20
13507	1.0	1.7475028793535913e-69
13508	1.0	5.0400279855603967e-54
13509	1.0	2.1680383456674012e-20
13510	1.0	1.7475028793535913e-69
13511	1.0	0.0
13512	1.0	9.408592145223388e-185
13513	1.0	4.531595106350382e-41
13514	1.0	1.2142471101686884e-141
13515	1.0	6.050663991681699e-41
13516	1.0	2.634207996233786e-41
13517	1.0	8.980072012522942e-19
13518	1.0	2.258583552066333e-131
13519	1.0	0.0
13520	1.0	0.0
13521	1.0	2.6735599199702265e-74
13522	1.0	1.6964568566545608e-107
13523	1.0	1.8076629727406847e-41
13524	1.0	2.7610215761397465e-55
13525	1.0	3.099680270563959e-39
13526	1.0	0.0
13527	1.0	3.701185945497582e-85
13528	1.0	6.787347473581339e-17
13529	1.0	3.601872453433073e-45
13531	1.0	5.328145054920833e-44
13532	1.0	5.2388084296990925e-17
13533	1.0	2.7992470831281046e-28
13534	1.0	5.26787690606108e-48
13535	1.0	0.0
13536	1.0	0.0
13537	1.0	0.0
13538	1.0	1.4622341974481133e-286
13539	1.0	0.0
13540	0.9999999999999998	2.1980147155851534e-16
13541	1.0	4.290206877971367e-57
13542	1.0	1.5498354281928335e-32
13543	0.9999999882410794	1.1758920587349729e-08
13544	1.0	2.000439417611756e-197
13545	1.0	3.367266107430201e-198
13546	1.0	8.162983954341384e-222
13547	0.9999999999999984	1.573722807375963e-15
13548	1.0	4.949170756813292e-77
13549	1.0	0.0
13550	1.0	0.0
13551	1.0	6.053611773071974e-37
13552	1.0	5.685867292476052e-74
13553	1.0	0.0
13554	1.0	0.0
13555	1.0	0.0
13556	1.0	5.685867292476052e-74
13557	1.0	4.688998464279084e-230
13558	1.0	1.499043697130725e-75
13559	1.0	2.5228287734405834e-151
13561	1.0	6.962021211705338e-293
13562	1.0	2.832847115791862e-69
13563	1.0	4.9644207434183556e-176
13564	1.0	0.0
13565	1.0	0.0
13566	1.0	0.0
13567	1.0	1.4640198690946374e-77
13568	2.7361830219568664e-21	1.0
13569	1.0	7.88403148127053e-71
13570	1.0	1.2290482505002864e-31
13571	1.0	3.7874205082911012e-34
13572	1.0	4.324278750711271e-77
13573	1.0	9.580583383474436e-91
13574	1.0	2.0228212274043474e-185
13575	1.0	3.1209826707089253e-168
13576	1.0	1.0649320954126265e-64
13577	1.0	2.2677465493339188e-288
13578	1.0	6.55693812567369e-48
13579	1.0	1.1576386724391569e-73
13580	1.0	6.55693812567369e-48
13581	1.0	1.1576386724391569e-73
13582	1.0	1.0649320954126265e-64
13583	0.9999999999473752	5.262474162153304e-11
13584	1.0	1.1592913784106963e-92
13585	1.0	2.6306699295755846e-68
13586	1.0	0.0
13587	1.0	0.0
13588	1.0	0.0
13589	1.0	9.870317519668843e-43
13591	1.0	2.3195527967361226e-197
13592	1.0	1.3817239806088982e-31
13593	0.9999999999892437	1.0756312770698277e-11
13594	1.0	7.264390136577531e-99
13595	1.0	2.589140879854964e-69
13596	1.0	2.172458373374633e-37
13597	1.0	1.9171700813846763e-177
13598	1.0	6.313528776769867e-32
13599	1.0	2.589140879854964e-69
13600	1.0	0.0
13601	1.0	0.0
13602	1.0	0.0
13603	1.0	2.172458373374633e-37
13604	1.0	1.9171700813846763e-177
13605	1.0	6.313528776769867e-32
13606	1.0	0.0
13607	1.0	1.1289965224651602e-78
13608	1.0	0.0
13609	1.0	0.0
13610	1.0	0.0
13611	1.0	4.554844080366748e-171
13612	1.0	4.511975582011394e-26
13613	1.0	5.2388084296990925e-17
13614	1.0	2.41428849550603e-42
13615	1.0	0.0
13616	1.0	3.4584120983288483e-132
13617	1.0	1.6359065179236549e-43
13618	1.0	1.4213807451188284e-39
13619	1.0	4.248560013234746e-43
13621	1.0	0.0
13622	1.0	1.078605747975958e-57
13623	1.0	4.2468987118632717e-57
13624	1.0	3.3111605551827543e-121
13625	1.0	9.94245697972112e-178
13626	1.0	1.720243539879398e-140
13627	1.0	0.0
13628	1.0	0.0
13629	1.0	0.0
13630	1.0	0.0
13631	1.0	0.0
13632	1.0	0.0
13633	1.0	4.511975582011394e-26
13634	1.0	5.371610365269291e-43
13635	1.0	7.352333773561293e-107
13636	1.0	0.0
13637	1.0	2.8662035709072206e-44
13638	1.0	1.6679252302927222e-205
13639	1.0	1.7621746108384854e-100
13640	1.0	3.677049724644551e-19
13641	0.9999998825336849	1.1746631515892278e-07
13642	1.0	1.1440625480505362e-81
13643	1.0	5.021115761108522e-17
13644	1.0	3.312937317814141e-207
13645	1.0	2.73285344761074e-76
13646	1.0	0.0
13647	1.0	1.7288048444089704e-77
13648	1.0	0.0
13649	1.0	2.198285127246862e-146
13651	1.0	5.132438350898663e-48
13652	1.0	4.070382815799446e-174
13653	1.0	7.1722489461586385e-155
13654	1.0	1.1889189323508504e-30
13655	1.0	8.971648889298666e-25
13656	1.0	0.0
13657	1.0	4.6003252570546974e-74
13658	1.0	0.0
13659	1.0	0.0
13660	1.0	0.0
13661	1.0	0.0
13662	1.0	1.105260878134193e-121
13663	1.0	7.49574774812337e-48
13664	1.0	6.324460093884177e-84
13665	1.0	4.691459685448426e-72
13666	1.0	1.1360987722088282e-97
13667	1.0	2.7028016793300784e-133
13668	1.0	7.820405462376796e-42
13669	1.0	6.143274240477264e-103
13670	1.0	8.011743858208483e-296
13671	1.0	1.3712009114078558e-82
13672	1.0	1.0789051954290422e-137
13673	1.0	9.64620231319758e-61
13674	1.0	3.3706728290905874e-67
13675	1.0	0.0
13676	1.0	1.4680370003760033e-121
13677	1.0	6.324460093884177e-84
13678	1.0	8.707849600427508e-215
13679	1.0	4.978103345013394e-68
13681	1.0	7.778457649636441e-23
13682	1.0	4.629905615911044e-40
13683	1.0	3.2527436668292193e-101
13684	1.0	5.493646479767139e-22
13685	1.0	2.955637903479984e-40
13686	1.0	0.0
13687	1.0	1.717974733234623e-55
13688	1.0	7.804886210186461e-133
13689	1.0	5.371347506520443e-39
13690	1.0	3.099680270563959e-39
13691	1.0	0.0
13692	1.0	0.0
13693	1.0	0.0
13694	1.0	1.0147415320970199e-26
13695	0.9998011099980854	0.0001988900019145991
13696	1.0	1.670003213841742e-41
13697	0.9999999999999998	2.286148816771039e-16
13698	1.0	7.49574774812337e-48
13699	1.0	2.338664896652905e-307
13700	1.0	1.779862615505446e-72
13701	1.0	3.1687106956075077e-45
13702	0.999999999971233	2.876693616396757e-11
13703	1.0	3.4628262827976255e-156
13704	1.0	7.059184938991789e-57
13705	1.0	2.971004421496816e-66
13706	1.0	0.0
13707	1.0	0.0
13708	1.0	3.8834959926771976e-160
13709	1.0	3.827747346196146e-75
13711	1.0	9.441447118797646e-56
13712	1.0	4.5030111483688556e-176
13713	1.0	3.231770513172827e-112
13714	0.9999999999992846	7.154321147585046e-13
13715	1.0	0.0
13716	1.0	2.048402860053692e-17
13717	1.0	6.2447617049955666e-114
13718	1.0	2.6257204718524273e-79
13719	1.0	3.515692142950586e-79
13720	1.0	4.123585314055173e-114
13721	1.0	1.3286899369579636e-126
13722	1.0	2.970779858926243e-64
13723	1.0	2.367062124087816e-37
13724	1.0	5.505141108509944e-74
13725	1.0	5.071747528198477e-36
13726	1.0	2.5056417520378637e-27
13727	1.0	0.0
13728	1.0	5.606512123495012e-44
13729	1.0	0.0
13730	1.0	0.0
13731	1.0	0.0
13732	0.9999999999999998	2.286148816771039e-16
13733	1.0	6.499057767248683e-97
13734	1.0	8.627000358750562e-97
13735	1.0	2.511127777773633e-38
13736	1.0	1.7887122511254101e-72
13737	1.0	1.1358376796009279e-85
13738	1.0	4.679376083331291e-195
13739	1.0	3.7666807220636114e-53
13741	1.0	3.1131614393126347e-119
13742	1.0	9.11754722643148e-33
13743	1.0	5.4295827793411855e-61
13744	1.0	1.3185397369763807e-109
13745	1.0	8.782551292434109e-51
13746	1.0	1.9307095500856072e-82
13747	1.0	2.091309245601254e-36
13748	1.0	2.3617671666e-314
13749	0.9999999999999678	3.2089257002671815e-14
13750	1.0	5.9554285752626454e-217
13751	1.0	1.178900313760405e-45
13752	1.0	4.344697338155642e-237
13753	1.0	1.1901482521188827e-76
13754	1.2458005026345375e-08	0.999999987541995
13755	1.0	2.9416544774343696e-77
13756	1.0	1.0333471050035829e-65
13757	1.0	1.9625289739679182e-231
13758	1.0	1.7854377967618474e-56
13759	1.0	0.0
13760	0.42967061165232084	0.5703293883476792
13761	1.0	1.199688109453418e-69
13762	1.0	1.4613573487804175e-194
13763	1.0	2.4678481565636484e-155
13764	1.0	5.066394557807083e-38
13765	1.0	0.0
13766	1.0	0.0
13767	1.0	2.4880174532967335e-259
13768	1.0	1.6405842593192413e-161
13769	1.0	7.221022624966542e-29
13771	1.0	3.590418097582895e-67
13772	1.0	1.3462372718394778e-65
13773	1.0	1.8819294691948254e-29
13774	1.0	0.0
13775	1.0	0.0
13776	1.0	0.0
13777	1.0	0.0
13778	1.0	0.0
13779	1.0	2.476662324416037e-36
13780	1.0	3.467374123044161e-229
13781	1.0	1.4460424764263932e-170
13782	0.9999999999999998	2.286148816771039e-16
13783	1.0	2.6752098778164894e-71
13784	1.0	1.2680775443725165e-74
13785	1.0	0.0
13786	1.0	3.27796626599812e-84
13787	1.0	6.755974479282969e-44
13788	1.0	3.6437e-320
13789	1.0	6.05705e-319
13790	1.0	3.282411887519453e-36
13791	1.0	1.4273619919504749e-39
13792	1.0	8.170652115136107e-165
13793	1.0	3.6905313811995883e-69
13794	1.0	7.352309298449932e-83
13795	1.0	1.0280039904863353e-32
13796	1.0	0.0
13797	1.0	8.500239971710778e-161
13798	1.0	2.9787683425933535e-80
13799	1.0	7.590335798506421e-65
13801	1.0	0.0
13802	1.0	0.0
13803	1.0	1.3048755970403706e-38
13804	1.0	6.377594877907034e-156
13805	1.0	2.379701575973031e-47
13806	1.0	9.991039663610409e-81
13807	1.0	0.0
13808	1.0	0.0
13809	1.0	0.0
13810	1.0	6.971973812562265e-21
13811	1.0	4.0231430368861403e-153
13812	1.0	0.0
13813	1.0	3.5386688942841367e-35
13814	1.0	2.2572096194994695e-254
13815	1.0	2.4373467768574736e-66
13816	1.0	3.1840863465538657e-200
13817	1.0	3.1805034444775537e-114
13818	1.0	5.437491592730867e-71
13819	1.0	3.301489585252743e-185
13820	1.0	1.317053232108435e-128
13821	1.0	0.0
13822	1.0	1.1706337e-317
13823	1.0	2.385661613465419e-23
13824	1.0	1.468837673350507e-41
13825	1.0	0.0
13826	1.0	0.0
13827	1.0	0.0
13828	1.0	4.643330532054549e-27
13829	1.0	5.917439879709699e-23
13831	1.0	3.7949718881671483e-75
13832	1.0	3.6136534692985484e-59
13833	0.9999999823442159	1.7655784047717224e-08
13834	0.9999999999999998	1.526691282781593e-16
13835	1.0	1.150709253229308e-50
13836	1.0	6.156810740899463e-95
13837	1.0	0.0
13838	1.0	8.93994521382162e-18
13839	1.0	4.978421484241082e-197
13840	1.0	1.6941328159694048e-36
13841	1.0	5.415739852508256e-41
13842	1.0	0.0
13843	0.9999999999818439	1.8156170996986747e-11
13844	1.0	0.0
13845	1.0	0.0
13846	1.0	6.382806537562566e-284
13847	1.0	0.0
13848	1.0	3.340488636822565e-46
13849	1.0	1.5242576931798104e-35
13850	3.481997746187227e-07	0.9999996518002254
13851	1.0	1.880643683478615e-53
13852	1.0	1.1649664656196422e-76
13853	1.0	2.9118335067152635e-45
13854	1.0	1.1548495690366537e-22
13855	1.0	2.4615717035030416e-17
13856	0.999820668768318	0.00017933123168200067
13857	1.0	3.3931703679452425e-77
13858	1.0	4.866466479168656e-35
13859	1.0	0.0
13861	1.0	4.839576865718691e-23
13862	1.0	0.0
13863	0.999820668768318	0.00017933123168200067
13864	1.0	1.0939313313237766e-157
13865	1.0	1.176069121003698e-112
13866	1.0	0.0
13867	1.0	0.0
13868	1.0	1.1151772883673609e-42
13869	1.0	0.0
13870	1.0	0.0
13871	1.0	0.0
13872	0.9997088422648125	0.00029115773518755065
13873	1.0	0.0
13874	1.0	0.0
13875	1.0	2.8040896781560027e-61
13876	1.0	1.2261369852459272e-63
13877	1.0	0.0
13878	1.0	9.846472782880608e-86
13879	1.0	6.18592391668243e-43
13880	1.679018976380576e-10	0.9999999998320981
13881	1.0	1.546447985813336e-29
13882	1.0	2.4414185230732966e-72
13883	1.0	2.4127209412851133e-86
13884	1.0	0.0
13885	1.0	0.0
13886	1.0	2.54569123771217e-135
13887	0.9999999999999996	3.7350786352935843e-16
13888	1.0	1.1305688298242399e-44
13889	0.9999999999676668	3.233323499074754e-11
13891	1.0	8.015999362454224e-25
13892	1.0	1.4814547111462233e-71
13893	1.0	2.8828515936063167e-44
13894	1.0	2.49146444371745e-32
13895	1.0	1.37226800742998e-94
13896	1.0	2.0733242840378705e-106
13897	1.0	0.0
13898	1.0	0.0
13899	1.0	0.0
13900	1.0	0.0
13901	1.0	0.0
13902	1.0	2.508765846654553e-94
13903	1.0	7.749975072307096e-28
13904	1.0	1.4460424764263932e-170
13905	1.0	1.1151772883673609e-42
13906	0.999710184933235	0.00028981506676493263
13907	1.0	1.1291170834054695e-192
13908	0.9999999184996597	8.150034032823159e-08
13909	1.0	2.6617639807500836e-78
13910	1.0	0.0
13911	1.0	1.2981094318643395e-36
13912	1.0	0.0
13913	0.9999999999999984	1.5574941294468464e-15
13914	1.0	9.868765503024945e-163
13915	0.9996038473703802	0.0003961526296198195
13916	1.0	2.2851259080127226e-123
13917	1.0	1.3e-322
13918	1.0	7.16782436053547e-130
13919	1.0	0.0
13921	1.0	1.228179435927689e-112
13922	1.0	3.3920140724808083e-26
13923	1.0	5.157588672536727e-237
13924	1.0	3.902913042459567e-202
13925	0.9977357884406689	0.002264211559331189
13926	1.0	7.124168952675779e-168
13927	1.0	0.0
13928	1.0	0.0
13929	1.0	4.2106648890127125e-86
13930	1.0	4.377023918541736e-45
13931	1.0	7.992413185430418e-114
13932	1.0	4.209827307578223e-42
13933	1.0	0.0
13934	1.0	9.550774976801677e-138
13935	1.0	3.0708391125297178e-124
13936	1.0	1.44149649574805e-26
13937	1.0	0.0
13938	1.0	2.623713339767169e-216
13939	1.0	2.770053310256097e-51
13940	1.0	7.09839375969575e-34
13941	1.0	2.765689653257981e-166
13942	1.0	9.210720723802984e-39
13943	1.0	2.775637901119094e-127
13944	1.0	0.0
13945	1.0	5.687917650105941e-29
13946	1.0	9.815906745527395e-166
13947	1.0	0.0
13948	1.0	0.0
13949	1.0	1.4246444947805802e-30
13951	1.0	6.863635609576982e-48
13952	1.0	1.0276830338120785e-16
13953	0.9999999999999998	1.9735662011926915e-16
13954	1.0	3.2390197108692316e-118
13955	1.0	5.743045599388962e-233
13956	1.0	7.280518374292088e-246
13957	1.0	1.680027070178642e-24
13958	1.0	2.376872697162175e-92
13959	1.0	2.384664527794227e-215
13960	1.0	1.2578170140267225e-22
13961	1.0	0.0
13962	1.0	1.6258616745260062e-84
13963	1.0	2.3423589310662075e-94
13964	1.0	6.461679961618765e-193
13965	1.0	0.0
13966	1.0	1.6998440435359308e-62
13967	1.0	4.0750560237446e-225
13968	1.0	4.164636910621315e-34
13969	1.0	8.195186488779252e-41
13970	1.0	3.93997394821271e-41
13971	1.0	0.0
13972	1.0	2.6108014360699118e-71
13973	1.0	3.3546023268770078e-161
13974	1.0	2.6766671809903976e-22
13975	1.0	9.517605974343035e-19
13976	1.0	1.8393174134329614e-95
13977	1.0	0.0
13978	1.0	8.366996822810367e-111
13979	1.0	0.0
13981	1.0	6.63353634054002e-24
13982	1.0	3.2009550609022755e-21
13983	1.0	5.133201112277235e-229
13984	1.0	1.1344251346681147e-72
13985	1.0	1.3045172716746332e-159
13986	1.0	1.1855829081223035e-30
13987	1.0	7.323091172057876e-119
13988	1.0	3.831444706435548e-30
13989	1.0	2.4489440505968128e-101
13990	1.0	0.0
13991	1.0	9.551842511740881e-201
13992	1.0	4.015674263056156e-245
13993	0.649383326848777	0.350616673151223
13994	1.0	1.0977407327690983e-71
13995	1.0	2.009078960818385e-49
13996	1.0	3.2009550609022755e-21
13997	1.0	6.63353634054002e-24
13998	1.0	0.0
13999	1.0	1.0665739254392264e-198
14000	1.0	2.830891654797807e-115
14001	1.0	1.1151772883673609e-42
14002	1.0	1.1853263407722037e-45
14003	1.0	2.2323906009729612e-32
14004	1.0	5.663404563820062e-91
14005	1.0	1.742830086680414e-145
14006	1.0	3.819450131809429e-77
14007	1.0	0.0
14008	1.0	1.1448243658711705e-85
14009	1.0	5.810455448864689e-54
14011	1.0	4.2937229445881474e-156
14012	1.0	0.0
14013	1.0	1.4134114809806174e-133
14014	1.0	1.9397058374268635e-43
14015	1.0	1.171437603162521e-166
14016	1.0	1.4362701589158844e-112
14017	1.0	2.8547358897817425e-73
14018	1.0	0.0
14019	1.0	1.9004981220731678e-77
14020	1.0	5.580506247732955e-280
14021	1.0	9.687320934135447e-142
14022	1.0	7.257829416960995e-69
14023	1.0	1.2258761841738648e-209
14024	1.0	0.0
14025	1.0	0.0
14026	1.0	0.0
14027	1.0	0.0
14028	1.0	1.4460424764263932e-170
14029	1.0	1.7908039617096586e-17
14030	1.0	1.5591605305991816e-194
14031	1.0	0.0
14032	1.0	3.4672932751956847e-91
14033	1.0	3.744758193543373e-152
14034	1.0	1.2897808585700257e-193
14035	1.0	0.0
14036	1.0	4.056698415663529e-109
14037	1.0	2.5626127695774645e-72
14038	1.0	0.0
14039	1.0	4.792126736044746e-291
14041	0.0021738357871070807	0.9978261642128929
14042	1.0	3.870611375487662e-120
14043	1.0	8.17420113234264e-95
14044	1.0	1.4773634325361928e-112
14045	1.0	2.2525342657673125e-42
14046	1.0	0.0
14047	1.0	0.0
14048	1.0	0.0
14049	1.0	2.406235573388113e-42
14050	1.0	1.4773634325361928e-112
14051	1.0	3.226564494121873e-26
14052	1.0	0.0
14053	1.0	0.0
14054	1.0	8.22520286366869e-35
14055	1.0	2.40983059933418e-18
14056	1.0	1.7908039617096586e-17
14057	1.0	3.2191048941253624e-75
14058	1.0	2.396067615986229e-65
14059	1.0	1.814535259170054e-79
14060	1.0	7.015560676486202e-34
14061	1.0	1.0729787547890842e-43
14062	1.0	1.6173333762071322e-41
14063	1.0	3.7303638789886537e-110
14064	1.0	4.791584935848693e-117
14065	1.0	1.538076234234403e-159
14066	1.0	1.8406282615966304e-20
14067	1.0	2.875262088993723e-17
14068	1.0	1.5216732390661668e-183
14069	1.0	0.0
14071	1.0	0.0
14072	1.0	3.026996938299305e-100
14073	1.0	7.695445708791937e-73
14074	1.0	8.195186488779252e-41
14075	1.0	0.0
14076	1.0	6.325224525642289e-32
14077	1.0	0.0
14078	1.0	0.0
14079	1.0	1.9242451272366287e-25
14080	1.0	1.9333726578515767e-40
14081	1.0	8.575618467465176e-70
14082	1.0	2.1258304845062293e-180
14083	1.0	6.108639674767345e-129
14084	1.0	4.414790688032706e-152
14085	1.0	1.5524980416759618e-114
14086	0.9998582113030567	0.00014178869694327296
14087	1.0	2.9624514787331107e-64
14088	1.0	2.137704007652237e-37
14089	1.0	1.7271397183556058e-19
14090	1.0	2.8197213333831925e-86
14091	1.0	3.6867494861935197e-22
14092	1.0	9.191983400290663e-72
14093	1.0	1.0986919532080087e-110
14094	0.8880034338665228	0.11199656613347711
14095	1.0	0.0
14096	1.0	4.938090254912078e-255
14097	1.0	3.7093903453950185e-33
14098	1.0	1.025641608163405e-81
14099	1.0	3.560170560634537e-305
14101	1.0	4.5090855170752454e-158
14102	0.9999999999329758	6.702420312630914e-11
14103	0.9999999999999982	1.7568504040628668e-15
14104	1.0	0.0
14105	1.0	2.824224348425635e-218
14106	1.0	5.644969500581005e-39
14107	1.0	8.850646870128722e-19
14108	1.0	2.2595528306618718e-262
14109	1.0	1.9689076826588645e-94
14110	1.0	6.712761628220903e-87
14111	1.0	3.7819639152032236e-153
14112	1.0	4.209001280250149e-305
14113	1.0	4.118712479572477e-156
14114	1.0	2.9626398527586124e-73
14115	1.0	5.863929679320542e-44
14116	1.0	3.382381367025816e-55
14117	0.001915378809529227	0.9980846211904708
14118	1.0	7.63250695644774e-212
14119	1.0	0.0
14120	1.0	0.0
14121	1.0	0.0
14122	1.0	0.0
14123	1.0	0.0
14124	1.0	0.0
14125	1.0	6.165617087356448e-159
14126	4.358471440399056e-06	0.9999956415285596
14127	1.0	2.7703404920060784e-271
14128	1.0	3.044827657105415e-97
14129	1.0	2.4493614562422334e-194
14131	1.0	9.03931567087908e-86
14132	1.0	0.0
14133	1.0	0.0
14134	1.0	1.0306436229186497e-88
14135	1.0	2.5505891436116813e-269
14136	0.8972171282223758	0.10278287177762417
14137	1.0	1.177229293862577e-63
14138	1.0	3.022863334517118e-187
14139	1.0	1.9250916879823683e-186
14140	1.0	1.4279305096250813e-19
14141	1.0	6.772316662509478e-82
14142	1.0	2.8916102414724443e-55
14143	1.0	9.958389999178774e-227
14144	1.0	3.523603596394941e-67
14145	1.0	0.0
14146	1.0	0.0
14147	1.0	1.7908039617096586e-17
14148	1.0	1.1151772883673609e-42
14149	1.0	6.665566313173507e-150
14150	1.0	8.15572948971673e-204
14151	1.0	0.0
14152	1.0	8.626268715739411e-26
14153	1.0	0.0
14154	1.0	2.5294948183571035e-92
14155	1.0	2.6517485891813182e-61
14156	1.0	0.0
14157	0.9999999999999993	7.1387399609870355e-16
14158	1.0	1.0772293043836785e-80
14159	1.0	5.745544413696383e-23
14161	1.0	2.844549289218811e-251
14162	1.0	3.499476609914584e-19
14163	1.0	0.0
14164	1.0	0.0
14165	1.0	0.0
14166	1.0	0.0
14167	1.0	0.0
14168	1.0	9.05066686392843e-104
14169	1.0	2.2707536269141613e-79
14170	1.0	7.661764560292924e-92
14171	1.0	5.237615666934662e-186
14172	1.0	1.2371776145251686e-117
14173	0.9703624828858621	0.029637517114137917
14174	0.727678046575719	0.27232195342428095
14175	1.0	0.0
14176	1.0	1.62135937e-315
14177	1.0	0.0
14178	1.0	7.72616527e-316
14179	0.31531543566423686	0.6846845643357632
14180	1.0	7.411976914936979e-38
14181	1.0	8.119349276958573e-274
14182	1.0	4.482642525040751e-96
14183	1.0	1.3106424481683783e-232
14184	1.0	8.606043823622198e-20
14185	0.9999999999999258	7.411244123790184e-14
14186	1.0	2.4593105268135295e-67
14187	1.0	2.7462138948069506e-44
14188	1.0	0.0
14189	1.0	0.0
14191	1.0	0.0
14192	1.0	0.0
14193	1.0	0.0
14194	1.0	0.0
14195	1.0	0.0
14196	1.0	1.333639124322468e-39
14197	1.0	1.8719359632167733e-20
14198	1.0	2.1972066443972925e-39
14199	1.0	2.409908989961219e-179
14200	1.0	9.22125559843055e-25
14201	1.0	3.8864770017768025e-59
14202	1.0	0.0
14203	1.0	4.663527456698718e-177
14204	1.0	2.1383141029439273e-104
14205	0.999999999515484	4.845160776334883e-10
14206	1.0	1.9800555510557545e-29
14207	0.9999999999999996	5.414589607410575e-16
14208	0.9998953045724165	0.00010469542758345169
14209	1.0	1.0796800115658301e-212
14210	1.0	8.335792388624728e-47
14211	1.0	0.0
14212	1.0	0.0
14213	1.0	0.0
14214	1.0	2.860614097813014e-99
14215	1.0	5.748926098276163e-232
14216	1.0	1.0636345955001017e-246
14217	1.0	2.7266975103738135e-25
14218	1.0	5.806181823721468e-125
14219	1.0	6.942399433384052e-56
14221	1.0	9.041505464633281e-91
14222	1.0	2.1236539023189565e-17
14223	1.0	4.977965524266124e-34
14224	1.0	1.350095119909661e-48
14225	1.0	1.5029096669791163e-17
14226	1.0	3.178169622741825e-120
14227	1.0	9.871746212304e-107
14228	1.0	1.0800437177707402e-125
14229	1.0	3.9674517246611436e-44
14230	1.0	3.6579330241761453e-25
14231	1.0	8.861215228024051e-119
14232	1.0	1.6292161841807258e-85
14233	1.0	4.586544873387841e-112
14234	1.0	1.9647341881003434e-126
14235	0.9999999999999265	7.358236321868317e-14
14236	1.0	1.6067326667146371e-22
14237	1.0	5.708146379826062e-42
14238	1.0	4.9642715464819314e-23
14239	1.0	0.0
14240	1.0	1.76598278e-315
14241	1.0	0.0
14242	1.0	9.369316460724343e-150
14243	1.0	0.0
14244	1.0	2.6942712071328686e-134
14245	1.0	0.0
14246	0.9998538245323172	0.00014617546768292384
14247	1.0	1.7014451628507583e-76
14248	1.0	5.829714136447254e-59
14249	1.0	1.2972006077723698e-49
14251	1.0	3.2344358016273253e-60
14252	1.0	4.761502573038951e-54
14253	1.0	5.185507226633712e-40
14254	1.0	0.0
14255	1.0	2.1434969823255303e-175
14256	1.0	1.1520387279875552e-269
14257	1.0	5.075799602602856e-43
14258	0.9959925883205896	0.004007411679410366
14259	1.0	0.0
14260	1.0	3.343508469171239e-20
14261	1.0	0.0
14262	1.0	0.0
14263	1.0	1.4323604885562976e-178
14264	1.0	2.3603009506229648e-85
14265	1.0	3.6138567757052126e-61
14266	0.9999999999996494	3.505231697211717e-13
14267	1.0	1.867967919647046e-45
14268	1.0	4.33576160320598e-65
14269	1.0	2.2624943911309305e-222
14270	1.0	0.0
14271	1.0	0.0
14272	1.0	3.306791917724533e-100
14273	1.0	0.0
14274	1.0	0.0
14275	1.0	0.0
14276	1.0	0.0
14277	1.0	1.7111197535389757e-134
14278	1.0	1.3966606599997387e-49
14279	1.0	2.6507723457610824e-102
14281	1.0	6.414025592582455e-106
14282	1.0	1.9804936976997033e-150
14283	1.0	1.3525563457680887e-57
14284	1.0	1.1904226973871624e-48
14285	1.0	2.5221990055212267e-69
14286	1.0	5.26915802630016e-49
14287	1.0	2.4851278205353232e-36
14288	1.0	0.0
14289	1.0	2.4784531607686365e-116
14290	1.0	0.0
14291	0.9999999999999978	2.192180503109945e-15
14292	1.0	3.8034951725776786e-191
14293	1.0	3.844175279952909e-219
14294	1.0	4.2178490193132476e-75
14295	1.0	1.3682817304472104e-44
14296	1.0	6.88937018015254e-173
14297	1.0	1.2949783720117661e-17
14298	1.0	1.1845801305386223e-28
14299	1.0	1.2472074332059168e-142
14300	1.0	1.281055088351719e-264
14301	1.0	4.436890677197687e-84
14302	1.0	0.0
14303	1.0	9.16705334083609e-159
14304	1.0	2.039460197652037e-45
14305	1.0	9.792104763539115e-212
14306	1.0	0.0
14307	1.0	1.5202554793931272e-155
14308	1.0	0.0
14309	1.0	7.293037870970189e-55
14311	1.0	1.7524788383596468e-48
14312	1.0	7.986808662593954e-24
14313	1.0	0.0
14314	1.0	3.9250695397671876e-182
14315	1.0	1.713986297091087e-29
14316	1.0	3.746063122919852e-67
14317	1.0	3.156483123073403e-131
14318	1.0	2.8406300670675937e-274
14319	1.0	5.907795717423809e-277
14320	1.0	8.142237938539706e-99
14321	1.0	2.899838590495251e-108
14322	1.0	1.0365245530881908e-90
14323	0.9999989666471898	1.0333528101033616e-06
14324	1.0	2.6709956880270124e-35
14325	1.0	0.0
14326	1.0	2.105797959269612e-23
14327	1.0	1.449211028965963e-135
14328	0.8709826380399565	0.1290173619600435
14329	1.0	7.412332453085674e-50
14330	1.0	9.12885675688443e-78
14331	1.0	6.044056908832071e-87
14332	1.0	4.281322126963651e-61
14333	1.0	9.703078028588736e-67
14334	1.0	2.3927903497665676e-65
14335	1.0	2.3713863195768103e-247
14336	1.0	1.0783062398616383e-123
14337	1.0	3.310419370756851e-80
14338	1.0	7.676485865201293e-114
14339	1.0	8.912542365977021e-113
14341	1.0	1.3363316688182404e-47
14342	0.999999999997629	2.371031882892157e-12
14343	1.0	1.7343883745600455e-49
14344	1.0	2.4805430170891734e-121
14345	1.0	1.2292263848702337e-40
14346	1.0	7.553727253525713e-70
14347	1.0	5.274703574437537e-19
14348	1.0	7.019036626141234e-62
14349	1.0	9.011793100108752e-80
14350	1.0	1.9925597499222853e-34
14351	1.0	9.90049881659409e-75
14352	1.0	2.3648577983946346e-61
14353	1.0	3.047168463911569e-67
14354	1.0	1.2748826257591482e-65
14355	1.0	5.538955535106064e-56
14356	1.0	6.078891822748612e-110
14357	0.14129698579371902	0.8587030142062809
14358	1.0	1.66519255245936e-243
14359	1.0	1.69814891744957e-22
14360	1.0	8.106121070216021e-22
14361	1.0	9.534265621453834e-117
14362	1.0	2.123951730444284e-30
14363	1.0	5.8168962262385426e-161
14364	0.999999999973185	2.681510370635527e-11
14365	1.0	2.6193532374093183e-113
14366	1.0	0.0
14367	1.0	9.716659296495774e-96
14368	1.0	0.0
14369	1.0	0.0
14371	1.0	8.97071566098843e-292
14372	0.9999999992671251	7.32874814588451e-10
14373	1.0	2.246910102017971e-60
14374	1.0	9.902114841202387e-103
14375	1.0	5.413798551418646e-82
14376	1.0	7.40431174765317e-150
14377	1.0	5.877794481117987e-93
14378	1.0	2.11489908584466e-216
14379	1.0	0.0
14380	1.0	0.0
14381	1.0	0.0
14382	1.0	1.6968126664476657e-55
14383	1.0	4.686295216896134e-71
14384	1.0	3.0006967614711606e-223
14385	1.0	7.82951170329773e-114
14386	1.0	6.926539848602905e-119
14387	1.0	5.047558953043974e-63
14388	1.0	6.832654248355107e-99
14389	1.0	1.9209596946208333e-72
14390	1.0	5.194997929364742e-40
14391	1.0	4.5483814468167743e-240
14392	1.0	9.735427288463127e-258
14393	0.9999997398299829	2.601700170371758e-07
14394	1.0	3.632721168167241e-175
14395	1.0	4.9557228898889665e-26
14396	1.0	0.0
14397	1.0	7.102191978887794e-240
14398	1.0	1.2221584637718963e-185
14399	1.0	3.400181228046058e-33
14401	1.0	4.504685012139368e-90
14402	1.0	1.190660092134953e-88
14403	1.0	7.715477397035052e-88
14404	1.0	2.5823984288176376e-112
14405	1.0	0.0
14406	1.0	9.73108422253604e-166
14407	1.0	4.388438960067983e-100
14408	1.0	1.2662750759226692e-45
14409	1.0	9.5992859162375e-69
14410	1.0	8.635895018286325e-36
14411	1.0	5.3784922220311886e-36
14412	1.0	2.271503630484458e-248
14413	1.0	3.350246320105335e-219
14414	1.0	5.437980496196355e-59
14415	1.0	1.9912978146489915e-22
14416	1.0	1.823822319889506e-59
14417	1.0	2.0215618241357705e-82
14418	1.0	1.0360620955747523e-94
14419	1.0	0.0
14420	1.0	8.847507337791854e-70
14421	1.0	1.8298207605522823e-303
14422	1.0	5.342941244630822e-72
14423	1.0	1.6795592781989922e-70
14424	1.0	8.99558238714922e-70
14425	0.9999999999999851	1.4969422422751747e-14
14426	0.9999999998487639	1.5123617508592993e-10
14427	1.0	6.055547596945135e-53
14428	1.0	4.859024806464709e-63
14429	1.0	7.19502831797009e-102
14431	1.0	2.1752572946150853e-185
14432	1.0	0.0
14433	1.0	0.0
14434	1.0	3.0528220410996185e-75
14435	1.0	0.0
14436	1.0	1.3212081877458768e-291
14437	1.0	2.8435926054313195e-129
14438	1.0	1.5259384971392475e-161
14439	1.0	3.247388472303546e-31
14440	1.0	4.656789762374565e-29
14441	1.0	0.0
14442	1.0	2.8657183936232764e-85
14443	1.0	1.6854301175905295e-17
14444	1.0	1.4504958625118288e-67
14445	1.0	1.2369496471780807e-148
14446	1.0	0.0
14447	1.0	1.4052721122579539e-279
14448	0.9999999999999991	9.691005673515597e-16
14449	0.9999999999959428	4.0571617160473465e-12
14450	0.9999995252443488	4.747556512041118e-07
14451	1.0	1.156779847558932e-55
14452	1.0	5.690271350620979e-20
14453	1.0	0.0
14454	1.0	1.7009181142384394e-284
14455	1.0	9.106447292720074e-140
14456	1.0	5.466359675877129e-80
14457	1.0	2.181263706440418e-58
14458	1.0	1.6669444416600111e-90
14459	1.0	0.0
14461	1.0	0.0
14462	1.0	0.0
14463	1.0	0.0
14464	1.0	9.299739886636345e-107
14465	1.0	1.633301181315936e-74
14466	1.0	1.130173300410648e-31
14467	1.0	8.783642655782098e-32
14468	1.0	3.7678780624315787e-116
14469	1.0	1.2411026066735906e-74
14470	1.0	5.05143839909292e-52
14471	1.0	1.049582637608117e-46
14472	1.0	1.0481750507047475e-25
14473	1.0	5.349607740068431e-125
14474	1.0	2.207461131188886e-227
14475	1.0	2.6747623894579844e-20
14476	1.0	1.361673173373109e-222
14477	1.0	0.0
14478	1.0	5.8760071151169695e-257
14479	1.0	5.636257263178925e-217
14480	1.0	0.0
14481	1.0	4.625460931199142e-124
14482	1.0	0.0
14483	1.0	5.874072359637676e-54
14484	0.9999999999988418	1.1581664890619907e-12
14485	1.0	6.619169296569985e-81
14486	1.0	0.0
14487	1.0	0.0
14488	1.0	0.0
14489	1.0	8.813770749155023e-289
14491	1.0	3.8170553692527245e-213
14492	0.999998967905999	1.0320940010116988e-06
14493	1.0	1.8098993578179472e-71
14494	1.0	6.115767459839021e-82
14495	1.0	1.5696697219029422e-22
14496	1.0	1.6284737368474761e-28
14497	1.0	7.36606664860755e-141
14498	1.0	2.0530009888369573e-139
14499	1.0	0.0
14500	1.0	2.397377608412549e-70
14501	1.0	5.057092591969451e-190
14502	1.0	8.158101634108764e-30
14503	1.0	7.909405133020428e-263
14504	1.0	6.1300666816619485e-266
14505	1.0	0.0
14506	1.0	0.0
14507	1.0	0.0
14508	1.0	0.0
14509	1.0	3.848509436953751e-77
14510	1.0	8.0002408147046845e-87
14511	1.0	5.830301531953584e-106
14512	1.0	8.822946810800273e-121
14513	1.0	3.0536562631565614e-143
14514	1.0	8.893944723257576e-199
14515	1.0	3.139935396245526e-25
14516	1.0	5.392633779521312e-64
14517	1.0	1.5155395914904616e-178
14518	1.0	2.0290544306238936e-51
14519	1.0	0.0
14521	1.0	4.1344769553200183e-286
14522	1.0	0.0
14523	1.0	0.0
14524	1.0	4.7036254502901134e-147
14525	1.0	0.0
14526	1.0	6.76290952701678e-29
14527	1.0	7.378250319607194e-105
14528	1.0	8.278033317953262e-104
14529	1.0	8.097083615010211e-59
14530	1.0	5.869376592552239e-162
14531	1.0	5.40904879039349e-202
14532	1.0	3.2152026297827874e-160
14533	0.6030370649829738	0.3969629350170261
14534	1.0	1.5690696875454608e-73
14535	1.0	1.760758732010533e-62
14536	1.0	2.2128352118225415e-58
14537	1.0	2.107227826795129e-80
14538	1.0	6.203784452812917e-18
14539	1.0	1.6936462786073093e-152
14540	1.0	7.722600072459955e-25
14541	1.0	2.2987224573681246e-42
14542	1.0	3.1435268405065415e-156
14543	1.0	0.0
14544	1.0	7.812745742274702e-91
14545	1.0	7.501497150968655e-70
14546	1.0	0.0
14547	1.0	1.324076755903771e-53
14548	1.0	5.653258256348233e-126
14549	1.0	3.24933452e-315
14551	1.0	1.517394496792473e-236
14552	1.0	0.0
14553	1.0	0.0
14554	1.0	7.332900088339855e-211
14555	1.0	0.0
14556	1.0	4.275953082789422e-37
14557	1.0	2.9329244400112774e-168
14558	1.0	6.483386035038897e-103
14559	1.0	9.639616902974228e-62
14560	0.9999999873233293	1.2676670665463227e-08
14561	1.0	2.2974509011095515e-79
14562	1.0	2.4832435343704575e-115
14563	1.0	7.588429990105958e-235
14564	1.0	5.71938014334083e-27
14565	1.0	4.857071101156301e-166
14566	1.0	2.7023637422484073e-114
14567	1.0	2.2038832371219701e-296
14568	1.0	3.350315875683577e-69
14569	1.0	0.0
14570	1.0	0.0
14571	1.0	0.0
14572	1.0	0.0
14573	1.0	1.1543166354537816e-90
14574	1.0	3.6178117595704535e-43
14575	1.0	0.0
14576	1.0	0.0
14577	1.0	2.0039565365586767e-120
14578	1.0	3.0797807019328827e-66
14579	1.0	1.0848766183453534e-22
14581	0.9999999999999978	2.1919027939148255e-15
14582	1.0	0.0
14583	1.0	6.265561243106471e-42
14584	1.0	2.491107666730806e-181
14585	1.0	6.07779486712657e-67
14586	1.0	2.6709505725029868e-45
14587	1.0	2.691155975922197e-44
14588	1.0	7.999928111018048e-104
14589	1.0	3.00535325265082e-132
14590	1.0	0.0
14591	1.0	2.3431924511889627e-115
14592	1.0	0.0
14593	1.0	0.0
14594	1.0	0.0
14595	1.0	4.226733641245804e-259
14596	1.0	0.0
14597	1.0	8.16675463197651e-183
14598	0.08600343180746489	0.913996568192535
14599	1.0	1.73882712099213e-64
14600	1.0	2.5378231609455664e-91
14601	1.0	0.0
14602	1.0	3.2994471633275205e-123
14603	1.0	1.5535207904499863e-269
14604	0.9999999348757329	6.512426712748407e-08
14605	1.0	1.3277805239054838e-115
14606	1.0	1.8941656125891903e-110
14607	1.0	0.0
14608	1.0	8.463616930136857e-191
14609	1.0	9.874152372880517e-159
14611	1.0	2.7329794659064148e-264
14612	1.0	5.468432059652523e-53
14613	1.0	9.944161748501068e-28
14614	1.0	0.0
14615	1.0	8.440311735341629e-246
14616	1.0	5.940201304480275e-139
14617	1.0	0.0
14618	1.0	6.141514737750455e-105
14619	1.0	0.0
14620	1.0	2.8352546079732908e-86
14621	1.0	4.915563750798971e-281
14622	1.0	0.0
14623	1.0	0.0
14624	1.0	0.0
14625	1.0	4.835904585311824e-108
14626	1.0	1.0788113777729804e-295
14627	1.0	1.6272658379594287e-221
14628	1.0	1.7251812580520992e-19
14629	1.0	3.380396666351534e-24
14630	1.0	2.4602282265954844e-73
14631	1.0	6.92508102272995e-17
14632	1.0	0.0
14633	1.0	4.323726096927385e-115
14634	1.0	1.3930082313282384e-38
14635	0.9999529342590737	4.706574092624204e-05
14636	1.0	2.6164258293906795e-20
14637	1.0	2.2079513200135613e-55
14638	1.0	9.714219740964399e-43
14639	1.0	1.7353543045014315e-104
14641	1.0	7.850656990567861e-62
14642	1.0	0.0
14643	1.0	0.0
14644	1.0	8.292236257694908e-104
14645	1.0	1.322060498470281e-41
14646	1.0	7.982700092815874e-36
14647	1.0	0.0
14648	1.0	0.0
14649	1.0	3.3730842865761564e-77
14650	1.0	1.9273760542571908e-75
14651	0.9999999999999996	4.1447454500318096e-16
14652	1.0	1.8828916108864586e-174
14653	1.0	1.0464711617653827e-187
14654	1.0	2.8402095353737194e-24
14655	1.0	2.4296892041198046e-32
14656	1.0	2.08e-322
14657	1.0	1.2633560406607206e-50
14658	1.0	0.0
14659	0.9999999999999993	6.067412975443918e-16
14660	1.0	1.0301112440996794e-131
14661	1.0	3.282010523866978e-53
14662	1.0	0.0
14663	1.0	1.1585516335045553e-49
14664	1.0	2.012906e-317
14665	1.0	0.0
14666	1.0	1.18832361894105e-230
14667	1.0	5.326230732867443e-136
14668	1.0	2.9790615940209318e-18
14669	1.0	4.899963013422563e-177
14671	1.0	9.052587029185302e-53
14672	1.0	0.0
14673	1.0	8.07796613539e-312
14674	1.0	8.493587773262671e-37
14675	1.0	1.434869654131904e-215
14676	0.999999840983069	1.5901693091581825e-07
14677	1.0	1.0994602171996851e-240
14678	0.9999992509076987	7.490923011892602e-07
14679	1.0	1.2185922155878557e-63
14680	1.0	3.443956849872129e-66
14681	7.309352603235263e-10	0.9999999992690647
14682	1.0	2.2863685762363766e-153
14683	1.0	1.9071360428288104e-24
14684	1.0	1.0360418638612252e-182
14685	1.0	5.535226449449148e-187
14686	1.0	1.0143560808650908e-287
14687	0.9999999999999962	3.7748299277766325e-15
14688	1.0	7.834729285785241e-58
14689	1.0	3.865640748358429e-61
14690	1.0	6.843843801509236e-73
14691	1.0	9.646498208713889e-18
14692	1.0	3.210655025807082e-179
14693	1.0	4.402724112443426e-97
14694	0.9999637349850299	3.62650149701795e-05
14695	1.0	1.8934938907425705e-182
14696	1.0	2.427071852178446e-148
14697	1.0	2.52318998731289e-82
14698	1.0	4.36120167767894e-83
14699	1.0	1.1731007428486878e-46
14701	1.0	2.628611797453048e-18
14702	1.0	0.0
14703	1.0	4.155843772895976e-229
14704	1.0	9.885592023879856e-126
14705	1.0	3.5019681654956316e-239
14706	1.0	9.00400660090882e-84
14707	1.0	9.170860632560852e-134
14708	1.0	7.989386440441737e-44
14709	1.0	9.392933594470089e-86
14710	1.0	2.4717133427293193e-57
14711	1.0	2.5688770262499473e-291
14712	1.0	2.677951691408841e-21
14713	1.0	6.257500762262748e-208
14714	1.0	1.4304419512675266e-75
14715	1.0	1.0344609840402083e-95
14716	1.0	1.2917212939434279e-107
14717	1.0	7.381902625092337e-27
14718	1.0	8.055131549221943e-92
14719	1.0	0.0
14720	0.9999999999999989	1.030320565585263e-15
14721	1.0	7.926039431143191e-58
14722	1.0	2.8941273707977555e-66
14723	1.0	8.003109055464323e-35
14724	1.0	2.9281885496431794e-269
14725	1.0	0.0
14726	1.0	3.614357601355281e-158
14727	1.0	1.3154300013055495e-192
14728	1.0	3.854773850926488e-117
14729	1.0	3.9065998702892e-77
14731	0.9999999999999984	1.5089788052412865e-15
14732	1.0	1.5074305133337489e-83
14733	1.0	4.740717825983225e-61
14734	1.0	1.1056323573783447e-283
14735	1.0	1.2048970757137123e-118
14736	1.0	0.0
14737	1.0	6.952322871331185e-52
14738	1.0	2.6063305257701712e-179
14739	1.0	2.144394356437259e-25
14740	1.0	2.465891684915605e-40
14741	1.0	1.7621916472123762e-181
14742	1.0	3.545637999397733e-38
14743	1.0	3.101493357445286e-42
14744	0.9999999999999971	2.8140860224383697e-15
14745	1.0	7.941579568060068e-215
14746	1.0	4.4668238395747726e-116
14747	1.0	1.730359103741107e-51
14748	1.0	2.5143068955808726e-179
14749	1.0	2.8798291083517753e-133
14750	1.0	1.1045759542412867e-94
14751	1.0	0.0
14752	1.0	5.200258571189402e-136
14753	1.0	3.6889526979288225e-214
14754	1.0	2.776433626388809e-47
14755	1.0	2.0785512740033766e-35
14756	1.0	8.11909724750212e-64
14757	1.0	2.0785512740033766e-35
14758	1.0	4.132822002500578e-46
14759	1.0	1.6106820455033582e-78
14761	1.0	1.8999486939727022e-107
14762	1.0	8.393951096911236e-142
14763	1.0	5.2722226537134065e-43
14764	1.0	2.0031491016835054e-207
14765	1.0	1.225869434152654e-162
14766	1.0	5.7978257195906156e-232
14767	1.0	2.158216971069476e-107
14768	1.0	6.6918563340190464e-71
14769	1.0	0.0
14770	1.0	2.141162204168382e-185
14771	1.0	1.1841024716593827e-25
14772	1.0	8.353335248393177e-131
14773	1.0	0.0
14774	1.0	3.8547928658393364e-203
14775	1.0	3.4357060785479833e-134
14776	1.0	5.909408246153204e-109
14777	1.0	5.731561855907552e-23
14778	1.0	1.514489663515178e-35
14779	1.0	1.1437000661695816e-82
14780	1.0	1.966649521761645e-178
14781	1.0	2.0366140867446256e-86
14782	1.0	1.1231254357562011e-51
14783	1.0	6.025921421015695e-52
14784	1.0	1.0418215686728536e-88
14785	1.0	2.273716901407929e-52
14786	1.0	7.684936529915343e-83
14787	0.005923715929530689	0.9940762840704692
14788	1.0	0.0
14789	1.0	8.151236264171107e-117
14791	0.9999999999965963	3.403778956813185e-12
14792	1.0	1.7322636215812525e-92
14793	1.0	3.7074364564757304e-60
14794	1.0	6.487868608916273e-22
14795	1.0	6.195366969851072e-191
14796	1.0	1.6960941607541717e-107
14797	1.0	5.001795549013657e-35
14798	1.0	0.0
14799	1.0	3.519372083749773e-37
14800	1.0	1.3315821088256054e-30
14801	1.0	2.612495734549868e-204
14802	1.0	5.757687574679199e-56
14803	0.32620192883094584	0.6737980711690542
14804	1.0	3.66461982713203e-121
14805	1.0	0.0
14806	0.9999999093511245	9.064887541728523e-08
14807	1.0	1.3386458908371111e-80
14808	1.0	2.3791730443257628e-23
14809	1.0	1.7729909576934206e-22
14810	1.0	6.197433695659652e-234
14811	1.0	3.664800389337938e-133
14812	1.0	1.3943422252055935e-37
14813	1.0	5.8404668926511716e-180
14814	1.0	2.379728565723636e-72
14815	0.9999999999481681	5.183186634245617e-11
14816	1.0	3.226901217712329e-216
14817	1.0	5.786171107535522e-27
14818	1.0	2.794989097165604e-101
14819	1.0	2.563822054926038e-148
14821	1.0	1.515944893580632e-83
14822	0.9999999999998175	1.8256557275189982e-13
14823	1.0	6.554689698990664e-142
14824	1.0	1.113024437052564e-137
14825	1.0	2.6109440956988304e-53
14826	1.0	4.476081508618586e-136
14827	1.0	1.4814633731455272e-87
14828	1.0	2.085118234130574e-94
14829	1.0	7.592090610889804e-137
14830	1.0	1.9580960417762157e-54
14831	1.0	2.055539647674704e-48
14832	1.0	1.7170811206801476e-62
14833	1.0	1.046160298253888e-90
14834	0.9999999999999973	2.7419974753711816e-15
14835	1.0	2.289003878226296e-81
14836	1.0	6.572742352555997e-32
14837	1.0	1.8019046443545283e-39
14838	1.0	5.339743985743864e-75
14839	1.0	6.787650096808132e-93
14840	1.0	2.5243646671487636e-160
14841	1.0	2.1738492788187417e-185
14842	1.0	3.1737740374507226e-172
14843	1.0	1.0733006853405639e-30
14844	1.0	5.995786317607084e-197
14845	1.0	1.6702706041158084e-147
14846	1.0	2.3887270668347654e-267
14847	1.0	7.268321604955754e-84
14848	1.0	4.261527190099819e-68
14849	1.0	1.908948720202891e-55
14851	1.0	5.337746099020176e-59
14852	1.0	1.3880947475744123e-34
14853	1.0	3.277659416831193e-275
14854	1.0	4.379577838501895e-169
14855	1.0	1.3200512757343173e-233
14856	1.0	3.565209258173162e-292
14857	1.0	1.3172716284759235e-87
14858	1.0	0.0
14859	1.0	1.2720430004862149e-46
14860	1.0	0.0
14861	1.0	3.5119750678569723e-68
14862	1.0	9.998046636881828e-69
14863	1.0	1.7067585941852144e-59
14864	1.0	3.6902968621323146e-48
14865	1.0	9.629151138173768e-228
14866	1.0	3.3883959907216326e-74
14867	1.0	5.074683160242734e-145
14868	1.0	9.702781226991159e-82
14869	1.0	4.3867602915076716e-17
14870	1.0	5.382185512319253e-38
14871	1.0	1.651030494359397e-23
14872	1.0	0.0
14873	1.0	3.352365472891481e-156
14874	1.0	1.568017811570251e-27
14875	1.0	1.5142099136843603e-72
14876	1.0	3.029196e-318
14877	1.0	1.7497200582947158e-161
14878	1.0	1.9775664208717029e-59
14879	1.0	6.896032642902895e-32
14881	1.0	1.2545924070718267e-156
14882	1.0	9.59372200811094e-62
14883	1.0	0.0
14884	1.0	0.0
14885	1.0	2.047420036350158e-33
14886	1.0	7.022143012304256e-121
14887	1.0	0.0
14888	1.0	1.7049293691605484e-66
14889	1.0	5.1321705047318274e-51
14890	1.0	5.93807550696123e-212
14891	1.0	4.583115780850052e-213
14892	1.0	9.40760508470338e-53
14893	1.0	4.3151690663911215e-91
14894	1.0	7.534950669072447e-46
14895	1.0	4.370467348331144e-47
14896	1.0	1.2226350575177803e-163
14897	1.0	5.815628518162883e-112
14898	1.0	1.5596638858243555e-198
14899	1.0	1.5417535885159011e-30
14900	1.0	3.31961369909592e-125
14901	1.0	1.3362090398006765e-162
14902	1.0	0.0
14903	1.0	2.322991550682706e-277
14904	1.0	2.963398271021004e-34
14905	1.0	2.3002785254917123e-243
14906	1.0	2.3732464380516843e-19
14907	0.999999999634134	3.6586610071061096e-10
14908	1.0	2.3391223744949004e-59
14909	1.0	9.578554118361553e-111
14911	1.0	1.2079256525860152e-97
14912	1.0	4.591600151899334e-256
14913	1.0	5.16669915615335e-88
14914	1.0	2.7501225345588175e-210
14915	1.0	7.438476910814337e-148
14916	1.0	5.412450017536456e-272
14917	1.0	7.720723097923493e-120
14918	1.0	2.833140372546368e-34
14919	1.0	3.392967630791816e-97
14920	1.0	4.326153098648517e-45
14921	1.0	7.324680055897338e-198
14922	1.0	0.0
14923	1.0	5.126401906962664e-33
14924	1.0	5.142065959357426e-60
14925	1.0	1.3949127671049645e-90
14926	1.0	0.0
14927	0.999999957292538	4.270746194951889e-08
14928	1.0	5.2641646547306277e-17
14929	1.0	0.0
14930	1.0	6.160731049439431e-94
14931	1.0	2.9894288124068225e-276
14932	1.0	1.4276541217038257e-87
14933	1.0	2.872757287000863e-31
14934	1.0	3.734834307369143e-63
14935	1.0	4.819222191928606e-40
14936	1.0	1.9349247904734144e-182
14937	1.0	0.0
14938	1.0	3.07302292452439e-49
14939	1.0	4.50793042955374e-135
14941	1.0	7.0893586052123705e-56
14942	1.0	0.0
14943	1.0	6.97629543549401e-101
14944	1.0	6.928681405538356e-187
14945	1.0	0.0
14946	1.0	5.57200411742315e-150
14947	1.0	1.7362254143811348e-43
14948	1.0	8.115309132726436e-91
14949	1.0	1.1356909502331126e-49
14950	0.9999999999999996	3.576504419509923e-16
14951	1.0	2.5844944447401774e-293
14952	1.0	3.2325140674735393e-81
14953	1.0	7.720098313259237e-191
14954	1.0	5.404014972840511e-185
14955	1.0	8.37839110664377e-44
14956	1.0	1.0784684453443438e-82
14957	1.0	1.0347903571148464e-199
14958	1.0	1.330439910057854e-271
14959	1.0	6.134442656607502e-109
14960	1.0	6.53301948342081e-198
14961	1.0	0.0
14962	1.0	1.271970704097121e-117
14963	1.0	0.0
14964	1.0	0.0
14965	1.0	0.0
14966	1.0	1.1046292367153413e-110
14967	1.0	0.0
14968	1.0	1.040033545558404e-127
14969	1.0	4.95527265375984e-264
14971	1.0	1.7014126856045446e-110
14972	1.0	1.4966465089595153e-128
14973	1.0	2.4402723704520363e-65
14974	1.0	6.304442714931004e-88
14975	1.0	1.4908918409305425e-92
14976	1.0	5.847296746062189e-55
14977	1.0	6.691168537054241e-130
14978	1.0	7.066392054114067e-59
14979	1.0	1.390508458359545e-61
14980	1.0	0.0
14981	4.007683111930692e-15	0.999999999999996
14982	4.405518410599149e-10	0.9999999995594482
14983	1.0	7.410660356969175e-193
14984	1.0	2.567225701156972e-73
14985	1.0	2.144338132663467e-196
14986	1.0	2.94470226925852e-29
14987	1.0	7.493981831339377e-217
14988	1.0	0.0
14989	1.0	2.1159486584710486e-206
14990	1.0	9.333221154287638e-29
14991	1.0	9.284160300117053e-33
14992	1.0	1.4762743913567656e-283
14993	1.0	0.0
14994	1.0	2.1345881522629303e-25
14995	1.0	1.0635929870946746e-97
14996	1.0	0.0
14997	1.0	7.93230364645219e-110
14998	1.0	0.0
14999	1.0	0.0
15001	1.0	7.215386611583501e-70
15002	1.0	2.0787369500327505e-71
15003	1.0	7.035985229981326e-67
15004	1.0	1.3493177627606297e-46
15005	1.0	4.389617017059934e-101
15006	1.0	0.0
15007	1.0	1.199684138489263e-39
15008	1.0	1.4669632798966528e-73
15009	1.0	4.960378729154623e-97
15010	1.0	4.730380892975386e-41
15011	1.0	1.1186538994653008e-213
15012	1.0	8.945214586854358e-49
15013	1.0	0.0
15014	1.0	1.81207402502137e-43
15015	1.0	0.0
15016	1.0	1.9469692414332326e-87
15017	1.0	2.3161413693527484e-202
15018	0.9999999783601468	2.1639853153686436e-08
15019	1.0	0.0
15020	1.0	3.440384288985295e-249
15021	1.0	0.0
15022	1.0	2.578351154868135e-84
15023	1.0	1.0305147665029217e-143
15024	1.0	0.0
15025	1.0	9.314537961282853e-193
15026	1.0	6.219087549793346e-61
15027	0.9999999999999993	5.906296172926955e-16
15028	1.0	5.243009031149449e-196
15029	1.0	7.269796708226829e-28
15031	1.0	1.6494208403994154e-304
15032	1.0	0.0
15033	1.0	0.0
15034	1.0	0.0
15035	1.0	8.71358934168285e-173
15036	1.0	0.0
15037	1.0	0.0
15038	1.0	7.50760731548045e-236
15039	0.999999999999972	2.7935349017628258e-14
15040	1.0	0.0
15041	3.681979788262587e-88	1.0
15042	3.0449264212695463e-56	1.0
15043	6.897208922707909e-64	1.0
15044	0.0	1.0
15045	8.181128886848135e-237	1.0
15046	5.029627180740711e-86	1.0
15047	6.587462428410732e-100	1.0
15048	1.7077161114963913e-58	1.0
15049	4.328668184262111e-307	1.0
15050	5.476308549617779e-96	1.0
15051	4.7255904027609774e-151	1.0
15052	1.2939275554806735e-19	1.0
15053	1.771054331796816e-113	1.0
15054	7.240998451577821e-64	1.0
15055	1.4168204735753345e-110	1.0
15056	0.0	1.0
15057	0.0	1.0
15058	1.8951069709567113e-66	1.0
15059	3.339216798325503e-170	1.0
15061	7.750524275164486e-58	1.0
15062	5.453057853728738e-289	1.0
15063	3.373869866677967e-102	1.0
15064	1.2088722864898305e-101	1.0
15065	4.451330388108718e-105	1.0
15066	8.473419185487584e-40	1.0
15067	7.968817820452567e-223	1.0
15068	1.9231694321987656e-86	1.0
15069	9.159856579006926e-104	1.0
15070	1.8287700920598378e-39	1.0
15071	8.919153280322838e-77	1.0
15072	1.3702961405366295e-71	1.0
15073	2.485530516307987e-83	1.0
15074	4.2430681591934855e-133	1.0
15075	1.1005708181462644e-43	1.0
15076	4.390759914135544e-97	1.0
15077	2.48692091777468e-56	1.0
15078	0.0	1.0
15079	1.0831994927456062e-164	1.0
15080	4.90278037732245e-128	1.0
15081	5.867238139689864e-93	1.0
15082	0.0	1.0
15083	4.63213621655888e-53	1.0
15084	1.1241068086906112e-52	1.0
15085	0.0	1.0
15086	4.0325914171127423e-187	1.0
15087	1.8743579557723727e-156	1.0
15088	9.775041769018575e-44	1.0
15089	0.0	1.0
15091	4.702561405599952e-239	1.0
15092	1.0788449515023895e-55	1.0
15093	0.0007429535229171356	0.9992570464770828
15094	1.0847290761544895e-110	1.0
15095	3.813339494633823e-167	1.0
15096	0.0	1.0
15097	2.9205028521372155e-146	1.0
15098	5.6010193571357914e-101	1.0
15099	1.8506999268190026e-42	1.0
15100	7.175336255532138e-231	1.0
15101	6.090823294806052e-143	1.0
15102	4.855888390759671e-19	1.0
15103	4.961672694991178e-07	0.9999995038327304
15104	2.0287609559391548e-45	1.0
15105	3.3443077126566406e-39	1.0
15106	0.0	1.0
15107	0.0	1.0
15108	0.0	1.0
15109	1.132277268649996e-175	1.0
15110	3.303319239657403e-154	1.0
15111	1.1996488609342477e-138	1.0
15112	2.9920164862240558e-40	1.0
15113	4.64306073153115e-24	1.0
15114	1.0782834252849367e-57	1.0
15115	2.2340260970422497e-19	1.0
15116	4.0837092118193123e-32	1.0
15117	4.72801840265533e-104	1.0
15118	3.0507325165552373e-30	1.0
15119	1.0820012134924076e-142	1.0
15121	1.1647875649303397e-143	1.0
15122	3.17151155353662e-18	1.0
15123	4.6650544096153884e-120	1.0
15124	3.0276990113432575e-41	1.0
15125	2.074397057013007e-40	1.0
15126	2.5313445728108338e-130	1.0
15127	8.202409472367183e-30	1.0
15128	1.6772369425002137e-163	1.0
15129	2.1647570368833868e-10	0.9999999997835243
15130	1.6418284011784596e-41	1.0
15131	4.497760490234374e-134	1.0
15132	1.4838694303882874e-19	1.0
15133	2.7919454736534552e-105	1.0
15134	6.159014920010697e-138	1.0
15135	6.162740068700958e-38	1.0
15136	0.0	1.0
15137	2.3099949355425664e-26	1.0
15138	9.571801656576402e-53	1.0
15139	3.588740613045917e-79	1.0
15140	1.9469612881023318e-198	1.0
15141	4.4518481567981427e-122	1.0
15142	1.5216989279388696e-25	1.0
15143	0.0	1.0
15144	0.0	1.0
15145	3.741484433988434e-25	1.0
15146	3.992766731157929e-241	1.0
15147	0.0	1.0
15148	0.0	1.0
15149	1.6110693891812132e-145	1.0
15151	1.0395414911266704e-259	1.0
15152	4.2706447421910356e-102	1.0
15153	0.0	1.0
15154	7.844031518501873e-223	1.0
15155	1.080529078418498e-128	1.0
15156	4.084340583922962e-108	1.0
15157	0.0	1.0
15158	7.436616076273019e-47	1.0
15159	0.0	1.0
15160	5.530300378711854e-63	1.0
15161	2.1808901595263663e-216	1.0
15162	1.7403019976199989e-292	1.0
15163	1.280927109969685e-167	1.0
15164	1.3793721005253886e-97	1.0
15165	6.646943156620352e-27	1.0
15166	0.00027029716684349845	0.9997297028331564
15167	4.464242996400001e-140	1.0
15168	9.54597801562298e-276	1.0
15169	6.284194644146925e-57	1.0
15170	1.374706606096129e-67	1.0
15171	4.330519214546163e-102	1.0
15172	6.625846983653381e-53	1.0
15173	0.0	1.0
15174	0.0	1.0
15175	0.0	1.0
15176	1.8524601605732817e-170	1.0
15177	1.100255548458604e-47	1.0
15178	2.3385496358600145e-47	1.0
15179	0.0	1.0
15181	1.090017573617653e-168	1.0
15182	3.818787278075382e-181	1.0
15183	8.795772396391188e-158	1.0
15184	9.756519486628608e-44	1.0
15185	0.0	1.0
15186	1.4954238776966743e-29	1.0
15187	3.4889833972162446e-157	1.0
15188	0.0	1.0
15189	4.706544420829635e-64	1.0
15190	4.4e-323	1.0
15191	0.0	1.0
15192	8.403806828990572e-187	1.0
15193	1.0307877050918402e-108	1.0
15194	4.250007308038358e-197	1.0
15195	4.043701087320045e-163	1.0
15196	0.0	1.0
15197	4.833430769252513e-42	1.0
15198	1.0156589432423633e-76	1.0
15199	4.7977453266330855e-126	1.0
15200	1.0298342384787258e-172	1.0
15201	1.99189937e-316	1.0
15202	9.678173224700425e-45	1.0
15203	1.7775796481067253e-145	1.0
15204	0.0	1.0
15205	2.6299515766998713e-87	1.0
15206	1.3392196938661774e-46	1.0
15207	4.7052391402197573e-57	1.0
15208	1.594796057879652e-141	1.0
15209	8.748994478855712e-155	1.0
15211	3.891962379154345e-41	1.0
15212	4.0071470764802394e-67	1.0
15213	2.0013755302924963e-57	1.0
15214	5.470817420385183e-57	1.0
15215	3.1012774435158504e-175	1.0
15216	1.1962950318764815e-124	1.0
15217	4.68271757695407e-22	1.0
15218	6.665286748516321e-89	1.0
15219	4.220009119907681e-27	1.0
15220	0.07008707152322538	0.9299129284767745
15221	2.579262532662223e-46	1.0
15222	3.236845459814949e-162	1.0
15223	3.91982852046873e-16	0.9999999999999996
15224	5.709110783472257e-129	1.0
15225	0.0	1.0
15226	3.089344023165425e-226	1.0
15227	1.2681688291261164e-76	1.0
15228	4.606005775106224e-87	1.0
15229	3.070847770885886e-43	1.0
15230	3.4274662235638716e-164	1.0
15231	1.5057693103797358e-233	1.0
15232	2.763417940017343e-112	1.0
15233	0.0	1.0
15234	2.8817603236033274e-99	1.0
15235	1.075214581368418e-50	1.0
15236	2.4225440681488177e-78	1.0
15237	1.5861259057092004e-215	1.0
15238	1.5103981717063528e-187	1.0
15239	3.0444769311228957e-07	0.9999996955523068
15241	2.90536937975335e-101	1.0
15242	4.4804463930480974e-122	1.0
15243	4.617742817959218e-112	1.0
15244	2.0142843067308154e-168	1.0
15245	4.302430914272297e-87	1.0
15246	7.690642476807059e-175	1.0
15247	5.523041247744173e-256	1.0
15248	2.2587066420086194e-168	1.0
15249	1.2531800630961024e-96	1.0
15250	1.4990339359872895e-43	1.0
15251	2.300517990424844e-72	1.0
15252	1.8777438600672745e-56	1.0
15253	7.146044610806224e-32	1.0
15254	7.539220173714416e-56	1.0
15255	5.786845425746996e-93	1.0
15256	3.6377762818888048e-06	0.999996362223718
15257	2.4426703530218876e-63	1.0
15258	1.9536642999647773e-50	1.0
15259	7.66166371123997e-71	1.0
15260	0.0	1.0
15261	6.740819625810045e-99	1.0
15262	0.0	1.0
15263	7.121292226760586e-135	1.0
15264	7.6092064130395e-283	1.0
15265	1.0493029349012142e-83	1.0
15266	6.3913865605925556e-145	1.0
15267	1.2633376469052828e-30	1.0
15268	0.0	1.0
15269	1.2478418756811079e-133	1.0
15271	1.120618169694026e-90	1.0
15272	1.043817563469279e-74	1.0
15273	1.2192e-318	1.0
15274	5.403720268499626e-292	1.0
15275	1.3906240594767144e-42	1.0
15276	0.0	1.0
15277	0.0	1.0
15278	0.0	1.0
15279	2.924338970808804e-17	1.0
15280	1.563653354975284e-307	1.0
15281	2.8503e-320	1.0
15282	2.6287973541636823e-57	1.0
15283	7.652944636312262e-117	1.0
15284	7.357276823775376e-105	1.0
15285	5.151187207155586e-184	1.0
15286	7.76504563535039e-12	0.9999999999922349
15287	0.0	1.0
15288	2.375063344143272e-151	1.0
15289	9.81636413484171e-85	1.0
15290	5.146523163460142e-42	1.0
15291	4.5234725779370635e-11	0.9999999999547653
15292	2.158084028674911e-48	1.0
15293	4.817653484127619e-207	1.0
15294	0.0	1.0
15295	1.3356463784666049e-79	1.0
15296	6.379008823967246e-78	1.0
15297	2.4687092829099242e-226	1.0
15298	3.722289485822807e-05	0.9999627771051419
15299	1.2687842647312267e-125	1.0
15301	5.491344300167384e-144	1.0
15302	2.8015533718395107e-123	1.0
15303	3.3117083889881255e-78	1.0
15304	8.377321653732344e-44	1.0
15305	0.0	1.0
15306	4.024471702554854e-132	1.0
15307	3.007339244330249e-39	1.0
15308	1.5890643693273544e-109	1.0
15309	0.0	1.0
15310	4.1317956265373774e-173	1.0
15311	0.0	1.0
15312	4.552126328774066e-37	1.0
15313	6.034931421036661e-76	1.0
15314	2.146081905767277e-40	1.0
15315	7.4631782051865e-53	1.0
15316	4.087199728238566e-20	1.0
15317	4.3285922936159345e-71	1.0
15318	6.913754353707282e-81	1.0
15319	2.0195550522771934e-50	1.0
15320	6.543883434357544e-51	1.0
15321	5.990136473096791e-157	1.0
15322	1.0692992437967247e-23	1.0
15323	4.0405736647265176e-13	0.9999999999995959
15324	2.1440796967022612e-21	1.0
15325	6.834387591964031e-47	1.0
15326	0.0	1.0
15327	1.390401100092255e-36	1.0
15328	9.19190410453614e-52	1.0
15329	6.345928965330106e-76	1.0
15331	6.975908781876239e-74	1.0
15332	9.099960398921893e-206	1.0
15333	0.0	1.0
15334	0.0	1.0
15335	1.0032702896830734e-213	1.0
15336	1.4164150051012286e-78	1.0
15337	2.1860681230661377e-106	1.0
15338	1.64125351335533e-94	1.0
15339	1.850399247060911e-53	1.0
15340	1.8235144040666598e-65	1.0
15341	7.773093270002282e-32	1.0
15342	7.027402433463392e-60	1.0
15343	1.9573714499594546e-77	1.0
15344	1.1e-322	1.0
15345	6.48483073112322e-54	1.0
15346	0.0	1.0
15347	1.2634897087888245e-128	1.0
15348	1.23114987543361e-09	0.9999999987688502
15349	4.818894226672961e-54	1.0
15350	6.101239901504876e-82	1.0
15351	9.398800553113691e-92	1.0
15352	2.340374636e-315	1.0
15353	2.452015743825493e-38	1.0
15354	3.2928090617597773e-224	1.0
15355	4.0644835752945955e-30	1.0
15356	4.048989339080045e-45	1.0
15357	1.1019981231362375e-25	1.0
15358	7.517846194108114e-80	1.0
15359	5.778439644952012e-52	1.0
15361	2.8074397466279815e-61	1.0
15362	1.8024076562215328e-214	1.0
15363	9.447342347997513e-116	1.0
15364	1.8052416323203643e-53	1.0
15365	1.145002704269757e-37	1.0
15366	5.371761115789728e-78	1.0
15367	5.353689567589373e-83	1.0
15368	5.956718322298346e-150	1.0
15369	3.308050226702418e-37	1.0
15370	2.1431614502889766e-21	1.0
15371	1.678916683471687e-172	1.0
15372	9.38720940144681e-56	1.0
15373	0.0	1.0
15374	1.685336976857938e-09	0.999999998314663
15375	1.4493455577972753e-78	1.0
15376	4.606790113687657e-96	1.0
15377	1.6726133116991662e-83	1.0
15378	1.0122611624070102e-41	1.0
15379	1.481276335602238e-103	1.0
15380	6.420519715494069e-37	1.0
15381	5.290589867465201e-30	1.0
15382	2.2210238129703217e-223	1.0
15383	1.7199879540336502e-48	1.0
15384	5.24491554913959e-143	1.0
15385	4.94585378760176e-167	1.0
15386	7.306091295727095e-45	1.0
15387	6.941977830295457e-16	0.9999999999999993
15388	1.0142019909004846e-49	1.0
15389	1.4759579474898867e-79	1.0
15391	2.910027076834018e-70	1.0
15392	3.045482066252838e-79	1.0
15393	1.056839714343291e-59	1.0
15394	1.0815286802409647e-93	1.0
15395	1.2574370330238703e-45	1.0
15396	1.2568166940953944e-66	1.0
15397	1.6899997325605523e-30	1.0
15398	3.271399816635969e-37	1.0
15399	1.8011902903337808e-221	1.0
15400	1.2312972413406723e-54	1.0
15401	2.8314488537397973e-22	1.0
15402	3.171392876536409e-16	0.9999999999999998
15403	0.0	1.0
15404	0.0	1.0
15405	2.5232078271095904e-38	1.0
15406	8.674662874756146e-168	1.0
15407	0.0	1.0
15408	9.674546051961921e-82	1.0
15409	0.0	1.0
15410	3.3958389227567417e-76	1.0
15411	4.053806532948856e-24	1.0
15412	2.228785819735473e-124	1.0
15413	7.1464357538134905e-40	1.0
15414	2.5535831453657496e-53	1.0
15415	8.73823380427113e-130	1.0
15416	1.85472031374337e-48	1.0
15417	0.0	1.0
15418	2.262899253904718e-86	1.0
15419	2.3846400165768337e-203	1.0
15421	6.430207502158968e-44	1.0
15422	1.523172262920905e-75	1.0
15423	5.611031532569132e-88	1.0
15424	3.9286882728826904e-83	1.0
15425	1.1197691508216527e-36	1.0
15426	2.618167195876622e-66	1.0
15427	1.8984640144097717e-45	1.0
15428	1.6798338925985686e-47	1.0
15429	2.3703993133490893e-20	1.0
15430	5e-324	1.0
15431	5.718332504696892e-66	1.0
15432	1.6615661839919582e-13	0.9999999999998339
15433	9.754371323586124e-147	1.0
15434	1.4810178662944529e-173	1.0
15435	1.3401889248127246e-65	1.0
15436	0.0	1.0
15437	7.027652227705241e-53	1.0
15438	5.2516626436328974e-42	1.0
15439	6.286202748148995e-250	1.0
15440	7.67930671856706e-79	1.0
15441	1.123505690496035e-103	1.0
15442	3.6384230855130925e-149	1.0
15443	1.777560339960732e-18	1.0
15444	3.4163343194225197e-68	1.0
15445	1.383163597765897e-11	0.9999999999861684
15446	6.818244799876127e-55	1.0
15447	4.252260379137012e-62	1.0
15448	1.6620297239184336e-151	1.0
15449	0.0	1.0
15451	4.0228655255876287e-100	1.0
15452	1.6468496968947748e-44	1.0
15453	5.0284299664428115e-90	1.0
15454	2.45627197197714e-180	1.0
15455	0.0	1.0
15456	1.290552537041754e-165	1.0
15457	4.298712504315328e-57	1.0
15458	2.695823736545701e-59	1.0
15459	7.580855580377069e-78	1.0
15460	1.2602870576416677e-91	1.0
15461	6.717095052035619e-91	1.0
15462	1.686448793112355e-150	1.0
15463	1.4563207066075418e-52	1.0
15464	5.2617495765431825e-34	1.0
15465	1.6971304834232664e-55	1.0
15466	8.425219415208236e-87	1.0
15467	1.951786114144929e-85	1.0
15468	3.864189882150385e-108	1.0
15469	1.9153793015836234e-54	1.0
15470	1.181715618590679e-41	1.0
15471	2.0920942768689694e-46	1.0
15472	4.470730494943982e-50	1.0
15473	2.3618604114267068e-77	1.0
15474	5.894793358490287e-264	1.0
15475	1.417108126005974e-83	1.0
15476	7.589327561651914e-97	1.0
15477	5.020144303730117e-84	1.0
15478	3.6705971137512807e-228	1.0
15479	4.752166237584305e-39	1.0
15481	1.661594759940077e-25	1.0
15482	2.052759325282861e-160	1.0
15483	3.1253690666628883e-52	1.0
15484	7.713150002554733e-88	1.0
15485	1.1530205353999533e-116	1.0
15486	1.25102319775439e-187	1.0
15487	2.7776564420655243e-120	1.0
15488	0.0	1.0
15489	1.638524624605379e-211	1.0
15490	4.182354903027525e-296	1.0
15491	1.2331159550370657e-56	1.0
15492	4.766936534007866e-56	1.0
15493	0.0	1.0
15494	4.609290993892919e-33	1.0
15495	1.78724703348547e-46	1.0
15496	7.453817719065734e-135	1.0
15497	3.1021680642006995e-50	1.0
15498	6.90912968707394e-32	1.0
15499	0.0	1.0
15500	1.2349914135119534e-134	1.0
15501	5.218760594949904e-211	1.0
15502	1.1146523164623877e-115	1.0
15503	1.0851431137946894e-99	1.0
15504	3.335878096053358e-92	1.0
15505	1.6614973811756748e-96	1.0
15506	1.7161471692474444e-265	1.0
15507	4.502194581168164e-206	1.0
15508	0.0	1.0
15509	0.0	1.0
15511	9e-322	1.0
15512	0.0	1.0
15513	2.4098354957995914e-137	1.0
15514	4.471258224542168e-82	1.0
15515	5.440806827063701e-88	1.0
15516	9.792581158516657e-36	1.0
15517	1.2134413813494637e-94	1.0
15518	2.284002699411034e-65	1.0
15519	1.994782749927632e-40	1.0
15520	2.6888955329985756e-61	1.0
15521	0.0	1.0
15522	2.0085644479082388e-202	1.0
15523	4.4187200269791176e-23	1.0
15524	1.0847808519741279e-42	1.0
15525	3.750445086366001e-102	1.0
15526	0.0	1.0
15527	0.0	1.0
15528	2.1179311420075314e-129	1.0
15529	8.64690090987882e-109	1.0
15530	0.007269968296386084	0.9927300317036138
15531	1.0474714215648769e-42	1.0
15532	5.323073097702815e-145	1.0
15533	7.64412565363729e-188	1.0
15534	5.023418963252945e-49	1.0
15535	1.0949642586626807e-52	1.0
15536	7.864299510940547e-308	1.0
15537	4.190350498510492e-44	1.0
15538	8.135014276216818e-153	1.0
15539	1.8346814285162288e-86	1.0
15541	8.685479043718358e-90	1.0
15542	0.0	1.0
15543	1.3383902506293206e-07	0.9999998661609749
15544	2.965377049654388e-137	1.0
15545	1.9303660566587484e-141	1.0
15546	2.5240678311268848e-42	1.0
15547	4.2405369626321616e-167	1.0
15548	2.3469512036653406e-164	1.0
15549	1.0110241424366034e-183	1.0
15550	1.4521655417353218e-55	1.0
15551	5.057649979831044e-53	1.0
15552	0.0	1.0
15553	2.738857353148474e-34	1.0
15554	5.378990707568155e-52	1.0
15555	2.506093850744925e-74	1.0
15556	1.7883477275390737e-65	1.0
15557	1.637281656840078e-44	1.0
15558	0.0	1.0
15559	2.997801930330253e-244	1.0
15560	2.532820287540737e-157	1.0
15561	2.510427078389495e-170	1.0
15562	3.3062260582890404e-174	1.0
15563	3.83586756693232e-37	1.0
15564	3.016698987255002e-74	1.0
15565	4.205195945567511e-112	1.0
15566	2.963728997724044e-70	1.0
15567	2.6563458049771636e-51	1.0
15568	7.983042380896351e-158	1.0
15569	3.464132009735947e-21	1.0
15571	2.353218171286609e-225	1.0
15572	7.373631932679243e-292	1.0
15573	3.0861170125914904e-59	1.0
15574	2.1728649611971086e-193	1.0
15575	6.51426260106317e-162	1.0
15576	1.8404783283703748e-50	1.0
15577	1.4682342156400062e-11	0.9999999999853177
15578	6.258013555665722e-150	1.0
15579	3.905125599819677e-50	1.0
15580	1.6639803361394981e-35	1.0
15581	5.822401993905348e-104	1.0
15582	7.802480859601792e-43	1.0
15583	1.0756723914549812e-41	1.0
15584	3.778691619269659e-132	1.0
15585	6.4357561346189945e-78	1.0
15586	6.478233217514745e-66	1.0
15587	4.123599330866253e-134	1.0
15588	1.6019320099312465e-38	1.0
15589	8.654419482460097e-72	1.0
15590	1.9740086602498205e-54	1.0
15591	5.372780412763076e-62	1.0
15592	2.1731101652116545e-47	1.0
15593	6.105863649727009e-45	1.0
15594	1.4361197750943504e-144	1.0
15595	2.069680041823977e-45	1.0
15596	3.5891968113573306e-288	1.0
15597	7.885087340569418e-270	1.0
15598	1.0056987136017393e-70	1.0
15599	1.252519858340267e-187	1.0
15601	4.751447679764725e-90	1.0
15602	3.5851986359884766e-12	0.9999999999964149
15603	7.918691665501964e-187	1.0
15604	2.006667043579111e-25	1.0
15605	4.596872375874668e-149	1.0
15606	1.8332933059883423e-122	1.0
15607	2.455274925569439e-125	1.0
15608	4.5959630210252106e-88	1.0
15609	3.0736040725159753e-81	1.0
15610	1.3918753268872914e-152	1.0
15611	3.228763076410478e-70	1.0
15612	2.6605359832755478e-120	1.0
15613	4.25761186230386e-49	1.0
15614	6.563300102002426e-58	1.0
15615	4.4791254156781535e-60	1.0
15616	1.34184379469664e-54	1.0
15617	0.0	1.0
15618	2.4658904166905257e-71	1.0
15619	2.2192389886622427e-83	1.0
15620	5.649823215491871e-51	1.0
15621	9.04400040673589e-63	1.0
15622	5.487622545220572e-46	1.0
15623	1.4245961643019245e-96	1.0
15624	1.8101778787859327e-111	1.0
15625	1.5890220732753802e-81	1.0
15626	1.7183646010954048e-152	1.0
15627	3.77062666185399e-53	1.0
15628	6.284526423553131e-91	1.0
15629	1.2106171637352648e-153	1.0
15631	6.58629114109697e-66	1.0
15632	1.2271274411946455e-102	1.0
15633	3.5497922380663467e-190	1.0
15634	1.4262510641240784e-43	1.0
15635	1.5246810221822295e-41	1.0
15636	3.226179584160504e-16	0.9999999999999998
15637	4.256382128803208e-44	1.0
15638	7.96503137687235e-107	1.0
15639	8.232753226673551e-122	1.0
15640	1.394996093410323e-43	1.0
15641	1.566747893659731e-50	1.0
15642	0.0	1.0
15643	0.0	1.0
15644	0.0	1.0
15645	2.4270324733117853e-99	1.0
15646	1.4223799747655563e-144	1.0
15647	7.414994271539695e-209	1.0
15648	4.102073782476598e-41	1.0
15649	1.0491397884363893e-130	1.0
15650	3.7409240770746067e-125	1.0
15651	8.336817845554893e-131	1.0
15652	2.7078140283346986e-116	1.0
15653	4.106806532829812e-58	1.0
15654	0.0	1.0
15655	1.0840601779398517e-301	1.0
15656	6.615128829610887e-158	1.0
15657	5.7262607789954986e-68	1.0
15658	4.958318484868012e-223	1.0
15659	2.2284686800167484e-36	1.0
15661	0.0	1.0
15662	2.5303472576806062e-82	1.0
15663	5.998982929681611e-109	1.0
15664	0.0	1.0
15665	7.44044491968719e-68	1.0
15666	8.130139698956828e-127	1.0
15667	2.121953871258599e-79	1.0
15668	1.4575422096286813e-75	1.0
15669	5.405329019656642e-102	1.0
15670	1.332785965748026e-221	1.0
15671	1.3529535877045414e-38	1.0
15672	5.122439886883494e-46	1.0
15673	6.89198581575866e-255	1.0
15674	0.8739201589931276	0.12607984100687247
15675	0.0	1.0
15676	0.0	1.0
15677	8.862157560564165e-34	1.0
15678	7.614224525425806e-42	1.0
15679	1.126500542910135e-22	1.0
15680	7.06744162e-316	1.0
15681	0.0	1.0
15682	1.2574282536992812e-34	1.0
15683	2.4224369000352067e-256	1.0
15684	1.3904518615911775e-209	1.0
15685	0.0	1.0
15686	0.0	1.0
15687	0.0	1.0
15688	0.0	1.0
15689	0.0	1.0
15691	5.291160318215621e-132	1.0
15692	3.0913267644176337e-56	1.0
15693	2.9738766251163207e-66	1.0
15694	1.0258869265316918e-28	1.0
15695	1.533189427158125e-46	1.0
15696	0.0	1.0
15697	2.7772427428245147e-78	1.0
15698	2.097363310157594e-225	1.0
15699	8.657253107664193e-42	1.0
15700	1.1106885635465951e-218	1.0
15701	4.0830442547485633e-69	1.0
15702	6.361209540427853e-107	1.0
15703	0.0	1.0
15704	2.4094320875033675e-15	0.9999999999999976
15705	1.3665973375831196e-143	1.0
15706	1.9788214287827518e-268	1.0
15707	1.47866600517194e-87	1.0
15708	5.621343943372042e-14	0.9999999999999438
15709	3.555280273009588e-120	1.0
15710	1.0201050873984625e-292	1.0
15711	0.0	1.0
15712	4.393898067946305e-47	1.0
15713	1.4381543351891491e-182	1.0
15714	2.6084026382977655e-50	1.0
15715	2.2126631928336022e-153	1.0
15716	6.598784718113742e-130	1.0
15717	0.0	1.0
15718	0.0	1.0
15719	0.0	1.0
15721	6.717012690899009e-125	1.0
15722	3.95307428309755e-122	1.0
15723	1.8549999861281076e-60	1.0
15724	4.1844138747550687e-215	1.0
15725	0.0	1.0
15726	0.0	1.0
15727	2.8515511474349426e-46	1.0
15728	5.8502095060130996e-298	1.0
15729	4.955326254415411e-158	1.0
15730	1.3998636448808347e-145	1.0
15731	0.0	1.0
15732	0.0	1.0
15733	0.0	1.0
15734	0.0	1.0
15735	0.0	1.0
15736	9.055884593992551e-54	1.0
15737	1.312264121375992e-57	1.0
15738	4.570551925690446e-37	1.0
15739	7.093334978772463e-87	1.0
15740	2.6953149771834715e-163	1.0
15741	2.6189108241115034e-58	1.0
15742	4.918286613365273e-105	1.0
15743	0.0	1.0
15744	0.0	1.0
15745	0.0	1.0
15746	2.5169263748592834e-146	1.0
15747	6.12599045059518e-134	1.0
15748	1.9866481239126474e-68	1.0
15749	1.0887260204856726e-63	1.0
15751	9.55930070449062e-18	1.0
15752	8.236818432722937e-155	1.0
15753	0.0	1.0
15754	0.0	1.0
15755	0.0	1.0
15756	0.0	1.0
15757	2.28612284175413e-84	1.0
15758	4.161569763635819e-123	1.0
15759	5.840614786958491e-175	1.0
15760	1.1163466385992353e-213	1.0
15761	1.1231677728542423e-30	1.0
15762	6.78656176579186e-116	1.0
15763	4.508813670865184e-28	1.0
15764	0.0	1.0
15765	2.5037349188375173e-148	1.0
15766	2.410066384495513e-144	1.0
15767	5.925554276371469e-144	1.0
15768	5.511876100745708e-130	1.0
15769	2.270043690157819e-74	1.0
15770	1.5440117360415782e-105	1.0
15771	4.11228418615449e-220	1.0
15772	0.0	1.0
15773	7.144441679736507e-39	1.0
15774	2.264306868618622e-96	1.0
15775	6.959576855168538e-141	1.0
15776	0.0	1.0
15777	6.018473926246195e-179	1.0
15778	0.0	1.0
15779	0.0	1.0
15781	2.2783964662115946e-145	1.0
15782	3.8177148774555535e-183	1.0
15783	2.5212200804854444e-43	1.0
15784	1.3756229941693554e-32	1.0
15785	3.842649494757774e-24	1.0
15786	9.497507290781231e-53	1.0
15787	2.6459167343819394e-298	1.0
15788	7.956467014104381e-47	1.0
15789	1.0892751465742685e-118	1.0
15790	4.447242430346882e-51	1.0
15791	7.563224930494011e-45	1.0
15792	0.0	1.0
15793	8.323670659141246e-100	1.0
15794	8.195260714181549e-61	1.0
15795	4.419914821799734e-64	1.0
15796	5.658917600411611e-65	1.0
15797	4.784993657830756e-160	1.0
15798	5.6765918362953535e-115	1.0
15799	0.0	1.0
15800	0.0	1.0
15801	1.692785533326135e-184	1.0
15802	5.798573948200718e-148	1.0
15803	3.5858093179939934e-39	1.0
15804	4.868490902797193e-42	1.0
15805	3.63676799467089e-57	1.0
15806	0.0	1.0
15807	1.1491618266297907e-151	1.0
15808	2.8551215335884924e-53	1.0
15809	4.3086339209164803e-213	1.0
15811	0.0	1.0
15812	6.837254901648255e-52	1.0
15813	1.4083647902329014e-155	1.0
15814	0.0	1.0
15815	0.0	1.0
15816	9.116750530937585e-52	1.0
15817	2.5816892516910752e-263	1.0
15818	0.01714091548663965	0.9828590845133603
15819	1.3980352653350955e-07	0.9999998601964735
15820	8.598177946078013e-06	0.9999914018220539
15821	1.863258680219453e-64	1.0
15822	2.6558548898528294e-43	1.0
15823	1.1259907163561339e-243	1.0
15824	1.0209989637880764e-39	1.0
15825	0.0	1.0
15826	2.696622410305415e-133	1.0
15827	3.686472892894911e-36	1.0
15828	8.59918262526549e-36	1.0
15829	2.769752080518745e-41	1.0
15830	1.0490921387691766e-36	1.0
15831	0.0002341866285940088	0.999765813371406
15832	9.368495962747861e-34	1.0
15833	8.180490849852174e-221	1.0
15834	2.905354549652197e-17	1.0
15835	0.0	1.0
15836	0.0	1.0
15837	0.0	1.0
15838	3.3356635890020185e-88	1.0
15839	4.699148694138128e-29	1.0
15841	3.8197696194415736e-56	1.0
15842	9.364116895828927e-57	1.0
15843	2.2811668054490853e-55	1.0
15844	4.74919189889221e-63	1.0
15845	7.003318477139566e-185	1.0
15846	9.756006293483e-311	1.0
15847	2.61733297128752e-224	1.0
15848	1.6775948871992872e-41	1.0
15849	0.0	1.0
15850	2.7401662353228162e-149	1.0
15851	5.604627413863356e-119	1.0
15852	2.8483079187221117e-50	1.0
15853	2.9872671779577874e-93	1.0
15854	6.721406726694923e-90	1.0
15855	4.2857540584187883e-222	1.0
15856	2.3713601185526027e-47	1.0
15857	1.098405235896535e-50	1.0
15858	3.0590945450882162e-130	1.0
15859	0.0	1.0
15860	1.0815959342259205e-32	1.0
15861	1.6212247124341067e-14	0.9999999999999838
15862	0.0	1.0
15863	8.564692056572482e-104	1.0
15864	7.258045021323621e-19	1.0
15865	1.9945093626294651e-146	1.0
15866	6.496238044323883e-146	1.0
15867	9.107814681855385e-179	1.0
15868	5.979015651941137e-48	1.0
15869	1.093568938409194e-66	1.0
15871	1.8803733471391822e-65	1.0
15872	1.1324466654515473e-62	1.0
15873	5.314574444562355e-82	1.0
15874	5.702316050036245e-42	1.0
15875	8.745643253006575e-211	1.0
15876	2.0502321604939532e-212	1.0
15877	1.4530883581706343e-56	1.0
15878	5.5668696442596235e-39	1.0
15879	2.113983880105609e-69	1.0
15880	1.2042864240189714e-36	1.0
15881	0.0	1.0
15882	3.0378912039905457e-61	1.0
15883	1.6087519256699834e-101	1.0
15884	5.03922814405035e-73	1.0
15885	2.596509772853351e-68	1.0
15886	4.0139564008594464e-33	1.0
15887	4.487915168166612e-87	1.0
15888	9.81216863879814e-59	1.0
15889	4.917860006660565e-210	1.0
15890	6.348633052609073e-59	1.0
15891	6.57295229568876e-62	1.0
15892	1.9084105933976254e-145	1.0
15893	2.3006005207516055e-190	1.0
15894	1.3281052898649688e-148	1.0
15895	3.5617462386093804e-270	1.0
15896	4.626886029381395e-59	1.0
15897	1.189351372958226e-113	1.0
15898	1.5538822995923705e-64	1.0
15899	3.1543036977405483e-256	1.0
15901	6.035304266393469e-127	1.0
15902	7.65328641959775e-135	1.0
15903	1.313989234952628e-125	1.0
15904	1.7587219090628185e-54	1.0
15905	0.0	1.0
15906	1.4199155466469775e-71	1.0
15907	2.5747699309738297e-62	1.0
15908	2.5263910204251608e-210	1.0
15909	7.980385540694372e-40	1.0
15910	6.006808124079931e-210	1.0
15911	3.4144731990965017e-72	1.0
15912	1.8127696900255954e-68	1.0
15913	1.19465446183672e-67	1.0
15914	0.0	1.0
15915	2.4006170768087545e-58	1.0
15916	7.155487224829855e-68	1.0
15917	7.498536895720365e-35	1.0
15918	1.6607257274418639e-298	1.0
15919	6.294238079655956e-32	1.0
15920	0.0005718403171876582	0.9994281596828123
15921	5.138691825079442e-05	0.9999486130817491
15922	0.0	1.0
15923	7.799785036730446e-55	1.0
15924	1.242893242286208e-37	1.0
15925	4.30803226633704e-93	1.0
15926	7.540802546271025e-97	1.0
15927	3.8990925063154074e-114	1.0
15928	1.203948256432963e-49	1.0
15929	6.658530368737095e-49	1.0
15931	0.0	1.0
15932	6.074716997007387e-36	1.0
15933	6.114753264909993e-34	1.0
15934	0.0	1.0
15935	3.169105214201916e-72	1.0
15936	3.3770507189353463e-77	1.0
15937	3.826703458868177e-68	1.0
15938	1.28460209242226e-50	1.0
15939	9.8884397855894e-86	1.0
15940	0.0	1.0
15941	1.3474878838648358e-37	1.0
15942	2.7784613559666684e-52	1.0
15943	0.0	1.0
15944	2.3931092970021617e-121	1.0
15945	1.9894825009521778e-57	1.0
15946	1.2565801729016618e-80	1.0
15947	4.082910096190222e-227	1.0
15948	0.0	1.0
15949	0.0	1.0
15950	3.908029492636242e-67	1.0
15951	4.864699629689243e-52	1.0
15952	1.456634340584317e-26	1.0
15953	5.48778295412231e-192	1.0
15954	1.0035317896893695e-235	1.0
15955	0.0	1.0
15956	4.244902114042701e-59	1.0
15957	8.247792746971539e-52	1.0
15958	5.0778342388782154e-79	1.0
15959	4.538892464657092e-13	0.9999999999995461
15961	0.0	1.0
15962	1.914684503382696e-251	1.0
15963	1.0732497051916823e-223	1.0
15964	1.80675941042964e-120	1.0
15965	3.118294944054334e-33	1.0
15966	1.2348832573747691e-54	1.0
15967	0.0	1.0
15968	3.2065734442179536e-94	1.0
15969	2.1293866442171945e-38	1.0
15970	7.297118142308885e-09	0.9999999927028818
15971	4.9087832090917176e-11	0.9999999999509122
15972	8.768006178394259e-152	1.0
15973	6.393685252653545e-88	1.0
15974	0.0	1.0
15975	0.0	1.0
15976	3.313498293399709e-81	1.0
15977	6.879654749737308e-47	1.0
15978	1.261546300275113e-219	1.0
15979	7.63915360420999e-14	0.9999999999999236
15980	1.0267401660103509e-154	1.0
15981	1.871118639603313e-44	1.0
15982	1.1432268679798867e-260	1.0
15983	4.513471471151946e-113	1.0
15984	1.5596951965553986e-100	1.0
15985	0.0	1.0
15986	5.4324215020399133e-73	1.0
15987	5.592899028305342e-34	1.0
15988	2.3366391631199446e-115	1.0
15989	2.9476497155296433e-53	1.0
15991	3.829389126346658e-79	1.0
15992	1.542619862740571e-48	1.0
15993	2.974343333579217e-286	1.0
15994	5.590906818388777e-28	1.0
15995	2.5367659164301814e-126	1.0
15996	8.254810310318691e-80	1.0
15997	8.73730848135517e-37	1.0
15998	3.045003319542539e-180	1.0
15999	4.9609034306220774e-70	1.0
16000	0.0	1.0
16001	1.6965407615415894e-66	1.0
16002	1.2869148567624925e-253	1.0
16003	1.3232800376097276e-81	1.0
16004	5.342623653543462e-104	1.0
16005	5.295998377476401e-72	1.0
16006	0.0	1.0
16007	0.0	1.0
16008	0.0	1.0
16009	1.6675501393956314e-266	1.0
16010	1.2996848785868341e-219	1.0
16011	0.0	1.0
16012	5.970039404773158e-115	1.0
16013	1.4902134382403952e-193	1.0
16014	4.506599928665164e-31	1.0
16015	2.8656722865363693e-122	1.0
16016	6.2100413237124056e-130	1.0
16017	3.3154889561052177e-63	1.0
16018	8.416606350600363e-188	1.0
16019	3.151044631075582e-261	1.0
16021	5.015668268670656e-29	1.0
16022	1.5244406823439672e-141	1.0
16023	1.0294348993078781e-39	1.0
16024	5.7807665193299075e-70	1.0
16025	3.8134217262454555e-96	1.0
16026	2.018736414050286e-89	1.0
16027	9.808295e-318	1.0
16028	7.390613467417187e-69	1.0
16029	9.066844644038995e-29	1.0
16030	0.0	1.0
16031	0.0	1.0
16032	8.057086592931653e-81	1.0
16033	0.0	1.0
16034	4.205199414216569e-101	1.0
16035	6.813566214e-314	1.0
16036	1.5498282924510976e-69	1.0
16037	0.0	1.0
16038	1.379782850542436e-156	1.0
16039	1.2619373280359733e-31	1.0
16040	1.2883550550210728e-73	1.0
16041	0.0	1.0
16042	3.0711977496816262e-34	1.0
16043	1.1394825784948184e-133	1.0
16044	1.9535887668510116e-66	1.0
16045	2.6134303449278787e-10	0.999999999738657
16046	5.253999666360704e-64	1.0
16047	2.748863486418062e-111	1.0
16048	4.56887136301755e-51	1.0
16049	8.743095361109773e-115	1.0
16051	0.0	1.0
16052	6.287524645752969e-297	1.0
16053	4.064945665884078e-187	1.0
16054	2.234090772956806e-213	1.0
16055	4.247269155281661e-36	1.0
16056	3.426724913348208e-193	1.0
16057	3.3317966484359625e-260	1.0
16058	6.532663382131879e-92	1.0
16059	0.0	1.0
16060	3.591780845933929e-30	1.0
16061	7.118308896344849e-26	1.0
16062	0.0	1.0
16063	7.188816707693424e-30	1.0
16064	8.81694794035829e-103	1.0
16065	1.7506679968501626e-75	1.0
16066	8.07087193116465e-87	1.0
16067	3.6278158383355335e-252	1.0
16068	5.548251561686492e-169	1.0
16069	4.333080912220921e-155	1.0
16070	1.0100876538896004e-127	1.0
16071	9.27396222097897e-72	1.0
16072	9.212541240147778e-86	1.0
16073	1.5241501324599802e-54	1.0
16074	1.4250591433715507e-54	1.0
16075	2.086672582771618e-33	1.0
16076	0.0	1.0
16077	4.3540922637918755e-135	1.0
16078	3.033213802088709e-58	1.0
16079	2.6550472408258366e-50	1.0
16081	2.66189453986748e-86	1.0
16082	4.475214983232261e-218	1.0
16083	7.397919782707608e-57	1.0
16084	0.0	1.0
16085	2.2694327683708238e-122	1.0
16086	0.0	1.0
16087	3.568368438938836e-98	1.0
16088	0.0	1.0
16089	0.0	1.0
16090	1.5415818133733882e-29	1.0
16091	5.84015496043881e-20	1.0
16092	6.758962813619849e-53	1.0
16093	7.527996182839949e-114	1.0
16094	4.802400627666325e-36	1.0
16095	2.0678940250356917e-113	1.0
16096	4.9192069838133545e-144	1.0
16097	4.8555916450888446e-172	1.0
16098	0.0	1.0
16099	9.692394516923202e-233	1.0
16100	7.1706218e-317	1.0
16101	0.0	1.0
16102	0.0	1.0
16103	3.3898075590634477e-302	1.0
16104	5.708374256989483e-59	1.0
16105	8.959374545155982e-20	1.0
16106	8.125148552577834e-88	1.0
16107	4.50903223085251e-103	1.0
16108	3.6647099303574606e-89	1.0
16109	3.984044891823836e-94	1.0
16111	2.135518002137794e-223	1.0
16112	7.219369921729331e-106	1.0
16113	9.783497437804444e-55	1.0
16114	8.730324349936748e-23	1.0
16115	0.0	1.0
16116	0.0	1.0
16117	7.346584411948038e-99	1.0
16118	1.3276152703527465e-96	1.0
16119	1.6672146144261348e-56	1.0
16120	0.0	1.0
16121	1.4100223392425317e-191	1.0
16122	4.157550960819326e-64	1.0
16123	9.751953748190882e-07	0.9999990248046251
16124	9.641522564832135e-307	1.0
16125	4.901627074311141e-177	1.0
16126	2.015653454802358e-142	1.0
16127	2.347547828888118e-65	1.0
16128	0.0	1.0
16129	4.0137761825e-314	1.0
16130	8.389167692045358e-38	1.0
16131	2.6666320692895846e-41	1.0
16132	0.0	1.0
16133	8.137522989249846e-51	1.0
16134	1.4287402870918766e-250	1.0
16135	0.0	1.0
16136	1.9142099067628e-309	1.0
16137	4.947160398783627e-139	1.0
16138	0.0	1.0
16139	0.0	1.0
16141	2.6468812336917365e-245	1.0
16142	0.0	1.0
16143	0.0	1.0
16144	6.349713981369813e-253	1.0
16145	0.0	1.0
16146	0.0	1.0
16147	0.0	1.0
16148	9.584304554066046e-257	1.0
16149	2.2176799278970124e-66	1.0
16150	2.688371056100186e-63	1.0
16151	5.339063817184166e-35	1.0
16152	0.0	1.0
16153	2.3593338418124915e-65	1.0
16154	2.6925958015396334e-248	1.0
16155	1.838201475108539e-49	1.0
16156	7.19691899889259e-194	1.0
16157	4.5445213847917883e-243	1.0
16158	0.0	1.0
16159	9.514628286473702e-186	1.0
16160	1.8199522603801113e-257	1.0
16161	0.0	1.0
16162	0.0	1.0
16163	0.0	1.0
16164	1.2493005142169534e-66	1.0
16165	5.014899316825125e-65	1.0
16166	3.5580971165484636e-104	1.0
16167	3.1449836978305178e-34	1.0
16168	8.22679188545181e-148	1.0
16169	0.0	1.0
16171	4.5945885732212924e-67	1.0
16172	2.797063089511914e-148	1.0
16173	1.7229396762074946e-23	1.0
16174	5.116894959848951e-70	1.0
16175	6.705553103725381e-133	1.0
16176	7.301743789885567e-298	1.0
16177	2.957390521030457e-38	1.0
16178	5.246687098948563e-128	1.0
16179	7.831882492226561e-57	1.0
16180	2.1312659734343895e-240	1.0
16181	5.933535114058597e-251	1.0
16182	9.815494043523912e-236	1.0
16183	1.1332250818868999e-262	1.0
16184	2.6323957989877063e-208	1.0
16185	2.476932217860955e-113	1.0
16186	7.388008463324496e-306	1.0
16187	1.0404541969607474e-101	1.0
16188	7.475646758658996e-102	1.0
16189	2.685780710169843e-122	1.0
16190	0.0	1.0
16191	0.0	1.0
16192	5.0109089279322935e-254	1.0
16193	0.0	1.0
16194	4.41357584924559e-21	1.0
16195	6.186236338234733e-79	1.0
16196	5.803324104877023e-17	1.0
16197	3.569951290542474e-46	1.0
16198	0.0	1.0
16199	2.31977852639409e-53	1.0
16201	0.0	1.0
16202	5.49134469561816e-51	1.0
16203	1.25916041788544e-96	1.0
16204	6.827811529470718e-81	1.0
16205	5.939111918010532e-13	0.999999999999406
16206	4.787519611771499e-75	1.0
16207	0.0	1.0
16208	0.0	1.0
16209	0.0	1.0
16210	0.0	1.0
16211	2.4365841564436133e-68	1.0
16212	3.7993948621893645e-83	1.0
16213	2.6528397284223644e-213	1.0
16214	0.0	1.0
16215	3.575315001479317e-120	1.0
16216	0.0	1.0
16217	3.7585544775763783e-193	1.0
16218	3.004887773633305e-270	1.0
16219	2.0984409748850734e-98	1.0
16220	4.8891191088875496e-60	1.0
16221	0.0	1.0
16222	1.179202056316329e-60	1.0
16223	1.6043342563914805e-124	1.0
16224	2.4458737302797698e-104	1.0
16225	1.1243807840733607e-276	1.0
16226	1.0747262498370347e-43	1.0
16227	2.572095667776134e-286	1.0
16228	1.2995371379694934e-87	1.0
16229	2.7561387673473823e-75	1.0
16231	2.099600221169512e-55	1.0
16232	6.58169983882426e-51	1.0
16233	6.298630609613632e-162	1.0
16234	0.0	1.0
16235	5.316291126745114e-75	1.0
16236	7.409312780738357e-82	1.0
16237	2.0599291164303768e-53	1.0
16238	2.2636463981155053e-308	1.0
16239	2.6147367957279995e-88	1.0
16240	8.338552693495815e-75	1.0
16241	8.22031083353254e-111	1.0
16242	7.620173826186816e-97	1.0
16243	2.269977716801386e-06	0.9999977300222831
16244	4.544755302349749e-50	1.0
16245	1.0214973207068572e-121	1.0
16246	0.0	1.0
16247	0.0	1.0
16248	8.117737720095231e-64	1.0
16249	1.8779327235616172e-82	1.0
16250	0.0	1.0
16251	0.0	1.0
16252	0.0	1.0
16253	0.0	1.0
16254	2.6648713518383244e-226	1.0
16255	1.495532736044828e-221	1.0
16256	3.835511745134613e-145	1.0
16257	8.359128372686463e-79	1.0
16258	2.4393135911468423e-143	1.0
16259	0.0	1.0
16261	0.0	1.0
16262	2.862654313918955e-58	1.0
16263	1.4170605491417018e-58	1.0
16264	1.7002775769350426e-31	1.0
16265	1.3590699789146228e-141	1.0
16266	5.269923357451333e-106	1.0
16267	8.349771194109915e-71	1.0
16268	5.913139475987167e-69	1.0
16269	0.0	1.0
16270	2.6075322509591024e-164	1.0
16271	3.517486107884119e-131	1.0
16272	3.727711251345175e-151	1.0
16273	0.0	1.0
16274	0.0	1.0
16275	1.4847290308368121e-190	1.0
16276	0.0	1.0
16277	7.54399266425794e-15	0.9999999999999925
16278	1.2071234200782785e-107	1.0
16279	1.987889425277848e-97	1.0
16280	2.949212237928905e-151	1.0
16281	1.1637989482496719e-60	1.0
16282	5.214956177338404e-59	1.0
16283	8.980492703775548e-134	1.0
16284	7.54851788536262e-30	1.0
16285	8.557636966561786e-50	1.0
16286	8.414678989392925e-180	1.0
16287	0.0	1.0
16288	3.9143492673568486e-178	1.0
16289	0.0	1.0
16291	4.561705311733644e-75	1.0
16292	1.2897706051475476e-128	1.0
16293	1.153985392640237e-41	1.0
16294	3.842568021593216e-155	1.0
16295	8.11046203015793e-86	1.0
16296	1.7302020334075437e-12	0.9999999999982698
16297	8.95636324394106e-80	1.0
16298	0.0	1.0
16299	1.1109054681043995e-160	1.0
16300	7.058289308959194e-183	1.0
16301	9.12176209054259e-68	1.0
16302	1.2569796828585648e-119	1.0
16303	4.020455016737314e-190	1.0
16304	2.1781650662658092e-105	1.0
16305	3.8346921180153634e-87	1.0
16306	6.909903687225762e-44	1.0
16307	3.8409092822130907e-119	1.0
16308	3.985113626134229e-131	1.0
16309	1.0252679750367144e-68	1.0
16310	4.397483815235696e-107	1.0
16311	0.0	1.0
16312	0.0	1.0
16313	1.846857606765762e-147	1.0
16314	6.1257860074033795e-77	1.0
16315	6.310334194342117e-94	1.0
16316	2.769455368961554e-91	1.0
16317	1.1536e-320	1.0
16318	3.4561682287354706e-213	1.0
16319	0.0	1.0
16321	6.931941940461915e-228	1.0
16322	2.907527550633819e-119	1.0
16323	0.0	1.0
16324	0.0	1.0
16325	2.866814462765854e-155	1.0
16326	2.3308799556222646e-33	1.0
16327	1.5875550466048936e-30	1.0
16328	1.343684158361757e-138	1.0
16329	4.200199017535354e-194	1.0
16330	1.7022111753591692e-38	1.0
16331	1.5749664146044628e-156	1.0
16332	4.290088687555814e-208	1.0
16333	2.7372629712647454e-93	1.0
16334	1.511969559490265e-108	1.0
16335	4.546468732919722e-53	1.0
16336	3.3935650688365085e-28	1.0
16337	7.8360025192199685e-112	1.0
16338	9.29978078290484e-89	1.0
16339	3.5991026939792704e-85	1.0
16340	7.218795474817319e-91	1.0
16341	1.3766069745109762e-180	1.0
16342	1.002977962655127e-45	1.0
16343	7.438562851431335e-177	1.0
16344	3.952465850305819e-16	0.9999999999999996
16345	1.3287006798457634e-90	1.0
16346	6.231146266817876e-278	1.0
16347	0.0	1.0
16348	0.0	1.0
16349	0.0	1.0
16351	7.188930188284212e-30	1.0
16352	0.0	1.0
16353	1.4719987853285024e-101	1.0
16354	0.0	1.0
16355	3.3639202662262414e-92	1.0
16356	2.3678688400979048e-91	1.0
16357	4.288434430134658e-158	1.0
16358	1.4329453158349216e-72	1.0
16359	3.302446808012722e-28	1.0
16360	3.243342482486457e-12	0.9999999999967566
16361	0.0	1.0
16362	2.121897097787945e-80	1.0
16363	0.0	1.0
16364	1.5080367657915504e-138	1.0
16365	2.578887632602051e-163	1.0
16366	2.696495385608669e-58	1.0
16367	2.3659413499402475e-118	1.0
16368	1.292110621649657e-94	1.0
16369	7.722051668549875e-106	1.0
16370	3.69786046954648e-22	1.0
16371	1.93568462257e-313	1.0
16372	2.939014182912644e-85	1.0
16373	5.526246534038369e-28	1.0
16374	3.036071640800565e-43	1.0
16375	1.0822786000889715e-11	0.9999999999891773
16376	5.302693736295899e-127	1.0
16377	0.0	1.0
16378	3.607096630898128e-13	0.9999999999996394
16379	4.585510719841486e-176	1.0
16381	3.287321511002716e-63	1.0
16382	1.3817709662769634e-91	1.0
16383	4.681736673002769e-215	1.0
16384	7.6091518897377e-83	1.0
16385	3.6946827811572175e-99	1.0
16386	2.48811097189554e-48	1.0
16387	9.943467088506718e-23	1.0
16388	2.0613324784065322e-131	1.0
16389	1.3206050341267617e-159	1.0
16390	0.0	1.0
16391	1.2284199241442793e-122	1.0
16392	1.2275745361342185e-64	1.0
16393	4.780419512405106e-96	1.0
16394	1.3111152598071771e-48	1.0
16395	3.3747404207321186e-192	1.0
16396	2.4844640032536495e-212	1.0
16397	2.5264435054648626e-195	1.0
16398	1.938935620235287e-97	1.0
16399	3.8636697539616275e-84	1.0
16400	6.836486527471289e-50	1.0
16401	4.011540779868336e-236	1.0
16402	5.672090836807476e-107	1.0
16403	3.2630373068227808e-31	1.0
16404	6.082321293938025e-267	1.0
16405	1.344914012276769e-115	1.0
16406	1.7664922142811584e-85	1.0
16407	1.8468897018706797e-211	1.0
16408	4.835052675272943e-84	1.0
16409	1.9403770191331288e-68	1.0
16411	4.775053921004288e-89	1.0
16412	4.316544826705657e-281	1.0
16413	4.2142817261149103e-63	1.0
16414	0.0	1.0
16415	4.028154462388043e-84	1.0
16416	1.846431073492959e-117	1.0
16417	2.941825746935848e-155	1.0
16418	3.611315287422057e-21	1.0
16419	1.0180602719699531e-72	1.0
16420	7.131049317989638e-49	1.0
16421	8.26592202773856e-40	1.0
16422	0.0	1.0
16423	0.0	1.0
16424	5.464246198390677e-109	1.0
16425	1.8992732615028897e-54	1.0
16426	1.037305168257949e-15	0.9999999999999989
16427	2.2746936280282103e-103	1.0
16428	9.327979632580138e-112	1.0
16429	1.3759096292132247e-133	1.0
16430	1.6518151937869032e-93	1.0
16431	1.458044502096252e-53	1.0
16432	7.31e-319	1.0
16433	3.497517682991988e-64	1.0
16434	2.2132577023675483e-202	1.0
16435	3.6696251840352473e-44	1.0
16436	7.03968341902482e-125	1.0
16437	1.1340256936652745e-94	1.0
16438	1.3141922374419005e-94	1.0
16439	2.6948072435433868e-45	1.0
16441	4.853796728938633e-36	1.0
16442	0.0	1.0
16443	8.788758882470232e-27	1.0
16444	9.299094886358075e-210	1.0
16445	1.4033797485749582e-118	1.0
16446	8.037074400939199e-162	1.0
16447	1.4896120867135421e-33	1.0
16448	2.663643666639914e-81	1.0
16449	0.0	1.0
16450	9.582957672060861e-65	1.0
16451	1.0786827202865147e-61	1.0
16452	1.9102850192852384e-120	1.0
16453	6.09748035346442e-73	1.0
16454	0.0	1.0
16455	1.3189499489108253e-215	1.0
16456	5.12590315467229e-65	1.0
16457	1.9512144863596837e-126	1.0
16458	1.088855498852697e-121	1.0
16459	1.3381230614556408e-43	1.0
16460	0.0	1.0
16461	2.7704570058863705e-70	1.0
16462	9.457667745682508e-149	1.0
16463	2.7214407578933005e-71	1.0
16464	1.2873653160613868e-146	1.0
16465	1.9291480192372668e-60	1.0
16466	3.4680192062025115e-47	1.0
16467	6.511175129214191e-57	1.0
16468	6.388075055900756e-305	1.0
16469	3.942980898219514e-91	1.0
16471	2.0648773761483826e-17	1.0
16472	0.0	1.0
16473	0.0	1.0
16474	3.482783676034925e-47	1.0
16475	0.0	1.0
16476	5.1127061898878235e-67	1.0
16477	0.0	1.0
16478	1.6932300773106948e-208	1.0
16479	1.4663928288722788e-59	1.0
16480	4.208110896956644e-95	1.0
16481	2.1568448422629993e-106	1.0
16482	1.1906818772537233e-105	1.0
16483	3.6858513399935447e-128	1.0
16484	1.9362483005816167e-15	0.999999999999998
16485	3.646993233551934e-96	1.0
16486	4.698928746613935e-224	1.0
16487	4.283208773680178e-94	1.0
16488	3.4832413368188085e-114	1.0
16489	5.641998214506652e-53	1.0
16490	3.63805883058617e-94	1.0
16491	2.027798736683769e-103	1.0
16492	6.570053215925684e-51	1.0
16493	1.717777065339263e-132	1.0
16494	1.6268371100503826e-27	1.0
16495	1.585082332888915e-161	1.0
16496	1.4408109581642477e-50	1.0
16497	2.5947895200988276e-57	1.0
16498	3.215489482760756e-93	1.0
16499	5.140812863251362e-206	1.0
16501	8.240033703309354e-80	1.0
16502	0.0	1.0
16503	0.0	1.0
16504	0.0	1.0
16505	0.0	1.0
16506	7.023130043035438e-76	1.0
16507	1.8846842484022473e-22	1.0
16508	0.0	1.0
16509	3.0583661683276953e-110	1.0
16510	1.2440259121063065e-104	1.0
16511	1.4169602251745031e-99	1.0
16512	3.844463710192288e-104	1.0
16513	1.747633131836269e-61	1.0
16514	2.9372231498426097e-200	1.0
16515	1.1030624319479259e-26	1.0
16516	5.934334912000194e-65	1.0
16517	1.9907330502907096e-113	1.0
16518	1.9447834719993005e-128	1.0
16519	2.4102839408989472e-37	1.0
16520	0.0	1.0
16521	0.0	1.0
16522	0.0	1.0
16523	1.3465044212219469e-120	1.0
16524	2.8874772481316864e-142	1.0
16525	1.4653982383640777e-86	1.0
16526	2.394803763917658e-128	1.0
16527	1.8598289788369767e-95	1.0
16528	0.0	1.0
16529	1.4198626837377514e-79	1.0
16531	0.0	1.0
16532	0.0	1.0
16533	0.0	1.0
16534	3.123198665876743e-142	1.0
16535	5.093659346970066e-45	1.0
16536	2.1533477561323456e-21	1.0
16537	2.0356730073181315e-284	1.0
16538	5.455473346616042e-50	1.0
16539	3.9318590909524196e-43	1.0
16540	1.2004385874765656e-81	1.0
16541	1.0	1.1827946833872022e-66
16542	1.0	5.978056261891925e-78
16543	0.9999999730093382	2.699066183335893e-08
16544	1.0	7.724804721347998e-40
16545	1.0	8.660102135439156e-23
16546	1.0	7.549189162007836e-298
16547	1.0	8.741242571329102e-35
16548	1.0	9.127470426010491e-64
16549	1.0	5.0906301110373826e-36
16550	0.9999999999967581	3.2418439779346992e-12
16551	0.997660066632727	0.0023399333672729913
16552	0.9999882804198335	1.1719580166418866e-05
16553	0.9999999999974523	2.547664084891131e-12
16554	1.0	3.712342969502064e-77
16555	1.0	7.933290510588734e-131
16556	1.0	4.776851638007986e-38
16557	1.0	5.445913486409609e-29
16558	1.0	2.2102065497086343e-90
16559	1.0	6.420395176399197e-20
16561	1.0	1.0797229059392055e-287
16562	1.0	2.706971349907303e-38
16563	1.0	2.5479266114480714e-99
16564	1.0	3.655706674609026e-56
16565	1.0	1.1964976238462509e-43
16566	1.0	7.983410064251394e-213
16567	1.0	2.991547848095242e-22
16568	1.0	2.1955524398318082e-21
16569	1.0	2.449490382004309e-28
16570	1.0	0.0
16571	1.0	1.5046150603856596e-140
16572	1.0	4.02051549408678e-36
16573	0.9999999999999931	6.8613705654755605e-15
16574	1.0	3.1408570955160054e-291
16575	1.0	2.4697655758520923e-151
16576	0.9999885338730091	1.1466126990803698e-05
16577	0.9942462446131826	0.0057537553868175235
16578	1.0	4.6930848438213164e-163
16579	1.0	0.0
16580	1.0	2.2903455103e-313
16581	0.9999999999999996	3.405979189556677e-16
16582	1.0	0.0
16583	1.0	2.2261261340458892e-51
16584	0.9999999999847169	1.528301904218155e-11
16585	1.0	0.0
16586	1.0	0.0
16587	1.0	8.869906526497996e-48
16588	0.999999999999958	4.195146951852241e-14
16589	0.9999914520944155	8.54790558444859e-06
16591	1.0	0.0
16592	1.0	0.0
16593	1.0	6.01867982763882e-18
16594	1.0	3.254930494102734e-97
16595	1.0	6.844249512720518e-238
16596	0.9999999999998019	1.9806837047645562e-13
16597	1.0	0.0
16598	0.9999999962333896	3.766610335651088e-09
16599	1.0	3.9051627846533874e-26
16600	1.0	2.600326708313783e-90
16601	1.0	2.0920454264191243e-131
16602	1.0	1.2817525295291611e-27
16603	1.0	3.7623272240176796e-52
16604	1.0	2.0004788915973858e-261
16605	1.0	1.2134349400835534e-88
16606	1.0	0.0
16607	1.0	3.2123700934147593e-119
16608	1.0	5.964304240288443e-102
16609	1.0	6.832044700828824e-141
16610	1.0	1.1004671240343434e-265
16611	1.0	1.6885585710751675e-91
16612	1.0	3.883322354414525e-43
16613	0.9999999999999998	1.3093744585935853e-16
16614	0.9999999999998694	1.3049246779609788e-13
16615	0.9999999999999853	1.4549313659107665e-14
16616	1.0	1.825463509515537e-30
16617	1.0	1.4511024806559774e-21
16618	1.0	1.0393452944021942e-266
16619	1.0	2.6974442074394737e-22
16621	1.0	5.778454676870618e-36
16622	1.0	3.779216004615438e-69
16623	1.0	7.048974418055498e-63
16624	1.0	2.1127623895299822e-197
16625	1.0	4.242693725020938e-93
16626	1.0	5.3272086750991705e-22
16627	1.0	1.2756239351988647e-122
16628	1.0	3.647098331403247e-47
16629	1.0	9.053342549804229e-60
16630	1.0	1.0084391159274129e-122
16631	1.0	4.3609147015938683e-41
16632	1.0	0.0
16633	1.0	1.0850049131034873e-56
16634	1.0	1.0378176865478388e-164
16635	1.0	4.813599976952265e-201
16636	1.0	4.686609602070187e-37
16637	1.0	0.0
16638	1.0	9.895122571677433e-130
16639	1.0	4.278265059722326e-59
16640	1.0	1.2598265429106048e-159
16641	1.0	3.5638606467489585e-101
16642	1.0	9.872684460432296e-213
16643	1.0	0.0
16644	1.0	3.429417993458349e-305
16645	1.0	5.148109187549704e-288
16646	1.0	2.2307152495132063e-101
16647	1.0	1.2783588806263426e-115
16648	1.0	3.32174430559186e-164
16649	1.0	4.5152724102894904e-179
16651	1.0	2.118417659768771e-78
16652	1.0	1.1749731176072298e-214
16653	1.0	7.492338440378853e-65
16654	1.0	7.910707306805316e-82
16655	1.0	2.298718687156053e-208
16656	1.0	6.916764769865757e-169
16657	1.0	3.2850973815481175e-146
16658	1.0	0.0
16659	1.0	0.0
16660	1.0	0.0
16661	1.0	7.079627570704728e-32
16662	0.9999998112083887	1.8879161134354357e-07
16663	1.0	5.870517214200423e-44
16664	1.0	9.71793987634653e-44
16665	1.0	0.0
16666	1.0	5.071259003975586e-143
16667	1.0	0.0
16668	1.0	7.524221151425149e-122
16669	0.7174206274349346	0.28257937256506543
16670	1.0	0.0
16671	1.0	1.5745033201029478e-31
16672	1.0	0.0
16673	1.0	1.5305541216300786e-140
16674	1.0	1.3658147587663912e-168
16675	1.0	3.6742338646005645e-110
16676	1.0	4.498771569212824e-157
16677	1.0	3.1644701979885564e-73
16678	0.9999999999534044	4.659564205803634e-11
16679	1.0	6.885380989090086e-17
16681	1.0	7.090909041244089e-141
16682	1.0	1.6975879333666494e-42
16683	1.0	6.877283329387917e-140
16684	1.0	1.3005133918948454e-195
16685	1.0	8.996753208791835e-146
16686	0.9999999999396334	6.036670362446275e-11
16687	1.0	3.383144457479872e-74
16688	1.0	9.290767933959882e-37
16689	1.0	1.1310533314550057e-20
16690	1.0	2.3253594503227166e-43
16691	1.0	2.445438317150182e-144
16692	1.0	0.0
16693	1.0	5.900476053258387e-179
16694	1.0	9.478368827689854e-25
16695	1.0	5.158253295759247e-121
16696	1.0	2.0277039102136905e-81
16697	1.0	5.142688715972288e-81
16698	1.0	5.911833571058207e-32
16699	1.0	0.0
16700	1.0	1.1601991968094011e-104
16701	1.0	6.612147878674536e-110
16702	1.0	3.997157485954628e-155
16703	1.0	3.7155098481618396e-63
16704	1.0	0.0
16705	1.0	2.67070463218346e-39
16706	1.0	1.5006172381048565e-79
16707	1.0	7.784432875226877e-48
16708	1.0	4.97748344540218e-128
16709	1.0	1.7102897509740743e-51
16711	0.9999999702581792	2.9741820861117254e-08
16712	1.0	4.208738150646824e-85
16713	1.0	1.4890257841776516e-98
16714	1.0	4.0727159972256574e-20
16715	1.0	2.089138414994525e-47
16716	1.0	2.6775702835908326e-129
16717	1.0	0.0
16718	1.0	1.030157476512178e-163
16719	1.0	5.224513548147309e-34
16720	1.0	0.0
16721	1.0	7.030621080824555e-121
16722	1.0	3.881078963134596e-141
16723	1.0	2.2546566337208133e-129
16724	1.0	7.781460050148669e-60
16725	1.0	9.792058128145306e-244
16726	1.0	3.6692697379518564e-93
16727	1.0	6.385384699560662e-40
16728	1.0	7.340207224832351e-58
16729	1.0	1.8755759394263606e-173
16730	1.0	5.179066338098433e-109
16731	1.0	6.48148914896215e-81
16732	1.0	6.448023418256151e-35
16733	1.0	3.89319694577381e-206
16734	1.0	0.0
16735	1.0	5.289504552663585e-49
16736	1.0	3.348108731648735e-29
16737	1.0	6.811498745033323e-158
16738	1.0	1.2296239802529453e-32
16739	1.0	9.952440963427018e-192
16741	1.0	3.4131228536168474e-153
16742	1.0	5.413778058067353e-121
16743	1.0	2.1034392832791326e-55
16744	1.0	6.660051711567967e-173
16745	1.0	4.6728353960432013e-144
16746	1.0	9.359350613153366e-271
16747	1.0	1.4917042793272452e-124
16748	1.0	5.034820567070325e-68
16749	1.0	4.955359257598735e-34
16750	1.0	0.0
16751	1.0	1.1094181731366286e-123
16752	1.0	1.2237201751123348e-91
16753	1.0	3.318463277127496e-247
16754	1.0	6.153039919460345e-145
16755	1.0	4.704047423229625e-61
16756	1.0	5.355000807564614e-72
16757	1.0	5.7207219644303575e-198
16758	1.0	4.0118547012023466e-92
16759	1.0	0.0
16760	1.0	5.330293587824726e-178
16761	1.0	1.1599140411540735e-85
16762	1.0	6.585272793510236e-172
16763	1.0	0.0
16764	1.0	3.322250282264457e-49
16765	1.0	5.324362042454288e-29
16766	1.0	7.42387933362292e-38
16767	1.0	1.2553465587214927e-116
16768	1.0	4.396875573957822e-71
16769	1.0	2.777139915048722e-163
16771	0.9974695112893776	0.00253048871062255
16772	1.0	1.243120442486016e-59
16773	1.0	6.133414960391549e-63
16774	1.0	0.0
16775	1.0	2.100323109978858e-18
16776	1.0	0.0
16777	1.0	1.3669997357766032e-172
16778	1.0	1.862318437749763e-36
16779	1.0	0.0
16780	1.0	1.2015664563755916e-120
16781	1.0	1.103787374561487e-33
16782	1.0	5.231447384370938e-36
16783	1.0	3.3736849866166627e-28
16784	1.0	1.0077878691341515e-215
16785	1.0	0.0
16786	1.0	3.748488325439964e-200
16787	1.0	1.0081649467769982e-148
16788	1.0	1.3365607271863832e-215
16789	1.0	2.3239786594472723e-82
16790	1.0	0.0
16791	1.0	3.322250282264457e-49
16792	1.0	1.7068632173810636e-106
16793	1.0	3.660868658095263e-110
16794	1.0	3.655110887368781e-49
16795	1.0	1.5341933832973968e-109
16796	1.0	3.75691264156516e-78
16797	1.0	3.3803033738207694e-35
16798	1.0	3.0802404642098125e-21
16799	1.0	5.776595365459532e-44
16801	1.0	0.0
16802	1.0	2.931389486590651e-34
16803	1.0	5.4148945940846e-44
16804	1.0	3.5900579951399566e-189
16805	1.0	0.0
16806	1.0	2.6485101519874086e-34
16807	1.0	1.0347742590662143e-16
16808	1.0	2.0634896252666562e-297
16809	1.0	2.2599617669355813e-54
16810	1.0	1.0107722786271161e-42
16811	1.0	5.032302346722822e-148
16812	1.0	4.544436705399191e-75
16813	1.0	1.805469961088866e-110
16814	1.0	1.4204450908774192e-17
16815	0.9748859846114863	0.025114015388513718
16816	1.0	1.563558655573175e-50
16817	1.0	2.026488838737172e-80
16818	1.0	5.882638062109947e-40
16819	1.0	1.4691540545656866e-145
16820	1.0	0.0
16821	1.0	6.76834037994291e-222
16822	1.0	1.5606058902921142e-198
16823	1.0	1.677954018778599e-46
16824	0.9903355382235652	0.009664461776434867
16825	1.0	0.0
16826	1.0	6.299813141759322e-29
16827	1.0	7.877789076390275e-31
16828	1.0	1.001e-319
16829	0.9999999998320734	1.6792667178055503e-10
16831	1.0	2.415442824050351e-97
16832	1.0	1.277686659469574e-159
16833	1.0	4.94982560732428e-28
16834	1.0	2.0906567498813376e-75
16835	1.0	4.3608214118291486e-55
16836	1.0	1.4094103931841508e-32
16837	1.0	1.7779804825872105e-37
16838	1.0	0.0
16839	1.0	0.0
16840	1.0	9.533289896751554e-217
16841	0.9999999998922802	1.0771992135383847e-10
16842	1.0	5.294171760561116e-122
16843	1.0	2.1527287252794672e-21
16844	1.0	1.575025162880547e-279
16845	1.0	3.1264216576288564e-98
16846	1.0	0.0
16847	1.0	2.7014918379990525e-29
16848	1.0	0.0
16849	1.0	1.4815602172060604e-211
16850	1.0	0.0
16851	0.8595550054853879	0.14044499451461204
16852	1.0	0.0
16853	1.0	3.906455521114092e-151
16854	1.0	8.895450241430043e-98
16855	1.0	7.731105417215578e-17
16856	1.0	0.0
16857	1.0	9.819695619993217e-77
16858	1.0	0.0
16859	1.0	0.0
16861	1.0	0.0
16862	1.0	2.639658746545046e-88
16863	1.0	6.338572573724453e-76
16864	1.0	3.889284217345657e-55
16865	1.0	0.0
16866	1.0	4.8754786277889156e-145
16867	1.0	2.2379203684222384e-19
16868	1.0	3.959426627992726e-244
16869	1.0	2.4616798285843563e-104
16870	1.0	0.0
16871	1.0	2.554095432823183e-153
16872	1.0	1.6666555332019505e-179
16873	1.0	6.109906595329579e-93
16874	1.0	1.0706756963155674e-91
16875	1.0	3.112923036916097e-70
16876	1.0	1.9549262555242573e-65
16877	1.0	4.522778756915696e-61
16878	1.0	0.0
16879	1.0	3.0525571188665114e-72
16880	1.0	2.598525470483762e-33
16881	1.0	3.596180838471783e-109
16882	1.0	4.6969390466442744e-51
16883	1.0	2.8296450380287315e-70
16884	1.0	4.6908831355714204e-67
16885	1.0	7.528856907346902e-33
16886	1.0	9.243300956621073e-246
16887	1.0	4.521458685791901e-134
16888	1.0	9.822796249604316e-52
16889	1.0	3.013582355925496e-38
16891	1.0	0.0
16892	1.0	2.4569273914932205e-140
16893	1.0	4.071431630204386e-37
16894	1.0	1.2731535920332723e-37
16895	1.0	2.261587498220358e-28
16896	1.0	2.59546332967848e-77
16897	1.0	7.119326624301149e-109
16898	1.0	1.296043230295628e-140
16899	1.0	3.3867566198556594e-86
16900	1.0	3.3171115555838396e-182
16901	1.0	9.967081088166447e-174
16902	1.0	1.2314027743232596e-75
16903	1.0	1.910070125065994e-69
16904	1.0	4.1454038601912685e-38
16905	1.0	4.139026832205473e-45
16906	1.0	1.1731949266578076e-103
16907	1.0	9.038568895712948e-71
16908	1.0	4.877081807049766e-56
16909	1.0	1.939826034112683e-198
16910	1.0	2.1948242274876876e-290
16911	1.0	5.064550563291898e-116
16912	1.0	1.6991588424722524e-121
16913	1.0	8.492463427475377e-304
16914	1.0	2.8886001080651976e-37
16915	1.0	1.2026478682590563e-50
16916	1.0	2.3648215136779856e-36
16917	1.0	9.420061624166775e-110
16918	1.0	1.653739753634797e-25
16919	1.0	5.443253737509983e-79
16921	1.0	1.0192373049109681e-45
16922	1.0	8.94269624458506e-55
16923	1.0	4.949667724897275e-199
16924	1.0	2.8470259463396782e-33
16925	1.0	3.312768755990584e-199
16926	1.0	9.217586255570955e-125
16927	0.999999992412245	7.587755047461635e-09
16928	1.0	2.6824735104332504e-169
16929	1.0	3.7551858795756e-311
16930	1.0	1.3015381266415996e-259
16931	1.0	3.4452875567921387e-35
16932	1.0	3.504551973292536e-117
16933	1.0	1.0834227332965637e-132
16934	1.0	1.082659969686356e-125
16935	1.0	7.062202270273207e-114
16936	1.0	1.2374744160260022e-45
16937	1.0	6.661317056815467e-110
16938	1.0	2.98720871782552e-204
16939	1.0	3.308542720184875e-58
16940	1.0	3.5050065803476885e-167
16941	1.0	2.4977155557954857e-147
16942	1.0	3.1919578693078498e-245
16943	1.0	1.7153804294325938e-193
16944	1.0	2.757192113665566e-82
16945	1.0	1.3294220166491691e-154
16946	0.9999999999996072	3.9269783559514123e-13
16947	1.0	1.940908333428497e-267
16948	1.0	3.7391585041072306e-54
16949	1.0	1.7187551933972165e-44
16951	1.0	0.0
16952	1.0	0.0
16953	1.0	1.1425861515847713e-19
16954	1.0	5.104627289654465e-62
16955	1.0	0.0
16956	1.0	3.8710015387896253e-69
16957	1.0	3.1835300551012517e-88
16958	1.0	1.9268341888266925e-125
16959	1.0	1.030740643719136e-152
16960	1.0	0.0
16961	1.0	1.5002643134665268e-292
16962	1.0	5.677895869248141e-186
16963	1.0	7.164528797207967e-185
16964	1.0	3.222685617677524e-276
16965	1.0	8.041032389649798e-129
16966	1.0	1.800766303373431e-149
16967	1.0	8.616562265777539e-157
16968	1.0	0.0
16969	1.0	2.157959489207601e-152
16970	0.999999999999966	3.3969787757950463e-14
16971	1.0	1.799307573215603e-32
16972	1.0	2.219513587206877e-122
16973	1.0	1.8930330769406963e-94
16974	1.0	1.8428334159374135e-47
16975	1.0	3.6870393674489616e-41
16976	1.0	1.675875136454931e-146
16977	1.0	3.583996776571431e-21
16978	1.0	1.0305706740394911e-221
16979	1.0	2.136505415842822e-87
16981	1.0	6.436941127053501e-79
16982	1.0	2.810292867746316e-38
16983	1.0	3.352092490477618e-37
16984	1.0	3.024405930081051e-79
16985	1.0	5.742860292758561e-172
16986	1.0	1.873339545253507e-116
16987	1.0	3.666487554427615e-74
16988	1.0	2.6377232943900595e-82
16989	1.0	4.247619714284126e-23
16990	1.0	3.5238776560247764e-68
16991	1.0	6.413454659253154e-157
16992	0.9999999999391249	6.087513987508208e-11
16993	1.0	9.872918090652796e-118
16994	1.0	1.5357695489057466e-118
16995	1.0	1.1840690779771783e-19
16996	1.0	0.0
16997	1.0	8.827682986721368e-77
16998	1.0	2.0518994147787646e-180
16999	1.0	1.4140219241049609e-27
17000	1.0	1.3843310487793468e-53
17001	1.0	5.0584879403963346e-210
17002	1.0	9.96784715760155e-120
17003	1.0	6.6040823783126984e-93
17004	1.0	3.9580745597233545e-46
17005	1.0	4.228325817221453e-93
17006	1.0	3.106206409689631e-191
17007	1.0	1.9159420915702265e-87
17008	0.9999999983594905	1.6405094572926522e-09
17009	1.0	0.0
17011	1.0	1.1070635562369173e-43
17012	1.0	7.251411187379076e-101
17013	1.0	0.0
17014	1.0	2.0961071707832565e-92
17015	1.0	3.115859182450958e-33
17016	1.0	3.590472522025921e-232
17017	1.0	8.844833332767177e-301
17018	1.0	9.112086235956924e-45
17019	1.0	0.0
17020	1.0	4.16737657200911e-135
17021	1.0	1.0279073178304382e-23
17022	1.0	1.2199377168804e-102
17023	1.0	1.1008538431540962e-59
17024	1.0	3.3881840289029197e-138
17025	1.0	6.459728625667024e-53
17026	1.0	5.808625611542384e-94
17027	1.0	1.671589721115918e-204
17028	1.0	8.182781730166408e-91
17029	1.0	2.9257579643849966e-206
17030	1.0	1.0262082484055195e-170
17031	1.0	0.0
17032	1.0	2.6477438156177562e-151
17033	1.0	3.8995483533979355e-54
17034	1.0	4.140867973343711e-64
17035	1.0	5.356454296770568e-49
17036	1.0	6.522995747601503e-104
17037	1.0	5.87904808428174e-53
17038	1.0	1.6710000993901177e-48
17039	1.0	1.7566025830380637e-65
17041	1.0	5.999190120323524e-40
17042	1.0	5.749533189894444e-112
17043	1.0	6.16137366481262e-190
17044	1.0	2.5852288318924736e-235
17045	1.0	4.188208408024401e-110
17046	1.0	5.93203806459428e-35
17047	1.0	0.0
17048	1.0	7.747025654321097e-184
17049	1.0	9.745158057449529e-126
17050	1.0	2.8155756205123625e-290
17051	1.0	4.4273778650193454e-83
17052	1.0	0.0
17053	1.0	1.5103840357518218e-71
17054	1.0	1.0763316608160538e-40
17055	1.0	9.749519925910461e-110
17056	1.0	5.0534025189507015e-84
17057	1.0	1.4853114134603697e-32
17058	1.0	4.191877885693082e-81
17059	1.0	4.2110021001176e-74
17060	1.0	1.4370089250757687e-264
17061	1.0	1.1379857549783131e-54
17062	1.0	3.098865574166081e-107
17063	1.0	2.5181583299577686e-19
17064	1.0	1.1472752348730418e-148
17065	1.0	5.462591432497583e-114
17066	1.0	6.024232748572777e-190
17067	1.0	1.3381707828744083e-48
17068	1.0	9.059984176550953e-157
17069	1.0	1.8415118796656432e-28
17071	1.0	7.841201855815386e-112
17072	1.0	2.791009098051831e-113
17073	1.0	3.3198981617189154e-32
17074	1.0	8.977788717205751e-109
17075	1.0	0.0
17076	1.0	2.2891484712552937e-197
17077	1.0	1.2639109793882974e-108
17078	1.0	1.8143147135379814e-115
17079	1.0	7.800707371900335e-44
17080	1.0	3.1655919476645223e-128
17081	1.0	2.755779816590272e-57
17082	0.9999999862749225	1.3725077484129587e-08
17083	1.0	8.642008432593868e-185
17084	1.0	2.4595260892882702e-82
17085	1.0	1.9945152899976532e-163
17086	1.0	6.401199659924594e-18
17087	1.0	3.24587293629269e-55
17088	1.0	9.07713309560676e-52
17089	1.0	1.6991611647532425e-184
17090	1.0	4.150040369089329e-78
17091	1.0	1.2005141908421127e-304
17092	1.0	5.320926865564971e-50
17093	1.0	2.3059499717905203e-153
17094	1.0	1.3655677323243953e-102
17095	1.0	2.674951544506723e-25
17096	1.0	5.869434515376657e-28
17097	1.0	4.050280491633688e-137
17098	1.0	2.742859794241897e-184
17099	1.0	0.0
17101	1.0	3.886968822599164e-48
17102	1.0	7.333003931933246e-62
17103	1.0	3.853657051815226e-254
17104	1.0	8.950532593167367e-42
17105	1.0	1.504288058015681e-157
17106	1.0	1.014980800244321e-160
17107	1.0	1.107852891856351e-140
17108	1.0	0.0
17109	1.0	2.907280265191624e-43
17110	1.0	3.4278822901806546e-35
17111	1.0	7.606947044982792e-36
17112	1.0	0.0
17113	1.0	5.664049608541896e-106
17114	1.0	1.0150256518648808e-87
17115	1.0	4.1978806861430394e-148
17116	1.0	3.840236113977282e-28
17117	1.0	4.802286250893619e-78
17118	1.0	9.760081837817944e-84
17119	1.0	1.5561173408646808e-113
17120	1.0	3.3041810486595345e-36
17121	1.0	2.1020535491209777e-33
17122	1.0	7.861813575002508e-230
17123	6.274691775091998e-07	0.9999993725308225
17124	1.0	4.831089705225672e-96
17125	1.0	5.091607638541184e-18
17126	1.0	4.0556200672807465e-114
17127	0.9999898205674976	1.0179432502290352e-05
17128	1.0	0.0
17129	1.0	1.642759825018088e-295
17131	1.0	2.0630812e-316
17132	1.0	3.2813944772477733e-65
17133	1.0	3.8448901645421523e-156
17134	1.0	2.56310181776275e-137
17135	1.0	1.3707099603412806e-58
17136	1.0	1.8789659008266924e-77
17137	1.0	1.2504431428915695e-25
17138	1.0	7.20025084576555e-39
17139	1.0	2.7829485712145913e-101
17140	1.0	1.7132352010746694e-42
17141	1.0	7.985413460687164e-108
17142	1.0	3.510868017349154e-134
17143	0.9999999831477976	1.6852202366369208e-08
17144	1.0	1.0839740888853703e-74
17145	0.9999927442765022	7.2557234978411535e-06
17146	1.0	2.687232545331354e-208
17147	1.0	2.2907292250053954e-112
17148	1.0	1.202575004617871e-100
17149	1.0	3.4810477100043515e-127
17150	1.0	1.128165049190614e-24
17151	0.9999999999996996	3.003956848766172e-13
17152	1.0	1.9567715468037956e-68
17153	1.0	1.1302943288723746e-76
17154	1.0	2.404642911257422e-81
17155	1.0	1.6270800380300666e-116
17156	0.9999857485937119	1.4251406287936718e-05
17157	1.0	2.860300194546365e-221
17158	1.0	9.774685401842737e-87
17159	1.0	2.755779816590272e-57
17161	1.0	3.199870505961404e-61
17162	1.0	1.964665690325054e-55
17163	0.9999998741930572	1.258069427745536e-07
17164	1.0	1.130430744453605e-84
17165	1.0	3.4022554569844036e-66
17166	1.0	1.2756257619706985e-259
17167	1.0	5.966442264339372e-74
17168	1.0	5.115105330196172e-145
17169	1.0	9.668560292791026e-112
17170	1.0	6.630908411053469e-109
17171	1.0	3.4779846234470215e-46
17172	1.0	5.878233418027457e-44
17173	1.0	1.0425e-320
17174	1.0	6.055145672774682e-262
17175	1.0	4.422596049812193e-19
17176	1.0	0.0
17177	1.0	0.0
17178	0.9999999999999944	5.440320056933462e-15
17179	1.0	2.5091567176315556e-131
17180	1.0	1.8356794007922094e-55
17181	1.0	2.4648524884649922e-256
17182	1.0	1.1222607355286511e-51
17183	1.0	7.607790023520086e-227
17184	1.0	1.5901797309883602e-128
17185	1.0	9.584779668941627e-124
17186	1.0	4.468423687e-315
17187	1.0	4.0727159972256574e-20
17188	1.0	3.935715754515881e-146
17189	1.0	1.8596594222879105e-72
17191	1.0	3.6972932688518435e-26
17192	1.0	4.2734198737080525e-198
17193	1.0	6.0905023703348746e-254
17194	1.0	1.2385258364431753e-33
17195	1.0	9.0909058950886e-197
17196	1.0	4.6880486669219846e-240
17197	1.0	3.890276399662408e-169
17198	1.0	0.0
17199	1.0	5.780238137796797e-141
17200	1.0	0.0
17201	1.0	5.749486739719346e-62
17202	1.0	5.41399e-318
17203	1.0	1.436579806696217e-136
17204	1.0	8.4154293224e-314
17205	1.0	1.2545198125040628e-233
17206	1.0	3.0884203860900384e-58
17207	1.0	0.0
17208	1.0	1.9598139097223536e-133
17209	1.0	5.0025455169708186e-108
17210	1.0	2.9148888690896786e-62
17211	1.0	5.5693026143917366e-42
17212	1.0	0.0
17213	1.0	5.669368356417062e-45
17214	1.0	0.0
17215	1.0	8.28311036069215e-170
17216	1.0	1.2446275442621016e-53
17217	1.0	5.702615774377105e-81
17218	1.0	2.4271568152473685e-27
17219	1.0	1.5965410651144196e-79
17221	1.0	0.0
17222	1.0	2.9589774737611506e-26
17223	1.0	3.1531046008096436e-70
17224	1.0	1.1922064442523402e-157
17225	1.0	1.5187740557698438e-48
17226	1.0	1.1810497653398068e-48
17227	1.0	2.466026168985268e-83
17228	1.0	1.0709985527052338e-119
17229	1.0	1.1317521963012037e-112
17230	1.0	2.4162894411751707e-209
17231	1.0	0.0
17232	1.0	3.742278388615732e-22
17233	1.0	0.0
17234	1.0	0.0
17235	1.0	4.599557770535645e-30
17236	1.0	7.7476909211089355e-31
17237	1.0	2.1128271567373366e-169
17238	1.0	0.0
17239	1.0	0.0
17240	1.0	4.671400890082719e-180
17241	1.0	6.2799455059513175e-136
17242	1.0	0.0
17243	1.0	0.0
17244	1.0	0.0
17245	1.0	2.1451175656001892e-238
17246	1.0	3.849632965760085e-302
17247	0.9999951648936591	4.835106340988498e-06
17248	1.0	1.028277541884058e-54
17249	1.0	4.3110992128688934e-78
17251	1.0	1.7599839209589886e-52
17252	1.0	2.1149366063438702e-264
17253	1.0	2.6050626652826802e-254
17254	1.0	4.828898359156858e-44
17255	1.0	0.0
17256	1.0	9.95029271674414e-302
17257	1.0	6.296851828124219e-34
17258	7.093898123503831e-08	0.9999999290610188
17259	1.0	2.4256121978877865e-184
17260	1.0	2.4256121978877865e-184
17261	1.0	5.2299348558443417e-48
17262	1.0	2.4256121978877865e-184
17263	1.0	2.4256121978877865e-184
17264	1.0	5.2299348558443417e-48
17265	1.0	2.4256121978877865e-184
17266	1.0	2.4256121978877865e-184
17267	1.0	2.4256121978877865e-184
17268	1.0	1.1179585139354807e-55
17269	1.0	5.2299348558443417e-48
17270	1.0	7.328826022646128e-109
17271	1.0	7.328826022646128e-109
17272	1.0	7.328826022646128e-109
17273	1.0	5.2299348558443417e-48
17274	1.0	7.328826022646128e-109
17275	1.0	7.328826022646128e-109
17276	1.0	1.3847242602807624e-108
17277	1.0	1.3847242602807624e-108
17278	1.0	1.3847242602807624e-108
17279	1.0	1.3847242602807624e-108
17281	1.0	7.328826022646128e-109
17282	1.0	7.328826022646128e-109
17283	1.0	5.2299348558443417e-48
17284	1.0	7.328826022646128e-109
17285	1.0	7.328826022646128e-109
17286	1.0	1.3847242602807624e-108
17287	1.0	1.3847242602807624e-108
17288	1.0	1.3847242602807624e-108
17289	1.0	1.3847242602807624e-108
17290	1.0	1.3847242602807624e-108
17291	1.0	1.3847242602807624e-108
17292	1.0	7.328826022646128e-109
17293	1.0	7.328826022646128e-109
17294	1.0	7.328826022646128e-109
17295	1.0	7.328826022646128e-109
17296	1.0	7.328826022646128e-109
17297	1.0	5.2299348558443417e-48
17298	1.0	7.328826022646128e-109
17299	1.0	7.328826022646128e-109
17300	1.0	1.3847242602807624e-108
17301	1.0	1.3847242602807624e-108
17302	1.0	1.3847242602807624e-108
17303	1.0	3.725212485841083e-96
17304	1.0	1.3847242602807624e-108
17305	1.0	5.2299348558443417e-48
17306	1.0	7.328826022646128e-109
17307	1.0	7.328826022646128e-109
17308	1.0	7.328826022646128e-109
17309	1.0	7.328826022646128e-109
17311	1.0	7.328826022646128e-109
17312	1.0	7.328826022646128e-109
17313	1.0	7.328826022646128e-109
17314	1.0	1.3847242602807624e-108
17315	1.0	1.3847242602807624e-108
17316	1.0	1.3847242602807624e-108
17317	1.0	5.2299348558443417e-48
17318	1.0	7.328826022646128e-109
17319	1.0	1.2840475255213037e-154
17320	1.0	1.2840475255213037e-154
17321	1.0	5.2299348558443417e-48
17322	1.0	1.2840475255213037e-154
17323	1.0	1.2840475255213037e-154
17324	1.0	2.4261072025020585e-154
17325	1.0	2.4261072025020585e-154
17326	1.0	2.4261072025020585e-154
17327	1.0	2.4261072025020585e-154
17328	1.0	0.0
17329	1.0	7.328826022646128e-109
17330	1.0	7.328826022646128e-109
17331	1.0	7.328826022646128e-109
17332	1.0	7.328826022646128e-109
17333	1.0	7.328826022646128e-109
17334	1.0	5.2299348558443417e-48
17335	1.0	5.2299348558443417e-48
17336	1.0	5.2299348558443417e-48
17337	1.0	7.328826022646128e-109
17338	1.0	7.328826022646128e-109
17339	1.0	7.328826022646128e-109
17341	1.0	1.3847242602807624e-108
17342	1.0	1.3847242602807624e-108
17343	1.0	1.3847242602807624e-108
17344	1.0	1.3847242602807624e-108
17345	1.0	3.309970784547674e-252
17346	1.0	1.2840475255213037e-154
17347	1.0	7.328826022646128e-109
17348	1.0	7.328826022646128e-109
17349	1.0	7.328826022646128e-109
17350	1.0	7.328826022646128e-109
17351	1.0	7.328826022646128e-109
17352	1.0	7.328826022646128e-109
17353	1.0	1.3847242602807624e-108
17354	1.0	7.188871550195202e-48
17355	1.0	1.3847242602807624e-108
17356	1.0	1.3847242602807624e-108
17357	1.0	7.188871550195202e-48
17358	1.0	7.328826022646128e-109
17359	1.0	7.328826022646128e-109
17360	1.0	5.2299348558443417e-48
17361	1.0	5.2299348558443417e-48
17362	1.0	5.2299348558443417e-48
17363	1.0	5.2299348558443417e-48
17364	1.0	7.328826022646128e-109
17365	1.0	7.328826022646128e-109
17366	1.0	1.3847242602807624e-108
17367	1.0	1.3847242602807624e-108
17368	1.0	1.3847242602807624e-108
17369	1.0	1.3847242602807624e-108
17371	1.0	7.328826022646128e-109
17372	1.0	7.328826022646128e-109
17373	1.0	7.328826022646128e-109
17374	1.0	7.328826022646128e-109
17375	1.0	7.328826022646128e-109
17376	1.0	7.328826022646128e-109
17377	1.0	7.328826022646128e-109
17378	1.0	1.3847242602807624e-108
17379	1.0	1.3847242602807624e-108
17380	1.0	1.3847242602807624e-108
17381	1.0	1.3847242602807624e-108
17382	1.0	1.3847242602807624e-108
17383	1.0	7.328826022646128e-109
17384	1.0	7.328826022646128e-109
17385	1.0	7.328826022646128e-109
17386	1.0	5.2299348558443417e-48
17387	1.0	7.328826022646128e-109
17388	1.0	7.328826022646128e-109
17389	1.0	7.328826022646128e-109
17390	1.0	7.328826022646128e-109
17391	1.0	7.328826022646128e-109
17392	1.0	1.3847242602807624e-108
17393	1.0	1.3847242602807624e-108
17394	1.0	1.3847242602807624e-108
17395	1.0	1.3847242602807624e-108
17396	1.0	1.3847242602807624e-108
17397	1.0	1.3847242602807624e-108
17398	1.0	7.328826022646128e-109
17399	1.0	5.2299348558443417e-48
17401	1.0	7.328826022646128e-109
17402	1.0	7.328826022646128e-109
17403	1.0	5.2299348558443417e-48
17404	1.0	7.328826022646128e-109
17405	1.0	4.054683220780479e-245
17406	1.0	4.054683220780479e-245
17407	1.0	4.054683220780479e-245
17408	1.0	4.054683220780479e-245
17409	1.0	4.054683220780479e-245
17410	1.0	4.054683220780479e-245
17411	1.0	7.328826022646128e-109
17412	1.0	7.328826022646128e-109
17413	1.0	7.328826022646128e-109
17414	1.0	7.328826022646128e-109
17415	1.0	7.328826022646128e-109
17416	1.0	1.3847242602807624e-108
17417	1.0	1.3847242602807624e-108
17418	1.0	1.3847242602807624e-108
17419	1.0	1.3847242602807624e-108
17420	1.0	1.3847242602807624e-108
17421	1.0	1.3847242602807624e-108
17422	1.0	7.188871550195202e-48
17423	1.0	7.328826022646128e-109
17424	1.0	5.2299348558443417e-48
17425	1.0	7.328826022646128e-109
17426	1.0	7.328826022646128e-109
17427	1.0	7.328826022646128e-109
17428	1.0	7.328826022646128e-109
17429	1.0	7.328826022646128e-109
17431	1.0	7.328826022646128e-109
17432	1.0	7.328826022646128e-109
17433	1.0	1.3847242602807624e-108
17434	1.0	1.3847242602807624e-108
17435	1.0	1.3847242602807624e-108
17436	1.0	1.3847242602807624e-108
17437	1.0	1.3847242602807624e-108
17438	1.0	1.3847242602807624e-108
17439	1.0	7.328826022646128e-109
17440	1.0	7.328826022646128e-109
17441	1.0	7.328826022646128e-109
17442	1.0	5.2299348558443417e-48
17443	1.0	7.328826022646128e-109
17444	1.0	7.328826022646128e-109
17445	1.0	5.2299348558443417e-48
17446	1.0	7.328826022646128e-109
17447	1.0	7.328826022646128e-109
17448	1.0	1.3847242602807624e-108
17449	1.0	1.3847242602807624e-108
17450	1.0	1.3847242602807624e-108
17451	1.0	1.3847242602807624e-108
17452	1.0	1.3847242602807624e-108
17453	1.0	1.3847242602807624e-108
17454	1.0	1.3847242602807624e-108
17455	1.0	7.328826022646128e-109
17456	1.0	7.328826022646128e-109
17457	1.0	7.328826022646128e-109
17458	1.0	5.2299348558443417e-48
17459	1.0	7.328826022646128e-109
17461	1.0	7.328826022646128e-109
17462	1.0	7.328826022646128e-109
17463	1.0	7.328826022646128e-109
17464	1.0	7.328826022646128e-109
17465	1.0	7.328826022646128e-109
17466	1.0	1.3847242602807624e-108
17467	1.0	1.3847242602807624e-108
17468	1.0	7.188871550195202e-48
17469	1.0	1.3847242602807624e-108
17470	1.0	1.3847242602807624e-108
17471	1.0	7.328826022646128e-109
17472	1.0	7.328826022646128e-109
17473	1.0	7.328826022646128e-109
17474	1.0	7.328826022646128e-109
17475	1.0	7.328826022646128e-109
17476	1.0	7.328826022646128e-109
17477	1.0	7.328826022646128e-109
17478	1.0	7.328826022646128e-109
17479	1.0	1.3847242602807624e-108
17480	1.0	1.3847242602807624e-108
17481	1.0	1.3847242602807624e-108
17482	1.0	1.3847242602807624e-108
17483	1.0	1.3847242602807624e-108
17484	1.0	1.3847242602807624e-108
17485	1.0	7.328826022646128e-109
17486	1.0	7.328826022646128e-109
17487	1.0	7.328826022646128e-109
17488	1.0	7.328826022646128e-109
17489	1.0	7.328826022646128e-109
17491	1.0	9.256145287383333e-149
17492	1.0	7.328826022646128e-109
17493	1.0	7.328826022646128e-109
17494	1.0	7.328826022646128e-109
17495	1.0	1.3847242602807624e-108
17496	1.0	1.3847242602807624e-108
17497	1.0	1.3847242602807624e-108
17498	1.0	1.3847242602807624e-108
17499	1.0	1.3847242602807624e-108
17500	1.0	1.657602531079652e-290
17501	1.0	1.657602531079652e-290
17502	1.0	1.657602531079652e-290
17503	1.0	1.657602531079652e-290
17504	1.0	7.328826022646128e-109
17505	1.0	5.2299348558443417e-48
17506	1.0	8.773068338179277e-291
17507	1.0	1.657602531079652e-290
17508	1.0	5.249338388316751e-200
17509	1.0	5.249338388316751e-200
17510	1.0	5.249338388316751e-200
17511	1.0	5.2299348558443417e-48
17512	1.0	5.249338388316751e-200
17513	1.0	5.249338388316751e-200
17514	1.0	5.249338388316751e-200
17515	1.0	9.918213632394068e-200
17516	1.0	9.918213632394068e-200
17517	1.0	9.918213632394068e-200
17518	1.0	9.918213632394068e-200
17519	1.0	9.918213632394068e-200
17521	1.0	9.918213632394068e-200
17522	1.0	8.773068338179277e-291
17523	1.0	8.773068338179277e-291
17524	0.9999999999786255	2.1374433647531255e-11
17525	1.0	5.2299348558443417e-48
17526	1.0	7.328826022646128e-109
17527	1.0	7.328826022646128e-109
17528	1.0	5.2299348558443417e-48
17529	1.0	7.328826022646128e-109
17530	1.0	0.0
17531	1.0	0.0
17532	1.0	0.0
17533	1.0	0.0
17534	1.0	0.0
17535	1.0	1.657602531079652e-290
17536	1.0	5.249338388316751e-200
17537	1.0	5.249338388316751e-200
17538	1.0	0.0
17539	1.0	0.0
17540	1.0	0.0
17541	1.0	0.0
17542	1.0	0.0
17543	1.0	0.0
17544	1.0	0.0
17545	1.0	0.0
17546	1.0	0.0
17547	1.0	0.0
17548	1.0	1.3582809591656604e-47
17549	1.0	2.448764921252866e-125
17551	1.0	2.616328005447441e-108
17552	1.0	2.616328005447441e-108
17553	1.0	2.616328005447441e-108
17554	1.0	2.616328005447441e-108
17555	1.0	2.616328005447441e-108
17556	1.0	9.881552177931012e-48
17557	1.0	2.616328005447441e-108
17558	1.0	2.616328005447441e-108
17559	1.0	4.943346793606894e-108
17560	1.0	0.0
17561	1.0	0.0
17562	1.0	1.3582809591656604e-47
17563	1.0	0.0
17564	1.0	0.0
17565	1.0	0.0
17566	1.0	0.0
17567	1.0	9.881552177931012e-48
17568	1.0	3.091269888136061e-183
17569	1.0	3.091269888136061e-183
17570	1.0	3.091269888136061e-183
17571	1.0	2.616328005447441e-108
17572	1.0	2.616328005447441e-108
17573	1.0	2.616328005447441e-108
17574	1.0	2.616328005447441e-108
17575	1.0	2.616328005447441e-108
17576	1.0	8.028423191553766e-183
17577	1.0	8.028423191553766e-183
17578	1.0	8.028423191553766e-183
17579	1.0	8.028423191553766e-183
17581	1.0	4.832127479771112e-182
17582	1.0	4.832127479771112e-182
17583	1.0	4.832127479771112e-182
17584	1.0	1.6360931810789221e-183
17585	1.0	2.616328005447441e-108
17586	1.0	2.616328005447441e-108
17587	1.0	2.616328005447441e-108
17588	1.0	4.943346793606894e-108
17589	1.0	8.028423191553766e-183
17590	1.0	4.249143204521088e-183
17591	1.0	4.249143204521088e-183
17592	1.0	2.616328005447441e-108
17593	1.0	2.616328005447441e-108
17594	1.0	2.616328005447441e-108
17595	1.0	2.616328005447441e-108
17596	1.0	2.616328005447441e-108
17597	1.0	2.616328005447441e-108
17598	1.0	2.616328005447441e-108
17599	1.0	2.616328005447441e-108
17600	1.0	4.943346793606894e-108
17601	1.0	8.028423191553766e-183
17602	1.0	8.028423191553766e-183
17603	1.0	8.028423191553766e-183
17604	1.0	8.028423191553766e-183
17605	1.0	4.832127479771112e-182
17606	1.0	4.832127479771112e-182
17607	1.0	2.616328005447441e-108
17608	1.0	2.616328005447441e-108
17609	1.0	2.616328005447441e-108
17611	1.0	3.091269888136061e-183
17612	1.0	7.412138783574835e-181
17613	1.0	7.412138783574835e-181
17614	1.0	8.028423191553766e-183
17615	1.0	8.028423191553766e-183
17616	1.0	1.2549652966898212e-181
17617	1.0	7.412138783574835e-181
17618	1.0	7.412138783574835e-181
17619	1.0	2.616328005447441e-108
17620	1.0	2.616328005447441e-108
17621	1.0	9.881552177931012e-48
17622	1.0	2.616328005447441e-108
17623	1.0	2.616328005447441e-108
17624	1.0	2.616328005447441e-108
17625	1.0	2.616328005447441e-108
17626	1.0	4.943346793606894e-108
17627	1.0	4.249143204521088e-183
17628	1.0	1.3582809591656604e-47
17629	1.0	4.249143204521088e-183
17630	1.0	4.249143204521088e-183
17631	1.0	2.616328005447441e-108
17632	1.0	2.853975292740035e-181
17633	1.0	2.616328005447441e-108
17634	1.0	2.616328005447441e-108
17635	0.9989647436200942	0.001035256379905768
17636	1.0	2.616328005447441e-108
17637	1.0	3.091269888136061e-183
17638	1.0	3.091269888136061e-183
17639	1.0	3.091269888136061e-183
17641	1.0	4.943346793606894e-108
17642	1.0	1.2549652966898212e-181
17643	1.0	1.2549652966898212e-181
17644	1.0	8.028423191553766e-183
17645	1.0	2.616328005447441e-108
17646	1.0	3.091269888136061e-183
17647	1.0	2.616328005447441e-108
17648	1.0	2.616328005447441e-108
17649	1.0	2.616328005447441e-108
17650	1.0	2.616328005447441e-108
17651	1.0	9.881552177931012e-48
17652	1.0	2.616328005447441e-108
17653	1.0	2.616328005447441e-108
17654	1.0	2.616328005447441e-108
17655	1.0	4.943346793606894e-108
17656	1.0	4.943346793606894e-108
17657	1.0	4.943346793606894e-108
17658	1.0	4.943346793606894e-108
17659	1.0	1.3582809591656604e-47
17660	1.0	1.6360931810789221e-183
17661	1.0	2.616328005447441e-108
17662	1.0	7.188871550195202e-48
17663	1.0	1.3847242602807624e-108
17664	1.0	1.3847242602807624e-108
17665	1.0	1.3847242602807624e-108
17666	1.0	1.3847242602807624e-108
17667	1.0	1.3847242602807624e-108
17668	1.0	1.3847242602807624e-108
17669	1.0	2.616328005447441e-108
17671	1.0	2.616328005447441e-108
17672	1.0	2.616328005447441e-108
17673	1.0	2.616328005447441e-108
17674	1.0	2.616328005447441e-108
17675	1.0	1.3847242602807624e-108
17676	1.0	7.188871550195202e-48
17677	1.0	1.3847242602807624e-108
17678	1.0	1.3847242602807624e-108
17679	1.0	1.3847242602807624e-108
17680	1.0	1.3847242602807624e-108
17681	1.0	1.3847242602807624e-108
17682	1.0	2.616328005447441e-108
17683	1.0	2.616328005447441e-108
17684	1.0	9.881552177931012e-48
17685	1.0	2.616328005447441e-108
17686	1.0	1.3847242602807624e-108
17687	1.0	1.3847242602807624e-108
17688	1.0	1.3847242602807624e-108
17689	1.0	1.3847242602807624e-108
17690	1.0	1.3847242602807624e-108
17691	1.0	1.3847242602807624e-108
17692	1.0	1.3847242602807624e-108
17693	1.0	1.3847242602807624e-108
17694	1.0	2.616328005447441e-108
17695	1.0	2.616328005447441e-108
17696	1.0	9.881552177931012e-48
17697	1.0	2.616328005447441e-108
17698	1.0	2.616328005447441e-108
17699	1.0	2.616328005447441e-108
17701	1.0	1.3847242602807624e-108
17702	1.0	1.3847242602807624e-108
17703	1.0	1.3847242602807624e-108
17704	1.0	1.3847242602807624e-108
17705	1.0	1.3847242602807624e-108
17706	1.0	1.3847242602807624e-108
17707	1.0	2.616328005447441e-108
17708	1.0	2.616328005447441e-108
17709	1.0	9.881552177931012e-48
17710	1.0	2.616328005447441e-108
17711	1.0	2.616328005447441e-108
17712	1.0	1.3847242602807624e-108
17713	1.0	1.3847242602807624e-108
17714	1.0	1.3847242602807624e-108
17715	1.0	1.3847242602807624e-108
17716	1.0	1.3847242602807624e-108
17717	1.0	1.3847242602807624e-108
17718	1.0	1.3847242602807624e-108
17719	1.0	1.3847242602807624e-108
17720	1.0	1.3847242602807624e-108
17721	1.0	1.3847242602807624e-108
17722	1.0	1.3847242602807624e-108
17723	1.0	1.3847242602807624e-108
17724	1.0	2.616328005447441e-108
17725	1.0	2.616328005447441e-108
17726	1.0	2.616328005447441e-108
17727	1.0	2.616328005447441e-108
17728	1.0	1.3847242602807624e-108
17729	1.0	7.188871550195202e-48
17731	1.0	2.616328005447441e-108
17732	1.0	2.616328005447441e-108
17733	1.0	2.616328005447441e-108
17734	1.0	2.616328005447441e-108
17735	1.0	2.616328005447441e-108
17736	1.0	2.616328005447441e-108
17737	1.0	2.616328005447441e-108
17738	1.0	1.3847242602807624e-108
17739	1.0	1.3847242602807624e-108
17740	1.0	0.0
17741	1.0	7.188871550195202e-48
17742	1.0	7.188871550195202e-48
17743	1.0	0.0
17744	1.0	0.0
17745	1.0	0.0
17746	1.0	0.0
17747	1.0	0.0
17748	1.0	0.0
17749	1.0	0.0
17750	1.0	0.0
17751	1.0	0.0
17752	1.0	0.0
17753	1.0	0.0
17754	1.0	0.0
17755	1.0	0.0
17756	1.0	0.0
17757	1.0	0.0
17758	1.0	9.6140127302802e-261
17759	1.0	4.339225995571626e-83
17761	1.0	0.0
17762	1.0	0.0
17763	1.0	0.0
17764	1.0	0.0
17765	1.0	0.0
17766	1.0	0.0
17767	1.0	7.188871550195202e-48
17768	1.0	0.0
17769	1.0	0.0
17770	0.9999995875289966	4.124710033489062e-07
17771	1.0	0.0
17772	1.0	7.188871550195202e-48
17773	1.0	0.0
17774	1.0	0.0
17775	1.0	0.0
17776	1.0	0.0
17777	1.0	0.0
17778	1.0	0.0
17779	1.0	0.0
17780	1.0	0.0
17781	1.0	0.0
17782	1.0	0.0
17783	1.0	0.0
17784	1.0	0.0
17785	1.0	0.0
17786	1.0	0.0
17787	1.0	0.0
17788	1.0	0.0
17789	1.0	0.0
17791	1.0	0.0
17792	1.0	0.0
17793	1.0	0.0
17794	1.0	0.0
17795	1.0	0.0
17796	1.0	0.0
17797	1.0	0.0
17798	1.0	0.0
17799	1.0	0.0
17800	1.0	0.0
17801	1.0	0.0
17802	1.0	0.0
17803	1.0	9.881552177931012e-48
17804	1.0	0.0
17805	1.0	0.0
17806	1.0	0.0
17807	1.0	0.0
17808	1.0	0.0
17809	1.0	0.0
17810	1.0	0.0
17811	1.0	0.0
17812	1.0	0.0
17813	1.0	7.188871550195202e-48
17814	1.0	0.0
17815	1.0	0.0
17816	1.0	0.0
17817	1.0	0.0
17818	1.0	0.0
17819	1.0	0.0
17821	1.0	0.0
17822	1.0	0.0
17823	1.0	0.0
17824	1.0	3.649721243560774e-295
17825	1.0	7.188871550195202e-48
17826	1.0	0.0
17827	1.0	1.3847242602807624e-108
17828	1.0	1.3847242602807624e-108
17829	1.0	1.3847242602807624e-108
17830	1.0	0.0
17831	1.0	0.0
17832	1.0	0.0
17833	1.0	0.0
17834	1.0	0.0
17835	1.0	9.881552177931012e-48
17836	1.0	0.0
17837	1.0	0.0
17838	1.0	0.0
17839	1.0	0.0
17840	1.0	7.188871550195202e-48
17841	1.0	1.3847242602807624e-108
17842	1.0	7.188871550195202e-48
17843	1.0	1.3847242602807624e-108
17844	1.0	1.3847242602807624e-108
17845	1.0	0.0
17846	1.0	0.0
17847	1.0	0.0
17848	1.0	0.0
17849	1.0	9.881552177931012e-48
17851	1.0	9.881552177931012e-48
17852	1.0	0.0
17853	1.0	0.0
17854	1.0	0.0
17855	1.0	0.0
17856	1.0	0.0
17857	1.0	7.188871550195202e-48
17858	1.0	0.0
17859	1.0	1.3847242602807624e-108
17860	1.0	7.188871550195202e-48
17861	1.0	1.3847242602807624e-108
17862	1.0	1.3847242602807624e-108
17863	1.0	7.188871550195202e-48
17864	1.0	1.3847242602807624e-108
17865	1.0	7.188871550195202e-48
17866	1.0	7.188871550195202e-48
17867	1.0	9.881552177931012e-48
17868	1.0	2.616328005447441e-108
17869	1.0	9.881552177931012e-48
17870	1.0	9.881552177931012e-48
17871	1.0	1.3847242602807624e-108
17872	1.0	1.3847242602807624e-108
17873	1.0	1.3847242602807624e-108
17874	1.0	7.188871550195202e-48
17875	1.0	1.3847242602807624e-108
17876	1.0	1.3847242602807624e-108
17877	1.0	1.3847242602807624e-108
17878	1.0	1.3847242602807624e-108
17879	1.0	1.3847242602807624e-108
17881	1.0	2.616328005447441e-108
17882	1.0	9.881552177931012e-48
17883	1.0	2.616328005447441e-108
17884	1.0	1.3847242602807624e-108
17885	1.0	1.3847242602807624e-108
17886	1.0	1.3847242602807624e-108
17887	1.0	1.3847242602807624e-108
17888	1.0	0.0
17889	1.0	7.188871550195202e-48
17890	1.0	1.3847242602807624e-108
17891	1.0	1.3847242602807624e-108
17892	1.0	1.3847242602807624e-108
17893	1.0	2.616328005447441e-108
17894	1.0	2.616328005447441e-108
17895	1.0	2.616328005447441e-108
17896	1.0	2.616328005447441e-108
17897	1.0	2.616328005447441e-108
17898	1.0	2.616328005447441e-108
17899	1.0	7.188871550195202e-48
17900	1.0	1.3847242602807624e-108
17901	1.0	1.3847242602807624e-108
17902	1.0	1.3847242602807624e-108
17903	1.0	1.3847242602807624e-108
17904	1.0	1.3847242602807624e-108
17905	1.0	1.3847242602807624e-108
17906	1.0	1.3847242602807624e-108
17907	1.0	1.3847242602807624e-108
17908	1.0	1.3847242602807624e-108
17909	1.0	9.881552177931012e-48
17911	1.0	2.616328005447441e-108
17912	1.0	9.881552177931012e-48
17913	1.0	2.616328005447441e-108
17914	1.0	1.3847242602807624e-108
17915	1.0	1.3847242602807624e-108
17916	1.0	1.3847242602807624e-108
17917	1.0	1.3847242602807624e-108
17918	1.0	1.3847242602807624e-108
17919	1.0	2.4261072025020585e-154
17920	1.0	4.583939489033639e-154
17921	1.0	4.583939489033639e-154
17922	1.0	4.583939489033639e-154
17923	1.0	4.583939489033639e-154
17924	1.0	4.583939489033639e-154
17925	1.0	4.583939489033639e-154
17926	1.0	1.3847242602807624e-108
17927	1.0	1.3847242602807624e-108
17928	1.0	1.3847242602807624e-108
17929	1.0	1.3847242602807624e-108
17930	1.0	1.3847242602807624e-108
17931	1.0	1.3847242602807624e-108
17932	1.0	1.3847242602807624e-108
17933	1.0	7.188871550195202e-48
17934	1.0	2.616328005447441e-108
17935	1.0	9.881552177931012e-48
17936	1.0	2.616328005447441e-108
17937	1.0	2.616328005447441e-108
17938	1.0	2.616328005447441e-108
17939	1.0	2.616328005447441e-108
17941	1.0	1.3847242602807624e-108
17942	1.0	1.3847242602807624e-108
17943	1.0	1.3847242602807624e-108
17944	1.0	1.3847242602807624e-108
17945	1.0	1.3847242602807624e-108
17946	1.0	1.3847242602807624e-108
17947	1.0	8.24244630576521e-190
17948	1.0	2.616328005447441e-108
17949	1.0	9.881552177931012e-48
17950	1.0	2.616328005447441e-108
17951	1.0	2.616328005447441e-108
17952	1.0	1.3847242602807624e-108
17953	1.0	1.3847242602807624e-108
17954	1.0	1.3847242602807624e-108
17955	1.0	1.3847242602807624e-108
17956	1.0	1.3847242602807624e-108
17957	1.0	1.3847242602807624e-108
17958	1.0	1.3847242602807624e-108
17959	1.0	2.616328005447441e-108
17960	1.0	9.881552177931012e-48
17961	1.0	2.616328005447441e-108
17962	1.0	2.616328005447441e-108
17963	1.0	2.616328005447441e-108
17964	1.0	1.3847242602807624e-108
17965	1.0	2.616328005447441e-108
17966	1.0	2.616328005447441e-108
17967	1.0	2.616328005447441e-108
17968	1.0	2.616328005447441e-108
17969	1.0	2.616328005447441e-108
17971	1.0	2.616328005447441e-108
17972	1.0	2.616328005447441e-108
17973	1.0	2.616328005447441e-108
17974	1.0	4.943346793606894e-108
17975	1.0	4.943346793606894e-108
17976	1.0	4.943346793606894e-108
17977	1.0	4.943346793606894e-108
17978	1.0	4.943346793606894e-108
17979	1.0	1.3847242602807624e-108
17980	1.0	2.616328005447441e-108
17981	1.0	2.616328005447441e-108
17982	1.0	9.881552177931012e-48
17983	1.0	2.616328005447441e-108
17984	1.0	2.616328005447441e-108
17985	1.0	9.881552177931012e-48
17986	1.0	9.881552177931012e-48
17987	1.0	2.616328005447441e-108
17988	1.0	4.943346793606894e-108
17989	1.0	4.943346793606894e-108
17990	1.0	4.943346793606894e-108
17991	1.0	4.943346793606894e-108
17992	1.0	4.943346793606894e-108
17993	1.0	4.943346793606894e-108
17994	1.0	4.943346793606894e-108
17995	1.0	2.616328005447441e-108
17996	1.0	2.616328005447441e-108
17997	1.0	2.616328005447441e-108
17998	1.0	2.616328005447441e-108
17999	1.0	9.881552177931012e-48
18001	1.0	2.616328005447441e-108
18002	1.0	2.616328005447441e-108
18003	1.0	2.616328005447441e-108
18004	1.0	4.943346793606894e-108
18005	1.0	4.943346793606894e-108
18006	1.0	4.943346793606894e-108
18007	1.0	4.943346793606894e-108
18008	1.0	4.943346793606894e-108
18009	1.0	4.943346793606894e-108
18010	1.0	2.616328005447441e-108
18011	1.0	2.616328005447441e-108
18012	1.0	0.0
18013	1.0	2.616328005447441e-108
18014	1.0	9.881552177931012e-48
18015	1.0	4.943346793606894e-108
18016	1.0	4.943346793606894e-108
18017	1.0	4.943346793606894e-108
18018	1.0	1.3582809591656604e-47
18019	1.0	4.943346793606894e-108
18020	1.0	2.616328005447441e-108
18021	1.0	2.978509038238582e-200
18022	1.0	2.978509038238582e-200
18023	1.0	9.881552177931012e-48
18024	1.0	6.525646345494971e-214
18025	1.0	2.977397357356801e-215
18026	1.0	6.525646345494971e-214
18027	1.0	2.978509038238582e-200
18028	1.0	4.5306384887914714e-214
18029	1.0	4.5306384887914714e-214
18031	1.0	2.616328005447441e-108
18032	1.0	9.881552177931012e-48
18033	1.0	8.660994541977232e-154
18034	1.0	8.660994541977232e-154
18035	1.0	8.660994541977232e-154
18036	1.0	8.660994541977232e-154
18037	1.0	2.978509038238582e-200
18038	1.0	6.525646345494971e-214
18039	1.0	8.660994541977232e-154
18040	1.0	6.525646345494971e-214
18041	3.3882233774671107e-113	1.0
18042	4.746936173063919e-66	1.0
18043	0.0	1.0
18044	1.0054051991982867e-173	1.0
18045	1.9405153151068683e-112	1.0
18046	1.0248479644498594e-98	1.0
18047	3.9929543246513e-05	0.9999600704567535
18048	7.518125484351679e-107	1.0
18049	1.2136416302731189e-18	1.0
18050	1.7415494833977268e-25	1.0
18051	1.862439978183475e-83	1.0
18052	2.934783206233536e-101	1.0
18053	1.4940443109450292e-69	1.0
18054	3.0174615135214464e-172	1.0
18055	1.362872696934059e-31	1.0
18056	4.4919449007073435e-60	1.0
18057	1.555927117937664e-107	1.0
18058	4.222396672049687e-45	1.0
18059	1.0942245865947315e-13	0.9999999999998905
18061	1.4846521682120354e-107	1.0
18062	2.1391781139030283e-114	1.0
18063	4.354939971222892e-12	0.999999999995645
18064	3.315038430987947e-166	1.0
18065	3.336916485450511e-56	1.0
18066	3.208066154446391e-54	1.0
18067	4.063811574044748e-41	1.0
18068	8.280823496283993e-19	1.0
18069	9.858432267115982e-116	1.0
18070	0.0	1.0
18071	3.198513224496563e-15	0.9999999999999969
18072	9.4260225e-316	1.0
18073	3.6638061470670574e-205	1.0
18074	2.437111880306133e-14	0.9999999999999756
18075	9.507258329218321e-63	1.0
18076	5.771578514016966e-280	1.0
18077	2.344980846270572e-161	1.0
18078	2.4179288539876165e-28	1.0
18079	6.157153224212871e-41	1.0
18080	4.793264130813196e-44	1.0
18081	4.536329092173568e-92	1.0
18082	1.3589037086097043e-45	1.0
18083	3.5851234395728884e-42	1.0
18084	9.227069610786365e-11	0.9999999999077294
18085	3.573430276337558e-51	1.0
18086	1.8278363064684176e-52	1.0
18087	4.587450707709739e-214	1.0
18088	5.784985329973782e-49	1.0
18089	2.7134686165066448e-205	1.0
18091	5.64906034212543e-199	1.0
18092	4.239540938127121e-50	1.0
18093	4.477564156259428e-18	1.0
18094	1.6825799157659928e-185	1.0
18095	2.0126414399776596e-18	1.0
18096	2.8986177970017697e-194	1.0
18097	6.329362446510497e-42	1.0
18098	3.9929543246513e-05	0.9999600704567535
18099	2.2219451682657675e-49	1.0
18100	1.4163431020322396e-201	1.0
18101	4.086787225939261e-08	0.9999999591321277
18102	1.5276430751381666e-67	1.0
18103	4.049733702225784e-115	1.0
18104	3.370401536931579e-95	1.0
18105	2.59416150543803e-37	1.0
18106	1.9153556268548369e-106	1.0
18107	3.1956141206746285e-20	1.0
18108	1.3092846804514767e-54	1.0
18109	3.728109814406372e-115	1.0
18110	2.1469200145197745e-64	1.0
18111	3.8841444234093286e-140	1.0
18112	3.350952297754757e-59	1.0
18113	1.1320358728527917e-178	1.0
18114	7.901890763632081e-56	1.0
18115	1.96831979584217e-67	1.0
18116	0.0	1.0
18117	1.2106531766388128e-59	1.0
18118	2.196679890208093e-52	1.0
18119	1.1690923233636923e-69	1.0
18121	2.1561726001040875e-298	1.0
18122	2.4520299388775413e-54	1.0
18123	1.3807338105809045e-79	1.0
18124	9.357506109563797e-05	0.9999064249389042
18125	0.0	1.0
18126	4.536329092173568e-92	1.0
18127	0.0	1.0
18128	4.4034680722806144e-195	1.0
18129	9.873501329586126e-41	1.0
18130	2.529214255849051e-78	1.0
18131	1.632335703986064e-69	1.0
18132	7.368972263397556e-74	1.0
18133	4.611887353692395e-54	1.0
18134	4.248775852057281e-105	1.0
18135	1.0041833129443946e-270	1.0
18136	4.3363323639527594e-299	1.0
18137	0.12256127734280045	0.8774387226571996
18138	0.004231125630097031	0.995768874369903
18139	0.0	1.0
18140	3.576816617515088e-187	1.0
18141	4.159480261933502e-106	1.0
18142	3.443813386740489e-34	1.0
18143	2.9554733595702935e-68	1.0
18144	0.0	1.0
18145	1.5903164537624622e-73	1.0
18146	0.0	1.0
18147	1.6268889503036243e-146	1.0
18148	9.230064794290095e-115	1.0
18149	1.770679872670301e-124	1.0
18151	5.59796913482173e-123	1.0
18152	1.5270871845856492e-10	0.9999999998472913
18153	0.0	1.0
18154	0.0	1.0
18155	3.3842020641035392e-158	1.0
18156	1.1608110849582113e-16	0.9999999999999998
18157	0.0	1.0
18158	7.311956654748224e-09	0.9999999926880432
18159	6.514483026313703e-67	1.0
18160	1.9019957363957752e-06	0.9999980980042635
18161	5.657613367035786e-54	1.0
18162	3.3574160620209765e-46	1.0
18163	2.064483052643188e-64	1.0
18164	0.0	1.0
18165	8.447320917542157e-169	1.0
18166	1.218135914728184e-260	1.0
18167	9.978849909046167e-65	1.0
18168	1.974967874253979e-63	1.0
18169	1.2119173999566005e-122	1.0
18170	1.9408829147088684e-08	0.9999999805911709
18171	3.017667580644655e-44	1.0
18172	0.0	1.0
18173	0.0	1.0
18174	4.239185094909467e-294	1.0
18175	1.246205928462628e-212	1.0
18176	1.09893293260194e-183	1.0
18177	1.882819758349704e-73	1.0
18178	0.0	1.0
18179	1.4411422229932583e-62	1.0
18181	1.6696082748310305e-201	1.0
18182	4.982323233586102e-193	1.0
18183	6.830194928668106e-122	1.0
18184	8.550311404778486e-221	1.0
18185	2.491310510207499e-212	1.0
18186	1.3656521765366427e-216	1.0
18187	3.650064583680821e-35	1.0
18188	4.60802931444071e-74	1.0
18189	5.3211827052483355e-303	1.0
18190	1.3048502304304422e-48	1.0
18191	2.8630205662034717e-123	1.0
18192	3.7853573837676676e-228	1.0
18193	2.8301518968893516e-215	1.0
18194	2.6052119297105396e-98	1.0
18195	5.977280175820221e-223	1.0
18196	4.092756506642586e-109	1.0
18197	5.353938492349781e-25	1.0
18198	4.043274707969934e-309	1.0
18199	1.2298706456783518e-06	0.9999987701293542
18200	1.6649593911185607e-29	1.0
18201	1.3048502304304422e-48	1.0
18202	0.0	1.0
18203	3.506403340210005e-45	1.0
18204	1.6204669634695912e-260	1.0
18205	9.784340621856196e-236	1.0
18206	8.0388715335047e-12	0.9999999999919611
18207	4.574791884044128e-197	1.0
18208	5.508615145475063e-217	1.0
18209	2.0132397707716745e-186	1.0
18211	0.0	1.0
18212	1.328789700839435e-88	1.0
18213	8.809426930547326e-305	1.0
18214	0.0	1.0
18215	2.1266267425063152e-157	1.0
18216	1.915030314158657e-05	0.9999808496968583
18217	2.960808717331846e-223	1.0
18218	2.5820623476778542e-216	1.0
18219	0.0	1.0
18220	7.819898507495607e-48	1.0
18221	6.548851808397503e-281	1.0
18222	3.501344396843284e-14	0.9999999999999649
18223	1.320993470384123e-157	1.0
18224	6.384140710985655e-60	1.0
18225	1.6065765229450772e-237	1.0
18226	0.0	1.0
18227	0.0	1.0
18228	0.0	1.0
18229	0.0	1.0
18230	5.176692237340498e-31	1.0
18231	3.754128084393767e-43	1.0
18232	5.487799860078838e-121	1.0
18233	1.8562658464332285e-16	0.9999999999999998
18234	3.756039192433682e-76	1.0
18235	0.0	1.0
18236	2.332101506347797e-32	1.0
18237	1.5328337741644757e-27	1.0
18238	6.493221958111796e-183	1.0
18239	1.3502893276754792e-306	1.0
18241	6.204812154950764e-117	1.0
18242	4.267302730127585e-26	1.0
18243	1.9216851483593632e-281	1.0
18244	7.465631211336063e-34	1.0
18245	0.0	1.0
18246	6.67049051887849e-69	1.0
18247	0.0	1.0
18248	9.37925568802864e-66	1.0
18249	1.4935076479063606e-16	0.9999999999999998
18250	6.513178468836154e-42	1.0
18251	0.0	1.0
18252	0.0	1.0
18253	0.0	1.0
18254	1.8168048723081457e-46	1.0
18255	3.380612591240178e-42	1.0
18256	1.3364016082818958e-44	1.0
18257	2.4923851991813094e-185	1.0
18258	2.7352234436937043e-09	0.9999999972647766
18259	3.1982142351402845e-131	1.0
18260	7.265652971214799e-29	1.0
18261	0.0	1.0
18262	4.461409395426571e-33	1.0
18263	6.677564837326773e-22	1.0
18264	0.0	1.0
18265	0.0	1.0
18266	4.5924315058835556e-291	1.0
18267	2.89875169724e-313	1.0
18268	0.0	1.0
18269	3.6779813726813027e-13	0.9999999999996323
18271	1.8710915464284679e-31	1.0
18272	4.3966793324692e-46	1.0
18273	8.894873044980569e-267	1.0
18274	9.541136213300599e-20	1.0
18275	1.2059544413462904e-23	1.0
18276	4.573699404050176e-129	1.0
18277	0.0	1.0
18278	1.2169169030858705e-90	1.0
18279	3.8693713424748453e-66	1.0
18280	8.618294312755702e-135	1.0
18281	1.7977932489375115e-100	1.0
18282	9.362080493060874e-16	0.9999999999999991
18283	4.406526181074465e-17	1.0
18284	0.0	1.0
18285	9.541348218037545e-19	1.0
18286	0.0	1.0
18287	2.344003470223121e-129	1.0
18288	0.0	1.0
18289	0.0	1.0
18290	1.1560057914528445e-71	1.0
18291	1.7112133297629786e-54	1.0
18292	8.994636855890155e-29	1.0
18293	0.0	1.0
18294	7.190243479467945e-285	1.0
18295	2.7921403105812255e-60	1.0
18296	3.702783879339004e-60	1.0
18297	1.7112133297633675e-54	1.0
18298	2.345905048979055e-52	1.0
18299	8.342471494869987e-265	1.0
18301	9.203167511569092e-106	1.0
18302	0.0	1.0
18303	1.0722166515838086e-179	1.0
18304	3.7835261581706307e-38	1.0
18305	4.0673916498888694e-58	1.0
18306	5.2781831494734274e-247	1.0
18307	1.0654997603369612e-260	1.0
18308	1.4371119036039448e-275	1.0
18309	2.521394194359366e-230	1.0
18310	3.767598233601685e-304	1.0
18311	1.8160487507472425e-59	1.0
18312	7.053840944369127e-280	1.0
18313	0.0	1.0
18314	3.933483986114657e-273	1.0
18315	2.1830493316983115e-43	1.0
18316	4.1042651807312736e-179	1.0
18317	8.131074066122835e-164	1.0
18318	2.0468016149176282e-184	1.0
18319	2.9115714269381446e-104	1.0
18320	1.0341609407107446e-07	0.9999998965839059
18321	7.638969701613999e-62	1.0
18322	6.301222640188134e-306	1.0
18323	2.3965773433759905e-34	1.0
18324	6.36283617666739e-138	1.0
18325	2.2535365637635912e-05	0.9999774646343624
18326	1.6757538176290455e-08	0.9999999832424619
18327	0.0	1.0
18328	0.0	1.0
18329	5.2896927525092345e-42	1.0
18331	7.049935431862247e-161	1.0
18332	3.051986976587508e-152	1.0
18333	5.137978510193297e-157	1.0
18334	1.1550455379504968e-209	1.0
18335	1.2943050173225469e-14	0.9999999999999871
18336	1.3338345221911007e-26	1.0
18337	5.455565239835822e-204	1.0
18338	0.0	1.0
18339	2.9833271840841974e-44	1.0
18340	8.289694387010467e-122	1.0
18341	0.00696713981290021	0.9930328601870998
18342	3.13502109907672e-155	1.0
18343	8.143310860060646e-284	1.0
18344	2.1642121019083147e-50	1.0
18345	6.97694986490452e-163	1.0
18346	4.887745680894267e-121	1.0
18347	5.5073413400915155e-208	1.0
18348	1.0489972710571882e-36	1.0
18349	0.0	1.0
18350	1.0585272500070156e-298	1.0
18351	2.9688942937999326e-189	1.0
18352	1.389439061835818e-48	1.0
18353	1.8927801542726766e-237	1.0
18354	1.8237403945404455e-70	1.0
18355	8.933506485979487e-80	1.0
18356	2.2091060881212405e-117	1.0
18357	1.3716164710137906e-06	0.9999986283835289
18358	3.1566946219963747e-242	1.0
18359	8.504521146544578e-153	1.0
18361	4.314093458823955e-14	0.9999999999999569
18362	1.0489972710571882e-36	1.0
18363	6.954155430633317e-20	1.0
18364	4.534242352251481e-137	1.0
18365	1.5234076452462925e-88	1.0
18366	4.101737506951459e-185	1.0
18367	1.544288208783517e-160	1.0
18368	2.5947224657990035e-173	1.0
18369	8.392119289144755e-46	1.0
18370	2.5276787025233783e-06	0.9999974723212975
18371	5.621772740524886e-52	1.0
18372	8.950329919019061e-98	1.0
18373	2.2895354821931412e-46	1.0
18374	2.046065014497355e-210	1.0
18375	3.672054198313844e-38	1.0
18376	0.0	1.0
18377	0.0	1.0
18378	0.0	1.0
18379	1.846425250579428e-103	1.0
18380	8.464125190574312e-178	1.0
18381	3.576906759316981e-127	1.0
18382	0.0	1.0
18383	2.3485058619414804e-33	1.0
18384	0.0	1.0
18385	3.902036810527578e-95	1.0
18386	3.3836422472193155e-121	1.0
18387	1.839986055904226e-217	1.0
18388	0.0	1.0
18389	8.420142682798056e-68	1.0
18391	8.061904009934722e-163	1.0
18392	4.185406061164285e-166	1.0
18393	2.3701859504627427e-143	1.0
18394	0.0	1.0
18395	1.0490212348514199e-140	1.0
18396	1.3088043858858967e-197	1.0
18397	0.0	1.0
18398	3.3040615721210816e-176	1.0
18399	1.5154975457454639e-273	1.0
18400	0.0	1.0
18401	8.027356739688272e-60	1.0
18402	1.3040189048792153e-13	0.9999999999998697
18403	1.5535719933439273e-182	1.0
18404	1.0439169146118424e-32	1.0
18405	2.0654715797278155e-78	1.0
18406	0.0	1.0
18407	1.936253031769256e-106	1.0
18408	8.184118836535073e-142	1.0
18409	2.9319578825563362e-186	1.0
18410	0.0	1.0
18411	3.5341178412053877e-212	1.0
18412	5.8282614319741126e-142	1.0
18413	4.078106445917588e-109	1.0
18414	0.0	1.0
18415	0.0	1.0
18416	1.48938426677271e-74	1.0
18417	2.5899820742454305e-168	1.0
18418	4.983811593436008e-275	1.0
18419	4.3545772864310635e-42	1.0
18421	6.730706145350031e-31	1.0
18422	6.396950118858555e-202	1.0
18423	2.8882878642919725e-282	1.0
18424	8.410044989976922e-84	1.0
18425	1.3402285457304082e-79	1.0
18426	9.184299738314029e-221	1.0
18427	7.344305741836702e-114	1.0
18428	9.946305535928066e-63	1.0
18429	5.724524624934306e-134	1.0
18430	6.561923919514922e-95	1.0
18431	2.9437334563883717e-10	0.9999999997056266
18432	7.742471724011592e-80	1.0
18433	1.4413946959834606e-75	1.0
18434	0.0	1.0
18435	8.620774915084504e-79	1.0
18436	5.456316391210149e-269	1.0
18437	4.636484277849306e-17	1.0
18438	7.255850421513579e-30	1.0
18439	5.3544575226899094e-241	1.0
18440	1.885443847788591e-13	0.9999999999998115
18441	1.5151334917010738e-92	1.0
18442	6.561923919514922e-95	1.0
18443	0.9407484833342638	0.05925151666573619
18444	9.636401523128564e-32	1.0
18445	1.8806180094250468e-159	1.0
18446	5.4777559069794456e-67	1.0
18447	1.7550015265291465e-175	1.0
18448	2.213303527327958e-27	1.0
18449	4.49667192985134e-271	1.0
18451	1.0156462543966205e-17	1.0
18452	0.0	1.0
18453	7.144171814620372e-146	1.0
18454	2.1141236261601397e-39	1.0
18455	6.159032782668102e-200	1.0
18456	7.077364961690927e-277	1.0
18457	2.73283e-319	1.0
18458	2.3381417659216985e-44	1.0
18459	6.873926157899302e-187	1.0
18460	4.310337696682329e-177	1.0
18461	2.8090770198064627e-60	1.0
18462	1.1049455108005826e-127	1.0
18463	1.2276648600144907e-42	1.0
18464	5.647675150729288e-93	1.0
18465	6.110009628391786e-139	1.0
18466	1.6337383906649968e-126	1.0
18467	2.374128771704254e-184	1.0
18468	1.1708564230519593e-75	1.0
18469	6.517660064625987e-79	1.0
18470	3.6437568505753905e-164	1.0
18471	8.05928647104849e-37	1.0
18472	0.0	1.0
18473	5.077308472339205e-87	1.0
18474	3.3493264190250837e-195	1.0
18475	1.642566883164199e-174	1.0
18476	4.973033406793631e-27	1.0
18477	0.22775712057438352	0.7722428794256164
18478	2.8722900760440924e-65	1.0
18479	3.22171422504299e-82	1.0
18481	3.937361010061501e-274	1.0
18482	1.7641608142080307e-278	1.0
18483	1.2095124546154679e-216	1.0
18484	4.5627579790584486e-83	1.0
18485	1.5569916466255285e-187	1.0
18486	0.0	1.0
18487	7.690178061329363e-46	1.0
18488	0.0	1.0
18489	2.204043480297781e-11	0.9999999999779596
18490	0.0	1.0
18491	3.353439936327471e-23	1.0
18492	2.415597543674232e-118	1.0
18493	2.1769803381107307e-59	1.0
18494	6.959513857189127e-105	1.0
18495	3.2125531473975026e-159	1.0
18496	1.1396615930177593e-42	1.0
18497	0.0	1.0
18498	2.785089811041663e-143	1.0
18499	5.548477503783002e-42	1.0
18500	1.016105007159817e-77	1.0
18501	2.5615701833045157e-209	1.0
18502	8.916258444422311e-83	1.0
18503	0.0	1.0
18504	1.0364359841018522e-97	1.0
18505	5.029125091998055e-64	1.0
18506	9.78375101814911e-09	0.999999990216249
18507	4.700104560176741e-22	1.0
18508	2.9812727657938846e-62	1.0
18509	1.9360656846321616e-126	1.0
18511	1.6175727969830763e-234	1.0
18512	6.125297530337237e-15	0.9999999999999938
18513	3.006947709416311e-138	1.0
18514	6.87789676073921e-56	1.0
18515	1.6133555799766203e-64	1.0
18516	1.664373923844147e-91	1.0
18517	1.5211944986999152e-69	1.0
18518	0.0	1.0
18519	4.580681222316975e-07	0.9999995419318777
18520	6.226486196258244e-48	1.0
18521	0.0	1.0
18522	1.0271033240736424e-82	1.0
18523	7.16194281914604e-228	1.0
18524	3.6117655069506445e-191	1.0
18525	4.740124677502961e-149	1.0
18526	7.724482139008679e-65	1.0
18527	6.826656837662536e-61	1.0
18528	1.4115736585130465e-65	1.0
18529	2.381065335309882e-83	1.0
18530	7.806401824481236e-80	1.0
18531	9.09166465747469e-153	1.0
18532	4.790455800592618e-74	1.0
18533	8.202895158632241e-17	1.0
18534	0.0	1.0
18535	0.0	1.0
18536	3.2854333239226983e-40	1.0
18537	1.3457137739865368e-159	1.0
18538	5.356642904232209e-199	1.0
18539	2.968549536647048e-84	1.0
18541	0.0	1.0
18542	1.9262301730168208e-41	1.0
18543	6.117568580110958e-257	1.0
18544	0.0	1.0
18545	9.924801176981922e-79	1.0
18546	2.9645582238889955e-50	1.0
18547	1.1101644353237621e-92	1.0
18548	0.0	1.0
18549	6.0958802340538285e-174	1.0
18550	1.50148558484e-312	1.0
18551	2.391433777104948e-07	0.9999997608566223
18552	1.0136024374336229e-129	1.0
18553	1.1024033669368806e-66	1.0
18554	2.1120967200627246e-303	1.0
18555	0.0	1.0
18556	6.296610494634744e-42	1.0
18557	2.1050637680041792e-249	1.0
18558	4.987445407032885e-176	1.0
18559	2.857827552592752e-44	1.0
18560	9.049722803868318e-60	1.0
18561	1.764192285626666e-128	1.0
18562	1.9026731335016356e-97	1.0
18563	1.375014430926574e-82	1.0
18564	1.2607268204762633e-69	1.0
18565	6.6488376035577435e-37	1.0
18566	1.6644867690865008e-64	1.0
18567	1.70347523590965e-70	1.0
18568	0.0	1.0
18569	0.0	1.0
18571	8.549443664170417e-191	1.0
18572	0.0	1.0
18573	7.865207064823813e-228	1.0
18574	3.327190696570976e-36	1.0
18575	4.758417757431746e-262	1.0
18576	1.7498428405157794e-09	0.9999999982501571
18577	4.830470358330921e-11	0.9999999999516953
18578	2.471019439225991e-277	1.0
18579	1.4772642947452503e-42	1.0
18580	0.0	1.0
18581	0.4907032400589102	0.5092967599410899
18582	1.3122096131653854e-78	1.0
18583	0.0	1.0
18584	0.0	1.0
18585	1.6741146263288476e-67	1.0
18586	3.130520402702509e-09	0.9999999968694795
18587	1.918317086961858e-204	1.0
18588	3.2750828543281576e-146	1.0
18589	2.58792931223632e-240	1.0
18590	5.952778800939594e-268	1.0
18591	3.0527934536641003e-35	1.0
18592	0.0	1.0
18593	7.509388029906483e-208	1.0
18594	9.77643690775838e-34	1.0
18595	8.072293210804958e-187	1.0
18596	2.115114234780355e-15	0.9999999999999978
18597	9.304879393627872e-63	1.0
18598	3.554004878792634e-205	1.0
18599	7.375686432323996e-53	1.0
18601	7.784740213813103e-108	1.0
18602	2.8090770198064627e-60	1.0
18603	5.731709374999647e-19	1.0
18604	4.566324422824697e-35	1.0
18605	3.890278971696174e-40	1.0
18606	1.7341227154685903e-43	1.0
18607	6.420066237466468e-162	1.0
18608	1.1988397100907879e-17	1.0
18609	3.259300123068464e-154	1.0
18610	5.470408240257162e-86	1.0
18611	1.784880192361684e-30	1.0
18612	1.9262818430737786e-57	1.0
18613	8.693789204349902e-202	1.0
18614	2.1385620312112542e-144	1.0
18615	1.325289262807135e-150	1.0
18616	1.5225050266612993e-13	0.9999999999998477
18617	5.950653149835247e-281	1.0
18618	1.8752629272560575e-61	1.0
18619	1.080734890917921e-230	1.0
18620	4.8172696713405857e-57	1.0
18621	1.4301634852150822e-234	1.0
18622	2.3296963469788346e-148	1.0
18623	4.3402536016729447e-41	1.0
18624	1.2482942360772105e-40	1.0
18625	1.4653645421057089e-272	1.0
18626	1.5251913907962605e-18	1.0
18627	6.5516941482617e-185	1.0
18628	1.1953811687913157e-157	1.0
18629	3.663370347881873e-260	1.0
18631	7.157375193563359e-146	1.0
18632	1.5261723349524106e-34	1.0
18633	3.1669981787215444e-42	1.0
18634	2.959433713585182e-279	1.0
18635	6.436959014806497e-157	1.0
18636	0.0	1.0
18637	3.7146075313224205e-170	1.0
18638	0.0	1.0
18639	3.104224179684007e-26	1.0
18640	3.2916129294969996e-135	1.0
18641	1.7506694032202674e-142	1.0
18642	1.1794857382122686e-48	1.0
18643	5.568216369639057e-06	0.9999944317836305
18644	4.5507592207831805e-234	1.0
18645	3.0212166513797986e-167	1.0
18646	4.265621595720458e-38	1.0
18647	1.587259939893793e-61	1.0
18648	2.767565326105932e-153	1.0
18649	9.653970340170963e-09	0.9999999903460296
18650	1.1031674393894912e-153	1.0
18651	3.260480301918605e-140	1.0
18652	1.31179636387919e-63	1.0
18653	6.046529246653676e-35	1.0
18654	2.2530721430798013e-74	1.0
18655	3.460759316752925e-285	1.0
18656	3.162559354330043e-293	1.0
18657	1.3271657333247279e-42	1.0
18658	2.7853620399932272e-105	1.0
18659	2.5867258251459942e-161	1.0
18661	1.7098341953591498e-53	1.0
18662	1.1634430640811735e-130	1.0
18663	1.0772600315731734e-96	1.0
18664	6.099813713368605e-223	1.0
18665	2.2156415403677995e-171	1.0
18666	7.223939550656701e-12	0.999999999992776
18667	5.1047591060694796e-186	1.0
18668	5.920325622439981e-181	1.0
18669	6.578575117037775e-187	1.0
18670	0.0	1.0
18671	4.9743783949032637e-42	1.0
18672	1.5656110128851496e-33	1.0
18673	0.0	1.0
18674	6.279870980355176e-62	1.0
18675	1.1691111244581273e-156	1.0
18676	1.3622204990003108e-236	1.0
18677	3.372585450083119e-206	1.0
18678	7.357815087473806e-304	1.0
18679	0.0	1.0
18680	0.0	1.0
18681	1.6187679529789098e-29	1.0
18682	0.0	1.0
18683	4.686690062889566e-37	1.0
18684	7.0831988407378306e-12	0.9999999999929168
18685	8.148874013668489e-45	1.0
18686	3.912053751307223e-37	1.0
18687	1.8718628949016784e-49	1.0
18688	2.4507196951926527e-10	0.999999999754928
18689	1.7687515581756032e-164	1.0
18691	1.8840458211486367e-115	1.0
18692	6.03279095215214e-207	1.0
18693	2.7074694295249685e-09	0.9999999972925306
18694	9.945358793397191e-98	1.0
18695	0.0	1.0
18696	1.0287389047048983e-258	1.0
18697	2.180182641766968e-242	1.0
18698	2.2045242126189122e-09	0.9999999977954759
18699	2.5724972894583786e-182	1.0
18700	1.1603976525558324e-283	1.0
18701	2.625888196932743e-06	0.999997374111803
18702	0.0	1.0
18703	0.0	1.0
18704	3.782163162722523e-91	1.0
18705	3.136670286416634e-17	1.0
18706	1.7975323572981216e-15	0.9999999999999982
18707	1.1391455503293153e-103	1.0
18708	4.2014664114438914e-70	1.0
18709	7.428803233339804e-16	0.9999999999999993
18710	3.5524766267409983e-236	1.0
18711	4.1125715946528735e-251	1.0
18712	0.0	1.0
18713	9.25673590445043e-21	1.0
18714	5.661619478282564e-208	1.0
18715	7.210232084300945e-66	1.0
18716	1.8901113779602824e-59	1.0
18717	8.950690631292065e-06	0.9999910493093688
18718	0.0	1.0
18719	1.6318714631410904e-57	1.0
18721	3.737851845321139e-59	1.0
18722	6.013378469928507e-82	1.0
18723	7.893797515124889e-29	1.0
18724	8.053317818057395e-39	1.0
18725	1.9447433362120036e-92	1.0
18726	0.0	1.0
18727	0.0	1.0
18728	9.920603332213613e-174	1.0
18729	3.66894224451633e-209	1.0
18730	4.479854498656112e-38	1.0
18731	0.0	1.0
18732	6.190151281835759e-69	1.0
18733	0.0	1.0
18734	1.2467647831923776e-06	0.9999987532352167
18735	4.566324422824697e-35	1.0
18736	4.118217223159812e-17	1.0
18737	5.896441302393181e-38	1.0
18738	2.7647440836425563e-226	1.0
18739	0.0	1.0
18740	4.049082572774309e-30	1.0
18741	1.6554217494137819e-81	1.0
18742	1.9718843221671937e-36	1.0
18743	3.9582426709154153e-197	1.0
18744	3.87453563361956e-42	1.0
18745	3.3162391650022815e-177	1.0
18746	1.556484611908855e-194	1.0
18747	6.745927041133917e-28	1.0
18748	3.170149556891439e-13	0.9999999999996829
18749	1.9792795552321337e-42	1.0
18751	7.772456835846014e-09	0.9999999922275432
18752	1.6328259193542834e-132	1.0
18753	1.0282406647679727e-15	0.9999999999999989
18754	0.0	1.0
18755	1.242561597438003e-31	1.0
18756	7.681308877104328e-16	0.9999999999999993
18757	2.1585942909120285e-17	1.0
18758	0.0	1.0
18759	4.2314246032856564e-133	1.0
18760	5.08231456095208e-06	0.999994917685439
18761	0.0	1.0
18762	1.484869597001414e-37	1.0
18763	4.287506629120508e-233	1.0
18764	1.3810864967861004e-86	1.0
18765	4.013134906897032e-15	0.999999999999996
18766	1.746673242706998e-153	1.0
18767	5.552663769747707e-30	1.0
18768	4.983338705080294e-34	1.0
18769	9.304879393627872e-63	1.0
18770	0.0	1.0
18771	2.72650485858128e-49	1.0
18772	2.203290663627697e-162	1.0
18773	2.22057206030292e-37	1.0
18774	2.630513572150233e-40	1.0
18775	0.0	1.0
18776	0.0	1.0
18777	3.4444269027056215e-08	0.9999999655557311
18778	2.3918731436460765e-165	1.0
18779	3.7512827439038534e-181	1.0
18781	3.594622495426537e-62	1.0
18782	4.161437118656495e-244	1.0
18783	1.778153574554098e-39	1.0
18784	1.8533863469000026e-90	1.0
18785	5.082409294831329e-42	1.0
18786	1.8159136263611187e-213	1.0
18787	2.104292393579362e-33	1.0
18788	1.8028901562503842e-182	1.0
18789	2.550219590597498e-36	1.0
18790	0.0	1.0
18791	0.0	1.0
18792	1.0469339708243785e-30	1.0
18793	9.371595362914176e-48	1.0
18794	5.156209096279768e-81	1.0
18795	0.0	1.0
18796	0.0	1.0
18797	0.0	1.0
18798	1.7570358526405753e-108	1.0
18799	2.745338438270247e-146	1.0
18800	1.921553323899911e-34	1.0
18801	9.675763075786497e-43	1.0
18802	9.416141369246508e-20	1.0
18803	1.1177101346133963e-46	1.0
18804	6.50032027659728e-59	1.0
18805	1.2279991458870514e-241	1.0
18806	4.5830683872455674e-63	1.0
18807	5.0740027051295573e-113	1.0
18808	0.0	1.0
18809	0.0	1.0
18811	1.3569446511756152e-121	1.0
18812	1.347062468723099e-40	1.0
18813	3.6098138184383916e-40	1.0
18814	3.129822753507239e-05	0.999968701772465
18815	0.0	1.0
18816	3.387242925790519e-53	1.0
18817	6.858348722017107e-109	1.0
18818	0.0	1.0
18819	4.135649968183296e-90	1.0
18820	1.5930233061841073e-39	1.0
18821	7.865960550436532e-104	1.0
18822	1.9612861223066755e-24	1.0
18823	0.4907032400589102	0.5092967599410899
18824	0.0	1.0
18825	4.0357860740695445e-33	1.0
18826	1.8405330038090192e-274	1.0
18827	1.570253482507273e-266	1.0
18828	0.0002082351541093361	0.9997917648458906
18829	1.1763798456318379e-46	1.0
18830	1.2013513522632892e-29	1.0
18831	9.423147345403598e-37	1.0
18832	4.422544940030166e-74	1.0
18833	0.0	1.0
18834	0.0	1.0
18835	3.5612894965537245e-29	1.0
18836	1.8543067593424252e-183	1.0
18837	2.9840894785693673e-90	1.0
18838	3.6946401145936355e-12	0.9999999999963054
18839	7.555752191405706e-09	0.9999999924442479
18841	0.4907032400589102	0.5092967599410899
18842	0.0	1.0
18843	0.0	1.0
18844	3.899349209677949e-228	1.0
18845	2.204044495277566e-22	1.0
18846	1.732913359811102e-99	1.0
18847	3.782192188278505e-68	1.0
18848	0.0	1.0
18849	0.0	1.0
18850	0.0	1.0
18851	6.674930098503457e-18	1.0
18852	2.640986252092771e-88	1.0
18853	0.0	1.0
18854	1.5355823088003659e-86	1.0
18855	4.3517492362177334e-41	1.0
18856	1.9083837151056465e-41	1.0
18857	9.73067628649569e-63	1.0
18858	1.8605936045406438e-10	0.9999999998139406
18859	8.47586845118137e-205	1.0
18860	7.721067960215307e-187	1.0
18861	0.0	1.0
18862	0.0	1.0
18863	5.302513227767149e-61	1.0
18864	3.609443025970004e-18	1.0
18865	2.3637617319215864e-69	1.0
18866	2.9951903697721375e-30	1.0
18867	8.915429187200831e-42	1.0
18868	4.1934936031013704e-41	1.0
18869	1.2981102910077854e-19	1.0
18871	2.364765622102482e-14	0.9999999999999765
18872	0.0	1.0
18873	0.0	1.0
18874	3.002788575689932e-14	0.99999999999997
18875	1.5417922088356255e-133	1.0
18876	1.479259588631021e-131	1.0
18877	3.4138708972318404e-52	1.0
18878	0.0003683408857963001	0.9996316591142038
18879	2.710492186782484e-10	0.9999999997289508
18880	1.159144044718344e-11	0.9999999999884086
18881	1.3594807936374608e-84	1.0
18882	0.0	1.0
18883	0.0	1.0
18884	1.467317413416666e-299	1.0
18885	1.283330845022669e-78	1.0
18886	1.5466407109938558e-40	1.0
18887	1.04493667161221e-79	1.0
18888	2.59142412482428e-41	1.0
18889	2.6351186337023244e-122	1.0
18890	1.463205032308325e-198	1.0
18891	0.0	1.0
18892	0.0	1.0
18893	0.0	1.0
18894	2.022276845875065e-175	1.0
18895	0.0	1.0
18896	0.0	1.0
18897	0.0	1.0
18898	7.883802040709884e-60	1.0
18899	1.7095540947097823e-40	1.0
18901	2.7391509439378865e-35	1.0
18902	6.765633335275987e-40	1.0
18903	1.1234382400900585e-150	1.0
18904	4.096641029258454e-76	1.0
18905	1.294030696679549e-127	1.0
18906	7.381550529080639e-269	1.0
18907	2.2211997552872204e-14	0.9999999999999778
18908	0.4907032400589102	0.5092967599410899
18909	7.427313265803432e-77	1.0
18910	2.0560807665014227e-217	1.0
18911	4.4041164259513135e-126	1.0
18912	5.186882043102843e-178	1.0
18913	3.241274195513578e-154	1.0
18914	1.5975994527673934e-156	1.0
18915	6.673993703152921e-55	1.0
18916	1.1347627570423477e-190	1.0
18917	0.0	1.0
18918	1.3370525068167732e-56	1.0
18919	1.500157841108821e-135	1.0
18920	7.90183527825621e-205	1.0
18921	1.5732167441201894e-122	1.0
18922	5.571918546448737e-57	1.0
18923	0.0	1.0
18924	1.939666088322212e-59	1.0
18925	5.889787624071412e-31	1.0
18926	5.314798740462893e-148	1.0
18927	4.301817041268566e-22	1.0
18928	5.135461595880959e-53	1.0
18929	2.555919378635686e-85	1.0
18931	8.351550057061653e-79	1.0
18932	6.1336349705568705e-108	1.0
18933	3.939903728853016e-73	1.0
18934	1.3913710129699938e-53	1.0
18935	7.184855438674755e-165	1.0
18936	2.2517544402471037e-166	1.0
18937	2.9275970687956236e-186	1.0
18938	3.3958927803154726e-44	1.0
18939	1.7212193007424497e-257	1.0
18940	2.1003593967469571e-109	1.0
18941	4.093438866919419e-220	1.0
18942	6.154140985868214e-259	1.0
18943	5.350570415953647e-266	1.0
18944	1.5753824924793302e-41	1.0
18945	3.8370549895184294e-55	1.0
18946	5.1066589861488194e-51	1.0
18947	4.66127237891419e-53	1.0
18948	2.1063022579830302e-16	0.9999999999999998
18949	1.0164211705449225e-34	1.0
18950	0.0	1.0
18951	0.0	1.0
18952	2.005850256906479e-73	1.0
18953	1.97967003760953e-30	1.0
18954	1.7816701712951324e-09	0.9999999982183299
18955	7.124123441060805e-10	0.9999999992875876
18956	1.29442874593734e-184	1.0
18957	9.310936680515038e-136	1.0
18958	0.0	1.0
18959	1.5667439840703477e-296	1.0
18961	9.58845525941623e-214	1.0
18962	9.013625390159941e-53	1.0
18963	1.2752623896225122e-251	1.0
18964	1.5457890773403823e-77	1.0
18965	1.559882018059834e-170	1.0
18966	2.553398027500971e-152	1.0
18967	9.276024739118914e-41	1.0
18968	0.0	1.0
18969	1.1475208610246136e-62	1.0
18970	0.0	1.0
18971	0.0	1.0
18972	7.520240727462005e-61	1.0
18973	1.0316575241340116e-77	1.0
18974	4.523863762247046e-15	0.9999999999999956
18975	6.37952112733299e-143	1.0
18976	3.7167262183812757e-63	1.0
18977	7.11466722378605e-17	1.0
18978	7.357036196428329e-17	1.0
18979	0.0	1.0
18980	1.7013086982049972e-77	1.0
18981	0.0	1.0
18982	9.213134679020484e-74	1.0
18983	0.0	1.0
18984	2.88158864579365e-274	1.0
18985	1.7404267663755755e-141	1.0
18986	2.7152581608071516e-226	1.0
18987	1.2897295894160992e-15	0.9999999999999987
18988	1.0051371673024573e-23	1.0
18989	4.5188766829286616e-92	1.0
18991	1.057840054007472e-308	1.0
18992	1.3338178105148489e-219	1.0
18993	1.647757324354328e-148	1.0
18994	2.48826349660293e-25	1.0
18995	3.4382123182120355e-73	1.0
18996	3.7276264340383926e-10	0.9999999996272373
18997	3.1842318365052564e-169	1.0
18998	1.677164975989469e-128	1.0
18999	3.793874590091471e-256	1.0
19000	5.22077443684083e-119	1.0
19001	2.6831528310573676e-57	1.0
19002	1.5426633958073438e-78	1.0
19003	2.8459184984203656e-08	0.9999999715408149
19004	7.781274301690529e-09	0.9999999922187258
19005	2.6396522237796807e-22	1.0
19006	4.972777240485697e-78	1.0
19007	1.6069236099147022e-08	0.9999999839307638
19008	7.564191401333915e-21	1.0
19009	0.0	1.0
19010	4.717474290276935e-114	1.0
19011	0.0	1.0
19012	1.7629161336173116e-82	1.0
19013	0.0	1.0
19014	0.0	1.0
19015	2.723177164912937e-150	1.0
19016	9.700525545676898e-35	1.0
19017	1.677615809733966e-53	1.0
19018	1.0748349702767701e-136	1.0
19019	1.0748349702767701e-136	1.0
19021	1.2466005579241247e-62	1.0
19022	0.0	1.0
19023	9.438043447282854e-59	1.0
19024	3.8056740284973084e-20	1.0
19025	3.3729582974008617e-105	1.0
19026	2.0896591962223722e-123	1.0
19027	1.0143594866091758e-11	0.9999999999898563
19028	1.7682179641047533e-93	1.0
19029	2.552214848656216e-115	1.0
19030	5.5564530100061074e-37	1.0
19031	3.370040893205925e-13	0.9999999999996629
19032	3.169793847650515e-95	1.0
19033	1.972631278489968e-108	1.0
19034	2.0155183149406005e-150	1.0
19035	4.754003084220739e-53	1.0
19036	4.49281731306609e-108	1.0
19037	9.193015307435173e-70	1.0
19038	1.0757796425744773e-22	1.0
19039	1.4432849997708327e-66	1.0
19040	1.0868662306578645e-36	1.0
19041	1.3674639539671146e-154	1.0
19042	1.3182175535183613e-17	1.0
19043	0.0	1.0
19044	1.3303354174422843e-51	1.0
19045	4.0200194158541083e-224	1.0
19046	1.8767034264957773e-157	1.0
19047	2.0450714389015496e-176	1.0
19048	1.0451511755381542e-190	1.0
19049	5.349275536360625e-125	1.0
19051	3.08566953284997e-149	1.0
19052	3.1881624999480615e-300	1.0
19053	0.0	1.0
19054	5.394665554360832e-138	1.0
19055	0.0	1.0
19056	5.02789954730445e-140	1.0
19057	0.0	1.0
19058	1.454583920920695e-161	1.0
19059	1.662957042692163e-82	1.0
19060	6.393069859651602e-94	1.0
19061	1.0319102111124377e-144	1.0
19062	1.515921640583968e-41	1.0
19063	0.0	1.0
19064	5.978748310977079e-160	1.0
19065	1.2975873370970443e-123	1.0
19066	2.1836440506636856e-248	1.0
19067	2.5570862121457302e-20	1.0
19068	3.5326530697558727e-68	1.0
19069	0.0	1.0
19070	6.563717825574323e-67	1.0
19071	7.720520535516131e-93	1.0
19072	3.8799809852566283e-95	1.0
19073	1.4538827649113343e-256	1.0
19074	6.674962040943244e-244	1.0
19075	8.297913342233223e-74	1.0
19076	3.1210439698791314e-23	1.0
19077	4.3377524871159064e-92	1.0
19078	3.375529199800721e-114	1.0
19079	3.1942410008165893e-83	1.0
19081	1.6404539643687383e-122	1.0
19082	9.304879393627872e-63	1.0
19083	2.864349909004713e-66	1.0
19084	8.60327738239362e-45	1.0
19085	2.9620390946278992e-254	1.0
19086	2.808662975883701e-256	1.0
19087	1.895722654033687e-154	1.0
19088	1.093537931690051e-48	1.0
19089	2.1138698682942475e-28	1.0
19090	9.778651201905582e-67	1.0
19091	1.4137334618741203e-91	1.0
19092	0.0	1.0
19093	4.0090965862865377e-159	1.0
19094	5.826309854141696e-99	1.0
19095	7.935502769007771e-257	1.0
19096	0.0	1.0
19097	9.322089130923063e-28	1.0
19098	3.097307404652731e-17	1.0
19099	2.2097211913396773e-39	1.0
19100	2.8545124303308103e-23	1.0
19101	0.0	1.0
19102	3.812013303434649e-82	1.0
19103	1.0475484258426219e-131	1.0
19104	0.0	1.0
19105	2.1650742988674717e-89	1.0
19106	1.36747e-319	1.0
19107	0.4907032400589102	0.5092967599410899
19108	1.9519408699784645e-54	1.0
19109	1.6968388016773362e-15	0.9999999999999982
19111	9.284578454373056e-53	1.0
19112	9.13345748646842e-13	0.9999999999990867
19113	0.0	1.0
19114	3.7151333763612197e-121	1.0
19115	1.4715851011406508e-141	1.0
19116	4.6075091372393055e-15	0.9999999999999953
19117	0.0	1.0
19118	8.495903623571236e-122	1.0
19119	9.137446685577249e-277	1.0
19120	1.4244065411027905e-19	1.0
19121	8.928110126305781e-10	0.9999999991071891
19122	0.0	1.0
19123	5.534800617920639e-235	1.0
19124	0.0	1.0
19125	0.0	1.0
19126	4.113141433354348e-76	1.0
19127	7.967893047642828e-41	1.0
19128	6.498272633128418e-182	1.0
19129	2.53526698627404e-41	1.0
19130	4.624653154698148e-27	1.0
19131	2.776352711479507e-16	0.9999999999999998
19132	3.072357768029701e-156	1.0
19133	7.16791382360884e-23	1.0
19134	9.674903043316782e-127	1.0
19135	2.1400860389067597e-81	1.0
19136	1.2628737747221988e-212	1.0
19137	6.296456242540443e-07	0.9999993703543758
19138	0.0	1.0
19139	3.9337076596308904e-95	1.0
19141	8.088116181642973e-82	1.0
19142	3.5818380442537003e-71	1.0
19143	2.3622603152882692e-281	1.0
19144	2.1466760436720923e-85	1.0
19145	1.8727413933610122e-166	1.0
19146	9.076915511828979e-20	1.0
19147	2.8108622174511815e-102	1.0
19148	3.587083619855216e-113	1.0
19149	7.376091295498518e-102	1.0
19150	1.5330118026400475e-153	1.0
19151	3.252437110693086e-147	1.0
19152	1.1041952420595958e-32	1.0
19153	5.1599482897687077e-126	1.0
19154	1.3536235199266633e-91	1.0
19155	1.4193789861678516e-51	1.0
19156	0.0	1.0
19157	9.432574732882045e-133	1.0
19158	4.154514659199021e-20	1.0
19159	7.9116984709079565e-53	1.0
19160	1.8199055758660156e-89	1.0
19161	6.133535728566915e-79	1.0
19162	1.8207315311216084e-29	1.0
19163	9.00358660067656e-150	1.0
19164	0.0	1.0
19165	2.743728736121986e-161	1.0
19166	1.8348321453171164e-36	1.0
19167	5.393890909205727e-45	1.0
19168	1.923819625994804e-18	1.0
19169	8.06362632711772e-54	1.0
19171	1.752308880889516e-49	1.0
19172	7.911967091740905e-150	1.0
19173	0.0	1.0
19174	8.519846782857446e-35	1.0
19175	1.3954864713355726e-37	1.0
19176	9.44900300409634e-27	1.0
19177	1.9101025080569934e-44	1.0
19178	2.7828934461562994e-94	1.0
19179	8.52022e-318	1.0
19180	0.0	1.0
19181	7.295680057956243e-214	1.0
19182	6.072687897427852e-83	1.0
19183	5.125287345813519e-102	1.0
19184	1.47602482910875e-89	1.0
19185	1.364550051739381e-188	1.0
19186	0.0	1.0
19187	3.841287122369404e-217	1.0
19188	1.2169279611319266e-60	1.0
19189	6.287014342958402e-43	1.0
19190	2.4697166261946415e-163	1.0
19191	9.6483013904e-314	1.0
19192	4.0902335972503456e-43	1.0
19193	4.975761164617051e-121	1.0
19194	4.655639611647945e-36	1.0
19195	1.1165875569399978e-117	1.0
19196	2.459936531005926e-72	1.0
19197	0.0	1.0
19198	2.720177400503985e-21	1.0
19199	1.2549860735646928e-39	1.0
19201	5.4253511323035675e-232	1.0
19202	1.4973180318603894e-89	1.0
19203	6.589869597687717e-82	1.0
19204	3.1893967615415656e-17	1.0
19205	0.0	1.0
19206	0.0	1.0
19207	1.844060946767381e-42	1.0
19208	7.386525094071177e-172	1.0
19209	7.136613553107734e-266	1.0
19210	1.1273912922832303e-67	1.0
19211	4.276294460308554e-54	1.0
19212	9.486833397376062e-41	1.0
19213	9.715511190151811e-90	1.0
19214	4.2706374788384426e-266	1.0
19215	9.642490935557221e-89	1.0
19216	3.4760411425145963e-07	0.9999996523958856
19217	0.013611458743775878	0.9863885412562241
19218	1.0662217496676588e-97	1.0
19219	0.0	1.0
19220	3.587470886721702e-64	1.0
19221	0.0	1.0
19222	3.235885788252923e-132	1.0
19223	4.269093217295632e-46	1.0
19224	7.169397364114403e-10	0.9999999992830602
19225	1.116825605428525e-135	1.0
19226	0.0	1.0
19227	2.4953658866257108e-45	1.0
19228	1.1009223293614258e-99	1.0
19229	0.0	1.0
19231	7.89477062365309e-58	1.0
19232	1.1965099031283413e-188	1.0
19233	0.0	1.0
19234	1.3292011157693166e-63	1.0
19235	0.0	1.0
19236	2.8592297612992947e-17	1.0
19237	1.716156543060343e-20	1.0
19238	3.958315456527092e-60	1.0
19239	1.4547381046492022e-65	1.0
19240	3.1095046306852395e-176	1.0
19241	1.3535410099309619e-12	0.9999999999986464
19242	0.9804429497029606	0.019557050297039472
19243	3.323368244765066e-123	1.0
19244	0.0	1.0
19245	1.5842599203692785e-44	1.0
19246	9.337929653405534e-99	1.0
19247	2.785974129431058e-51	1.0
19248	8.79352895766729e-42	1.0
19249	6.37618880426451e-297	1.0
19250	2.507920084041334e-97	1.0
19251	3.958315456527092e-60	1.0
19252	3.7826244106522566e-87	1.0
19253	1.2879766795487834e-162	1.0
19254	1.6635499745089856e-45	1.0
19255	3.267798787832197e-60	1.0
19256	8.947605510081347e-65	1.0
19257	3.5167731890244677e-43	1.0
19258	2.342675310587885e-174	1.0
19259	0.0	1.0
19261	2.0061806705714835e-94	1.0
19262	1.9128252736454015e-308	1.0
19263	6.478522402550144e-82	1.0
19264	3.00591514707764e-80	1.0
19265	2.5495449546169796e-125	1.0
19266	7.313123750275921e-35	1.0
19267	3.756901166135156e-215	1.0
19268	7.544702113391744e-69	1.0
19269	1.2485336793907876e-69	1.0
19270	5.360955255048689e-261	1.0
19271	1.4989951871897637e-72	1.0
19272	1.1016059387566811e-18	1.0
19273	1.4354646968737226e-194	1.0
19274	5.2459782468379505e-64	1.0
19275	1.0175864133426035e-91	1.0
19276	1.5118887448037665e-69	1.0
19277	0.0	1.0
19278	2.0588201536237246e-155	1.0
19279	0.0	1.0
19280	6.718558328345149e-19	1.0
19281	2.0223643989653317e-120	1.0
19282	1.301026763381576e-21	1.0
19283	6.008733524863526e-39	1.0
19284	5.583672929791472e-70	1.0
19285	0.0	1.0
19286	0.0	1.0
19287	7.3853027290201895e-155	1.0
19288	0.0	1.0
19289	0.0	1.0
19291	1.1348358634975617e-74	1.0
19292	0.0	1.0
19293	4.7160929982904896e-172	1.0
19294	4.821766559436835e-69	1.0
19295	1.1693191981842925e-124	1.0
19296	4.6196624967812877e-08	0.9999999538033749
19297	3.374790384849231e-33	1.0
19298	2.612071091761941e-40	1.0
19299	4.244174052328561e-42	1.0
19300	1.902679003776395e-177	1.0
19301	1.822383635113629e-173	1.0
19302	5.589930252606465e-80	1.0
19303	0.0	1.0
19304	7.9338176963147e-61	1.0
19305	2.1129904655285317e-51	1.0
19306	0.0	1.0
19307	1.5086689051436573e-40	1.0
19308	6.470181738654777e-264	1.0
19309	2.5674020652799037e-08	0.9999999743259793
19310	8.325129800069178e-20	1.0
19311	2.8621318364672432e-65	1.0
19312	1.019891450246903e-32	1.0
19313	4.617472661573587e-35	1.0
19314	3.0182449002973074e-46	1.0
19315	7.357385286953531e-219	1.0
19316	7.454678239219936e-162	1.0
19317	3.6701206914913067e-242	1.0
19318	1.0012139497913295e-85	1.0
19319	0.0	1.0
19321	6.056449314613414e-165	1.0
19322	2.106625557143526e-26	1.0
19323	2.6314546977117415e-88	1.0
19324	1.8839525450818944e-12	0.999999999998116
19325	5.808668135846965e-56	1.0
19326	1.4278321387046567e-58	1.0
19327	4.331656528177334e-224	1.0
19328	1.2923780524706237e-107	1.0
19329	4.390034578229289e-58	1.0
19330	2.2593609113696137e-53	1.0
19331	1.3552061454125862e-30	1.0
19332	2.1245268367603523e-28	1.0
19333	1.5834898169533285e-180	1.0
19334	0.016331565870434224	0.9836684341295657
19335	3.157842834885903e-133	1.0
19336	2.8856749804081525e-43	1.0
19337	0.01927004346962018	0.9807299565303798
19338	0.0	1.0
19339	8.945102608501796e-60	1.0
19340	1.6490878100483118e-09	0.9999999983509122
19341	5.423093959546668e-86	1.0
19342	1.1621096134192361e-57	1.0
19343	9.262465500657117e-40	1.0
19344	2.938323766289575e-111	1.0
19345	7.210111343902867e-136	1.0
19346	1.4317926524030593e-55	1.0
19347	6.48390177583472e-23	1.0
19348	2.4886072681322584e-143	1.0
19349	9.146297369507756e-89	1.0
19351	2.5513771937226185e-42	1.0
19352	3.6584270931145516e-40	1.0
19353	8.114614153321955e-188	1.0
19354	5.841434169247777e-25	1.0
19355	5.5424353107414583e-95	1.0
19356	1.66424104685101e-86	1.0
19357	3.558861343362052e-167	1.0
19358	0.0	1.0
19359	5.512417133052614e-96	1.0
19360	3.8401030568270164e-23	1.0
19361	1.5473229251595003e-115	1.0
19362	1.91699649331753e-37	1.0
19363	1.4028104909301107e-48	1.0
19364	1.4029473129949422e-64	1.0
19365	6.625073775649427e-06	0.9999933749262243
19366	0.4907032400589102	0.5092967599410899
19367	1.364419460675506e-47	1.0
19368	1.2794754174267296e-26	1.0
19369	3.826617366756572e-188	1.0
19370	3.034975199907123e-122	1.0
19371	7.415795960743248e-66	1.0
19372	1.4493925670833765e-15	0.9999999999999984
19373	0.0	1.0
19374	2.830843859617653e-35	1.0
19375	3.82182054138118e-18	1.0
19376	1.832420555936447e-13	0.9999999999998168
19377	0.0	1.0
19378	0.4907032400589102	0.5092967599410899
19379	1.1639438582388785e-82	1.0
19381	4.711190092641221e-83	1.0
19382	4.228551404948146e-125	1.0
19383	9.78362127445812e-94	1.0
19384	1.0915663857825377e-91	1.0
19385	9.392617590837681e-122	1.0
19386	0.0	1.0
19387	4.1878203888573385e-165	1.0
19388	1.7872896059573324e-65	1.0
19389	0.0	1.0
19390	2.5999471115597498e-225	1.0
19391	0.0	1.0
19392	3.806119995159935e-44	1.0
19393	0.0	1.0
19394	5.924230525284003e-84	1.0
19395	1.9822579594209948e-102	1.0
19396	2.8106556830147527e-44	1.0
19397	0.0	1.0
19398	1.34620149958977e-26	1.0
19399	1.7443898301406058e-81	1.0
19400	0.0	1.0
19401	4.455808454239056e-199	1.0
19402	1.1845086206832357e-22	1.0
19403	3.091780591981974e-86	1.0
19404	1.2681762013897933e-154	1.0
19405	1.2014743481771413e-40	1.0
19406	0.0	1.0
19407	1.849678301484492e-208	1.0
19408	0.0	1.0
19409	2.87392590886377e-14	0.9999999999999714
19411	5.219216307023264e-71	1.0
19412	5.394749543374038e-81	1.0
19413	4.0906253748271287e-50	1.0
19414	9.815383973768767e-209	1.0
19415	0.0	1.0
19416	0.0	1.0
19417	1.7980258489299706e-92	1.0
19418	8.899606933052163e-33	1.0
19419	1.4558021485910067e-22	1.0
19420	8.96626024098921e-16	0.9999999999999991
19421	1.9332071374219055e-149	1.0
19422	7.385214869153456e-12	0.9999999999926148
19423	0.0	1.0
19424	9.027139441402433e-30	1.0
19425	0.0	1.0
19426	6.257875494737629e-39	1.0
19427	0.4907032400589102	0.5092967599410899
19428	2.3195414680370867e-39	1.0
19429	1.0483533435206986e-35	1.0
19430	1.2553892915584098e-98	1.0
19431	0.0	1.0
19432	0.0	1.0
19433	1.381574540094283e-50	1.0
19434	3.485430872127178e-64	1.0
19435	4.80088948685585e-115	1.0
19436	1.3622889218851373e-159	1.0
19437	4.336573261432061e-42	1.0
19438	1.0659341972107285e-48	1.0
19439	1.0826786168002267e-37	1.0
19441	7.070028977746492e-50	1.0
19442	2.3153905225883706e-80	1.0
19443	1.1718767212098025e-179	1.0
19444	0.0	1.0
19445	0.0	1.0
19446	4.3309506998015805e-103	1.0
19447	4.299791774616361e-109	1.0
19448	4.000613945759338e-148	1.0
19449	0.0	1.0
19450	6.635404307332147e-43	1.0
19451	1.891023378420948e-190	1.0
19452	1.3746758840149436e-113	1.0
19453	4.986701812543925e-85	1.0
19454	0.4907032400589102	0.5092967599410899
19455	1.6112252904406256e-241	1.0
19456	2.2990414743416912e-151	1.0
19457	0.0	1.0
19458	2.0516574540287086e-166	1.0
19459	1.7024346052929087e-36	1.0
19460	3.950958030895476e-77	1.0
19461	0.0	1.0
19462	1.9802966933621283e-37	1.0
19463	8.66864127447319e-45	1.0
19464	3.316420819158876e-93	1.0
19465	2.700021120115138e-39	1.0
19466	9.284780545793665e-43	1.0
19467	2.8829314013371126e-146	1.0
19468	0.0	1.0
19469	0.0	1.0
19471	0.0	1.0
19472	4.328273850869906e-79	1.0
19473	5.122636501624172e-204	1.0
19474	3.6590703909281565e-30	1.0
19475	7.317145957533079e-38	1.0
19476	2.1169049299736567e-172	1.0
19477	3.0127282771001648e-176	1.0
19478	0.0	1.0
19479	2.933321997986705e-100	1.0
19480	0.0	1.0
19481	2.7512421700312962e-117	1.0
19482	0.0	1.0
19483	4.066701452612214e-99	1.0
19484	0.0	1.0
19485	9.24969911621448e-14	0.9999999999999074
19486	1.0583753275913978e-210	1.0
19487	3.905573100339837e-194	1.0
19488	1.3225989820530312e-31	1.0
19489	3.818250828477511e-18	1.0
19490	2.2080426625342676e-135	1.0
19491	2.2681845682144714e-308	1.0
19492	4.290398902385732e-74	1.0
19493	6.22813093632606e-14	0.9999999999999378
19494	0.0	1.0
19495	1.457922657859709e-148	1.0
19496	0.0	1.0
19497	1.4045619500629018e-06	0.9999985954380498
19498	2.8388204617941196e-35	1.0
19499	1.973607818659145e-34	1.0
19501	0.0	1.0
19502	2.5104595918311205e-43	1.0
19503	2.6733964121401285e-168	1.0
19504	3.826013829227468e-56	1.0
19505	1.598989365633369e-39	1.0
19506	3.721309782727117e-47	1.0
19507	0.0	1.0
19508	3.7544233987143832e-171	1.0
19509	3.291745936700941e-164	1.0
19510	7.336934070533944e-51	1.0
19511	9.399866001146718e-61	1.0
19512	8.2102038304277e-39	1.0
19513	3.671835822859857e-59	1.0
19514	9.419595305950129e-42	1.0
19515	1.7005720699349985e-33	1.0
19516	3.6414548043591775e-50	1.0
19517	9.456875797339868e-66	1.0
19518	1.762484988171912e-109	1.0
19519	1.7707528576694464e-51	1.0
19520	0.0	1.0
19521	9.468247208752959e-106	1.0
19522	0.0	1.0
19523	5.973112898570917e-172	1.0
19524	5.618281758699159e-112	1.0
19525	0.0	1.0
19526	3.8160356690284105e-75	1.0
19527	6.229409996671359e-268	1.0
19528	6.316914021739725e-88	1.0
19529	9.681739448548296e-22	1.0
19531	0.0	1.0
19532	1.9521379768226025e-158	1.0
19533	1.2180127091969442e-37	1.0
19534	1.2933383071784781e-102	1.0
19535	4.4066464324150504e-55	1.0
19536	1.5126623906128093e-26	1.0
19537	3.069493653286566e-257	1.0
19538	0.0	1.0
19539	0.0	1.0
19540	1.03635513646429e-80	1.0
19541	1.3267118237461742e-77	1.0
19542	9.72478141728842e-20	1.0
19543	7.079263191112054e-79	1.0
19544	4.763678834748768e-40	1.0
19545	1.5623509094294079e-43	1.0
19546	1.64632233101733e-88	1.0
19547	2.9523523602706517e-27	1.0
19548	3.963599732793606e-179	1.0
19549	0.4907032400589102	0.5092967599410899
19550	9.210410549377221e-42	1.0
19551	1.2939275554806735e-19	1.0
19552	2.2551510302732454e-45	1.0
19553	2.314378882184161e-58	1.0
19554	3.896835216338131e-48	1.0
19555	0.0	1.0
19556	3.4836272488696447e-16	0.9999999999999996
19557	0.4907032400589102	0.5092967599410899
19558	0.0	1.0
19559	1.5466693888812768e-08	0.9999999845333061
19561	6.799936579199395e-87	1.0
19562	8.842223172508708e-180	1.0
19563	4.024613603697734e-12	0.9999999999959754
19564	9.675324468279345e-37	1.0
19565	0.0	1.0
19566	1.072209515979246e-234	1.0
19567	5.3193705463463075e-33	1.0
19568	0.0	1.0
19569	3.294142299212362e-12	0.999999999996706
19570	0.0	1.0
19571	1.7562287780265695e-17	1.0
19572	1.2718490365195354e-177	1.0
19573	6.220425330826678e-09	0.9999999937795747
19574	1.1284946320581275e-15	0.9999999999999989
19575	0.0	1.0
19576	1.1233300389444005e-14	0.9999999999999887
19577	7.111584539278191e-42	1.0
19578	1.2203534713718962e-136	1.0
19579	4.024613603697734e-12	0.9999999999959754
19580	1.9592712112980104e-07	0.9999998040728788
19581	1.967355414058323e-23	1.0
19582	7.464676861192385e-15	0.9999999999999925
19583	3.840952735764835e-12	0.9999999999961591
19584	1.956561049651534e-16	0.9999999999999998
19585	3.0923570601882212e-24	1.0
19586	3.455956369058497e-40	1.0
19587	0.0	1.0
19588	5.441561972484078e-46	1.0
19589	1.6729140511912143e-43	1.0
19591	0.0	1.0
19592	1.2939275554806735e-19	1.0
19593	5.342021577419466e-56	1.0
19594	1.520207458865767e-09	0.9999999984797925
19595	0.06908225027039691	0.9309177497296031
19596	5.606921018115771e-34	1.0
19597	1.0539008602985997e-98	1.0
19598	3.2154600139265207e-12	0.9999999999967846
19599	5.970194371532555e-10	0.9999999994029805
19600	7.464676861192385e-15	0.9999999999999925
19601	1.9728469828870716e-66	1.0
19602	1.5673840468566176e-07	0.9999998432615952
19603	2.768614021167642e-140	1.0
19604	1.7423045455208888e-38	1.0
19605	7.474665393739134e-63	1.0
19606	1.5804915167388866e-20	1.0
19607	0.0	1.0
19608	4.992419581571384e-05	0.9999500758041842
19609	4.79388472339929e-16	0.9999999999999996
19610	1.6224416418562263e-103	1.0
19611	2.2472777541466715e-89	1.0
19612	4.885829032524274e-27	1.0
19613	1.70379241210486e-117	1.0
19614	6.290330656581015e-95	1.0
19615	3.737454416149052e-09	0.9999999962625457
19616	3.800066132200559e-18	1.0
19617	1.3895443125471495e-57	1.0
19618	0.0	1.0
19619	6.305977792339824e-39	1.0
19621	8.606194899340177e-09	0.9999999913938052
19622	1.362124888620004e-287	1.0
19623	0.0	1.0
19624	4.54996111913315e-176	1.0
19625	1.2801088700403837e-47	1.0
19626	1.9404420274413074e-37	1.0
19627	8.188354650876945e-08	0.9999999181164534
19628	5.107117314242097e-119	1.0
19629	1.0634797684684965e-161	1.0
19630	0.0	1.0
19631	1.0959927926467976e-23	1.0
19632	8.919962980128982e-08	0.9999999108003703
19633	1.5634975929207444e-33	1.0
19634	4.580298796697715e-21	1.0
19635	5.433999882530897e-156	1.0
19636	6.284399105478941e-98	1.0
19637	0.0	1.0
19638	6.54903669410797e-83	1.0
19639	1.520207458865767e-09	0.9999999984797925
19640	4.055911410791278e-235	1.0
19641	6.383458665729121e-12	0.9999999999936164
19642	7.886283187422826e-15	0.999999999999992
19643	3.777917736747357e-27	1.0
19644	3.074724974565527e-17	1.0
19645	9.06280592535953e-88	1.0
19646	1.1407121205346086e-104	1.0
19647	4.1132239763244015e-42	1.0
19648	5.260369953275415e-94	1.0
19649	8.422085807553487e-98	1.0
19651	3.772739070488426e-09	0.999999996227261
19652	5.607526067863155e-15	0.9999999999999944
19653	3.1613774353944557e-42	1.0
19654	0.4907032400589102	0.5092967599410899
19655	0.0	1.0
19656	9.926486470138445e-111	1.0
19657	2.5693589432453487e-15	0.9999999999999973
19658	1.7424588886457262e-41	1.0
19659	1.2314418903856368e-09	0.9999999987685582
19660	7.464676861192385e-15	0.9999999999999925
19661	8.04295863523351e-35	1.0
19662	2.078328366844798e-98	1.0
19663	4.688419403942095e-304	1.0
19664	0.0	1.0
19665	8.594407655070157e-15	0.9999999999999913
19666	6.178015285641545e-07	0.9999993821984714
19667	1.3721956584760733e-11	0.9999999999862781
19668	1.1669237942256954e-281	1.0
19669	5.390708109034664e-137	1.0
19670	6.0611565920976105e-89	1.0
19671	1.8672531353166486e-89	1.0
19672	1.9753689053648842e-91	1.0
19673	2.0750564001815292e-15	0.999999999999998
19674	0.0	1.0
19675	2.9335392246393137e-21	1.0
19676	4.1157456840001476e-12	0.9999999999958842
19677	0.0	1.0
19678	3.797987579176937e-26	1.0
19679	6.817437635823525e-33	1.0
19681	3.97971498663126e-162	1.0
19682	3.190161913530768e-05	0.9999680983808646
19683	2.6517138176526616e-31	1.0
19684	0.0	1.0
19685	1.1407121205346086e-104	1.0
19686	5.0375120341127217e-110	1.0
19687	2.3896893706122e-45	1.0
19688	5.1269933624393007e-20	1.0
19689	1.775884871288558e-24	1.0
19690	9.163947668382672e-15	0.9999999999999909
19691	4.078900848900428e-87	1.0
19692	8.964160497071011e-56	1.0
19693	5.132719824655324e-19	1.0
19694	9.8430085645085e-33	1.0
19695	0.0	1.0
19696	1.1157174867511132e-05	0.9999888428251325
19697	4.69462526963955e-42	1.0
19698	0.4907032400589102	0.5092967599410899
19699	5.518962083633202e-35	1.0
19700	0.0	1.0
19701	0.0	1.0
19702	4.18233730499664e-115	1.0
19703	4.901399104108988e-21	1.0
19704	2.6222698303916262e-17	1.0
19705	0.0	1.0
19706	2.8664438132944026e-53	1.0
19707	6.654293213735227e-95	1.0
19708	8.677993908520947e-198	1.0
19709	5.485441302002209e-41	1.0
19711	2.0223935868973745e-25	1.0
19712	0.0	1.0
19713	2.593840719540959e-21	1.0
19714	0.0	1.0
19715	3.212102577451705e-19	1.0
19716	1.1990624183216176e-14	0.999999999999988
19717	7.001854273544806e-132	1.0
19718	0.0	1.0
19719	3.822384872430676e-290	1.0
19720	2.7919454736534552e-105	1.0
19721	0.0	1.0
19722	7.405652954838372e-42	1.0
19723	0.4907032400589102	0.5092967599410899
19724	0.0	1.0
19725	5.5356125806129405e-39	1.0
19726	8.032386596436002e-34	1.0
19727	2.6790817506891194e-39	1.0
19728	4.566555041030487e-114	1.0
19729	6.156203712554549e-130	1.0
19730	6.034479294627265e-112	1.0
19731	1.7092930856553904e-46	1.0
19732	4.206893522597598e-42	1.0
19733	4.219404586498953e-96	1.0
19734	7.077601693759334e-26	1.0
19735	0.4907032400589102	0.5092967599410899
19736	1.4216084111872457e-16	0.9999999999999998
19737	7.397657391911482e-96	1.0
19738	2.2944486132616394e-94	1.0
19739	6.417204106687819e-19	1.0
19741	8.497805431613272e-20	1.0
19742	0.0	1.0
19743	0.0	1.0
19744	4.539195337914556e-42	1.0
19745	3.128689703376239e-72	1.0
19746	7.303037615020844e-82	1.0
19747	1.7006487197682515e-44	1.0
19748	0.0	1.0
19749	1.6847327264987417e-158	1.0
19750	0.010168979197217482	0.9898310208027826
19751	1.5815465266387818e-18	1.0
19752	1e-323	1.0
19753	8.137819561939982e-54	1.0
19754	2.5811905947600134e-103	1.0
19755	5.148189803777564e-105	1.0
19756	2.7288925481873355e-216	1.0
19757	2.2332336271136976e-09	0.9999999977667664
19758	2.1735717902905533e-20	1.0
19759	9.873003252532065e-77	1.0
19760	9.163947668382672e-15	0.9999999999999909
19761	4.2185093823980194e-13	0.9999999999995781
19762	1.7609800345520847e-09	0.99999999823902
19763	1e-323	1.0
19764	6.082420438765292e-267	1.0
19765	2.1211691034887696e-39	1.0
19766	1.372410895545574e-09	0.9999999986275891
19767	0.0	1.0
19768	0.0	1.0
19769	5.986883871151287e-55	1.0
19771	1.1065824574572384e-59	1.0
19772	1.7289894050042256e-95	1.0
19773	5.840774937308524e-104	1.0
19774	0.4907032400589102	0.5092967599410899
19775	5.012525031924821e-105	1.0
19776	1.1104705036201757e-75	1.0
19777	3.89926820161803e-90	1.0
19778	1.268414619806056e-150	1.0
19779	1.1582237248359137e-20	1.0
19780	1.776187846079733e-25	1.0
19781	3.420294280341692e-11	0.9999999999657971
19782	3.187249618259505e-14	0.999999999999968
19783	0.0	1.0
19784	4.28530627349754e-74	1.0
19785	2.436384023487089e-128	1.0
19786	0.14964331915415943	0.8503566808458407
19787	2.3790437295663437e-06	0.9999976209562704
19788	7.840187008893831e-08	0.9999999215981298
19789	7.549924703527159e-81	1.0
19790	2.6222698303916262e-17	1.0
19791	5.513395891908697e-23	1.0
19792	0.0	1.0
19793	8.959449452668449e-48	1.0
19794	1.372410895545574e-09	0.9999999986275891
19795	4.008903709386778e-98	1.0
19796	2.1475547640064695e-91	1.0
19797	6.7280322217602405e-46	1.0
19798	9.486917634056361e-77	1.0
19799	9.331596222196022e-75	1.0
19801	3.187249618259505e-14	0.999999999999968
19802	3.659605287789742e-92	1.0
19803	3.89926820161803e-90	1.0
19804	4.724692273195361e-96	1.0
19805	1.0650969676209177e-69	1.0
19806	2.589470681331477e-75	1.0
19807	5.852227052944964e-49	1.0
19808	1.2378480261069657e-148	1.0
19809	1.2370502950944672e-13	0.9999999999998763
19810	1.2586037617910085e-91	1.0
19811	1.6101083317320076e-74	1.0
19812	7.151018853348442e-118	1.0
19813	2.871997515280919e-149	1.0
19814	2.088942622198594e-67	1.0
19815	1.2998045453802082e-59	1.0
19816	1.7562287780265695e-17	1.0
19817	0.4907032400589102	0.5092967599410899
19818	3.112243487123061e-49	1.0
19819	2.2691780514499585e-80	1.0
19820	3.873283289347835e-15	0.9999999999999962
19821	1.324082748038258e-51	1.0
19822	3.839019317312723e-108	1.0
19823	1.4110466706242981e-73	1.0
19824	1.9464355028806608e-165	1.0
19825	2.1852284345740795e-115	1.0
19826	0.4907032400589102	0.5092967599410899
19827	1.8999280466032635e-14	0.9999999999999809
19828	0.0	1.0
19829	3.059776751426651e-91	1.0
19831	1.7107217417385827e-43	1.0
19832	2.342103539793749e-69	1.0
19833	3.839019317312723e-108	1.0
19834	9.187067068645827e-265	1.0
19835	5.455004088178215e-41	1.0
19836	0.0	1.0
19837	3.89926820161803e-90	1.0
19838	6.590677154811633e-37	1.0
19839	3.92743563725144e-211	1.0
19840	1.2882436212249079e-76	1.0
19841	0.0	1.0
19842	4.20334977530618e-154	1.0
19843	1.0189053504461393e-111	1.0
19844	8.389338434930071e-129	1.0
19845	3.701574263039924e-271	1.0
19846	6.164859950478195e-50	1.0
19847	2.2666273892022984e-121	1.0
19848	3.020751997912989e-19	1.0
19849	3.187249618259505e-14	0.999999999999968
19850	1.0242141820923692e-27	1.0
19851	2.0079630111171e-24	1.0
19852	1.7562287780265695e-17	1.0
19853	3.7825874009221244e-59	1.0
19854	2.405954482240475e-11	0.9999999999759404
19855	2.941761124636368e-150	1.0
19856	1.362447593605509e-71	1.0
19857	1.3182095175080974e-16	0.9999999999999998
19858	2.2231250804347995e-41	1.0
19859	1.349193191823408e-13	0.999999999999865
19861	1.1582237248359137e-20	1.0
19862	3.7994647725153314e-57	1.0
19863	0.0	1.0
19864	4.458320121712126e-73	1.0
19865	0.0	1.0
19866	4.319158051244715e-45	1.0
19867	4.050041271195188e-29	1.0
19868	0.4907032400589102	0.5092967599410899
19869	6.198659344018084e-09	0.9999999938013406
19870	3.7279323538049956e-282	1.0
19871	3.294627961637142e-109	1.0
19872	2.2540113150922884e-31	1.0
19873	0.9999999989426414	1.0573587261515086e-09
19874	2.2480604254125907e-190	1.0
19875	8.227179197617269e-107	1.0
19876	5.099735306006017e-12	0.9999999999949003
19877	1.6124774096590118e-147	1.0
19878	1.441341322407142e-40	1.0
19879	4.769115080076811e-43	1.0
19880	7.002536608513467e-14	0.9999999999999301
19881	4.443295508335394e-133	1.0
19882	7.12674239391389e-14	0.9999999999999287
19883	2.822405076943329e-234	1.0
19884	2.866563600841418e-52	1.0
19885	2.1063869039573104e-56	1.0
19886	3.057222328437518e-60	1.0
19887	6.59218572050454e-82	1.0
19888	1.3721956584760733e-11	0.9999999999862781
19889	0.00010739559711899151	0.9998926044028811
19891	6.198659344018084e-09	0.9999999938013406
19892	0.0	1.0
19893	0.0	1.0
19894	1.0082515199951576e-146	1.0
19895	9.549497769356809e-98	1.0
19896	0.0	1.0
19897	2.65086467863871e-91	1.0
19898	1.3157392129793448e-07	0.9999998684260787
19899	1.1990624183216176e-14	0.999999999999988
19900	3.251927539458719e-08	0.9999999674807247
19901	3.6746353762966936e-213	1.0
19902	1.0754488513301214e-78	1.0
19903	0.0	1.0
19904	1.4373552938467244e-43	1.0
19905	7.784697376982853e-08	0.9999999221530264
19906	0.0	1.0
19907	0.0	1.0
19908	0.00014052221398262697	0.9998594777860174
19909	3.653803990193216e-150	1.0
19910	4.298509603078448e-100	1.0
19911	0.0	1.0
19912	2.379816415801059e-83	1.0
19913	2.7764723919920232e-160	1.0
19914	1.6665236244825692e-11	0.9999999999833347
19915	1.8857427751116514e-179	1.0
19916	9.46743500565419e-223	1.0
19917	4.618317226464886e-221	1.0
19918	0.0	1.0
19919	1.5553206294519176e-248	1.0
19921	1.7107217417385827e-43	1.0
19922	8.2752424911644e-109	1.0
19923	1.139928474446524e-63	1.0
19924	2.6694115094719682e-220	1.0
19925	4.739664194390496e-289	1.0
19926	2.9552122038660663e-145	1.0
19927	1.1811828669368177e-18	1.0
19928	4.1919437078518764e-07	0.9999995808056293
19929	4.024613603697734e-12	0.9999999999959754
19930	9.179500587265246e-40	1.0
19931	8.983312401379139e-93	1.0
19932	1.4175931616541599e-96	1.0
19933	0.022347846346936772	0.9776521536530631
19934	1.1550792212345969e-147	1.0
19935	7.248250898888817e-56	1.0
19936	6.927278018888391e-54	1.0
19937	7.439970068326745e-91	1.0
19938	2.994596621e-313	1.0
19939	0.0	1.0
19940	2.2192017092514686e-65	1.0
19941	5.657656385973686e-99	1.0
19942	1.625601418773225e-38	1.0
19943	2.234659546628122e-19	1.0
19944	7.448435625698851e-34	1.0
19945	1.2763820337027086e-141	1.0
19946	0.002471086293128868	0.9975289137068712
19947	9.164629363505293e-134	1.0
19948	5.38107552360069e-47	1.0
19949	3.499170428184544e-06	0.9999965008295717
19951	3.6156122597459277e-264	1.0
19952	2.1545569895958733e-52	1.0
19953	8.004762899840047e-201	1.0
19954	7.780146524064746e-38	1.0
19955	6.136553847396728e-34	1.0
19956	3.653803990193216e-150	1.0
19957	3.793654923645401e-77	1.0
19958	1.9228737907727502e-166	1.0
19959	0.0	1.0
19960	9.94993706088826e-169	1.0
19961	4.907145116970601e-27	1.0
19962	3.782165872153855e-152	1.0
19963	3.3218837124296984e-34	1.0
19964	5.827698220106651e-19	1.0
19965	1.6981724504090165e-38	1.0
19966	4.946707412098797e-89	1.0
19967	2.795494017076093e-77	1.0
19968	2.570764412069994e-66	1.0
19969	1.0636226253950869e-250	1.0
19970	2.535583634198677e-100	1.0
19971	1.1899398007045953e-258	1.0
19972	0.0	1.0
19973	8.157326402994641e-252	1.0
19974	2.9699063653677077e-86	1.0
19975	0.0	1.0
19976	3.724111852834445e-53	1.0
19977	1.005023497052209e-38	1.0
19978	7.108198699125841e-85	1.0
19979	9.266205638427955e-243	1.0
19981	4.226796896047737e-87	1.0
19982	1.2393206917419378e-75	1.0
19983	5.742542402960846e-189	1.0
19984	8.583907087755543e-77	1.0
19985	6.227611522059938e-291	1.0
19986	0.0	1.0
19987	1.7107217417385827e-43	1.0
19988	1.259337653711917e-158	1.0
19989	0.0	1.0
19990	8.352219675624424e-25	1.0
19991	2.260571101255744e-116	1.0
19992	5.711329421812746e-106	1.0
19993	4.246848484733613e-146	1.0
19994	6.078629399232234e-160	1.0
19995	4.736897968151612e-83	1.0
19996	4.110765370288431e-95	1.0
19997	2.21359343792233e-107	1.0
19998	1.419184374518607e-156	1.0
19999	2.0837673364647277e-95	1.0
20000	5.0716765009018445e-157	1.0
20001	0.0	1.0
20002	1.838421513222677e-41	1.0
20003	2.687073161778624e-45	1.0
20004	7.288963833732732e-05	0.9999271103616627
20005	0.0	1.0
20006	7.039329629041595e-09	0.9999999929606702
20007	2.4960777495937583e-36	1.0
20008	0.0	1.0
20009	1.316003276960567e-09	0.9999999986839967
20011	2.5451387999206435e-14	0.9999999999999745
20012	3.6968937293353495e-161	1.0
20013	1.7356892154780117e-78	1.0
20014	0.0	1.0
20015	6.83953627628709e-73	1.0
20016	5.490508625819938e-157	1.0
20017	0.0	1.0
20018	3.759499672496673e-73	1.0
20019	3.4216610482357833e-46	1.0
20020	9.140597457765235e-35	1.0
20021	0.0	1.0
20022	8.848214795827792e-23	1.0
20023	2.5365699618052293e-126	1.0
20024	1.8174287677009112e-05	0.9999818257123231
20025	1.9567444011476698e-44	1.0
20026	0.0	1.0
20027	1.838462603679845e-61	1.0
20028	0.0	1.0
20029	4.1157456840001476e-12	0.9999999999958842
20030	2.496675741611752e-74	1.0
20031	4.017297956207002e-131	1.0
20032	1.592078555935201e-166	1.0
20033	3.8802968164043195e-58	1.0
20034	3.6405136288240954e-18	1.0
20035	0.0	1.0
20036	7.272254186037927e-47	1.0
20037	8.83962213543313e-40	1.0
20038	4.178762753700692e-217	1.0
20039	3.3722733500868904e-71	1.0
20041	3.514592954206333e-75	1.0
20042	0.4907032400589102	0.5092967599410899
20043	7.408834857441177e-08	0.9999999259116513
20044	0.0	1.0
20045	7.03805591422269e-14	0.9999999999999296
20046	3.794142899056455e-262	1.0
20047	2.0658097653771745e-85	1.0
20048	0.0	1.0
20049	9.763608397805305e-41	1.0
20050	4.19960434630337e-31	1.0
20051	3.420294280341692e-11	0.9999999999657971
20052	0.0	1.0
20053	0.0	1.0
20054	6.407669187731025e-126	1.0
20055	0.0	1.0
20056	2.722388919845014e-36	1.0
20057	5.902888247043874e-15	0.999999999999994
20058	6.16550609488245e-17	1.0
20059	9.313355989422144e-39	1.0
20060	4.639628519236828e-60	1.0
20061	1.619805908594799e-237	1.0
20062	1.3003308346464236e-10	0.9999999998699669
20063	3.964306141125343e-146	1.0
20064	4.886303333009671e-70	1.0
20065	3.3730297786565253e-128	1.0
20066	0.0	1.0
20067	1.4449495137752096e-162	1.0
20068	1.530259139841981e-16	0.9999999999999998
20069	1.6713635038124923e-12	0.9999999999983287
20071	1.399804940341609e-09	0.9999999986001951
20072	0.0	1.0
20073	1.718509736176887e-70	1.0
20074	0.0	1.0
20075	0.0	1.0
20076	1.2342123109584286e-28	1.0
20077	8.90057292720758e-50	1.0
20078	5.461439964474847e-107	1.0
20079	0.0	1.0
20080	1.1401139545592686e-249	1.0
20081	7.404362086447172e-53	1.0
20082	3.643372381244223e-56	1.0
20083	0.0	1.0
20084	2.2713914403437e-99	1.0
20085	3.825173299317285e-78	1.0
20086	2.9518382718473154e-42	1.0
20087	7.615149543429846e-128	1.0
20088	5.238160146224341e-116	1.0
20089	1.5581216450714235e-06	0.9999984418783548
20090	8.606746038347831e-07	0.9999991393253962
20091	0.0	1.0
20092	5.622688804513533e-09	0.9999999943773112
20093	4.524811621738364e-47	1.0
20094	6.186588755277541e-90	1.0
20095	3.3552151094917956e-64	1.0
20096	6.671005595031399e-259	1.0
20097	4.119296953814283e-13	0.9999999999995881
20098	0.0	1.0
20099	1.349193191823408e-13	0.999999999999865
20101	6.750815843234799e-12	0.9999999999932492
20102	0.0	1.0
20103	2.21503941837974e-245	1.0
20104	7.101911062280735e-22	1.0
20105	9.963065399928776e-47	1.0
20106	1.3103143054144435e-66	1.0
20107	2.2947707980293947e-217	1.0
20108	6.480037801307402e-36	1.0
20109	7.709373399730506e-18	1.0
20110	1.2687842647312267e-125	1.0
20111	5.540533092027586e-119	1.0
20112	0.0	1.0
20113	7.2070532162978236e-12	0.9999999999927929
20114	3.628988103510239e-138	1.0
20115	1.2724237271017567e-25	1.0
20116	4.134515276333969e-51	1.0
20117	3.483507548426463e-22	1.0
20118	0.0	1.0
20119	3.540796637124494e-30	1.0
20120	1.3050333350688971e-19	1.0
20121	1.6564631261262937e-172	1.0
20122	8.188758690007618e-141	1.0
20123	6.374889159206822e-229	1.0
20124	3.668712901580581e-69	1.0
20125	1.1728260717334603e-10	0.9999999998827174
20126	5.954927077735097e-163	1.0
20127	3.7988690444901417e-50	1.0
20128	5.402934275607806e-10	0.9999999994597066
20129	4.475067863530698e-118	1.0
20131	7.155815559059592e-35	1.0
20132	0.0	1.0
20133	7.784697376982853e-08	0.9999999221530264
20134	5.798029029826669e-125	1.0
20135	1.0276237257173444e-60	1.0
20136	1.616342426890298e-51	1.0
20137	1.619193080103893e-24	1.0
20138	1.253e-320	1.0
20139	3.523268035372056e-120	1.0
20140	0.0	1.0
20141	0.0	1.0
20142	0.0	1.0
20143	2.0171278832666002e-38	1.0
20144	1.2653307300758764e-06	0.9999987346692699
20145	1.379783733453437e-41	1.0
20146	0.0	1.0
20147	2.66771577606322e-126	1.0
20148	2.829453155392391e-70	1.0
20149	5.684917419917293e-157	1.0
20150	8.141708479029679e-09	0.9999999918582915
20151	6.198659344018084e-09	0.9999999938013406
20152	1.3638435787273559e-42	1.0
20153	1.92872536446778e-102	1.0
20154	2.665736385832665e-45	1.0
20155	3.737722214528635e-305	1.0
20156	3.1986157102669227e-07	0.999999680138429
20157	8.516483931682791e-09	0.9999999914835161
20158	9.897187210138196e-09	0.9999999901028128
20159	1.8364038952471626e-37	1.0
20161	7.19149313117567e-70	1.0
20162	2.0211743746131993e-13	0.9999999999997979
20163	2.871943900899954e-161	1.0
20164	3.540647156689176e-141	1.0
20165	2.4831172228343525e-196	1.0
20166	1.6021233588307758e-11	0.9999999999839788
20167	1.4302773772780244e-10	0.9999999998569722
20168	6.329610595530469e-12	0.9999999999936704
20169	2.2771220458081797e-68	1.0
20170	1.1665551715924181e-43	1.0
20171	1.349193191823408e-13	0.999999999999865
20172	5.402934275607806e-10	0.9999999994597066
20173	1.698377051064113e-12	0.9999999999983016
20174	1.1299913078091488e-81	1.0
20175	1.9809339825443408e-32	1.0
20176	1.3721956584760733e-11	0.9999999999862781
20177	6.61641358754498e-14	0.9999999999999338
20178	1.0366907897849039e-138	1.0
20179	7.838463291052619e-138	1.0
20180	9.676425373720617e-37	1.0
20181	0.0	1.0
20182	1.0060300058304245e-104	1.0
20183	6.03533e-318	1.0
20184	9.5e-322	1.0
20185	1.7458603967210038e-90	1.0
20186	1.3721956584760733e-11	0.9999999999862781
20187	5.9213046804784726e-55	1.0
20188	3.007339244330249e-39	1.0
20189	3.3711260986521432e-09	0.999999996628874
20191	0.0	1.0
20192	1.141554505290637e-166	1.0
20193	3.862558559901386e-08	0.9999999613744143
20194	3.67128543015437e-73	1.0
20195	6.663741304748787e-82	1.0
20196	7.208064866998327e-282	1.0
20197	0.0	1.0
20198	0.4907032400589102	0.5092967599410899
20199	1.7547259952073827e-120	1.0
20200	5.448932002913681e-46	1.0
20201	9.490059436750616e-122	1.0
20202	5.114639215866082e-74	1.0
20203	4.840012917428656e-32	1.0
20204	1.1518282074673755e-12	0.9999999999988483
20205	3.364223034438344e-11	0.9999999999663578
20206	2.4098688745862507e-68	1.0
20207	0.0	1.0
20208	1.296022838016179e-29	1.0
20209	7.40024779138611e-226	1.0
20210	2.0140858233321606e-97	1.0
20211	6.406265472585492e-68	1.0
20212	3.3711260986521432e-09	0.999999996628874
20213	1.6129921482223427e-141	1.0
20214	3.757221518133844e-69	1.0
20215	5.630004759578477e-09	0.9999999943699953
20216	9.867682516918301e-61	1.0
20217	7.81859528269927e-08	0.9999999218140471
20218	8.6162421369745e-80	1.0
20219	6.181530820154272e-44	1.0
20221	1.6053376624402902e-29	1.0
20222	6.287822334590963e-54	1.0
20223	1.735611627603415e-67	1.0
20224	3.298535208755646e-06	0.9999967014647912
20225	1.0583640354634719e-37	1.0
20226	4.2185093823980194e-13	0.9999999999995781
20227	3.364223034438344e-11	0.9999999999663578
20228	5.156186816401859e-13	0.9999999999994844
20229	2.0211743746131993e-13	0.9999999999997979
20230	4.8483248304893376e-11	0.9999999999515168
20231	4.0531948113997486e-42	1.0
20232	1.1513173525398324e-22	1.0
20233	3.4531737451673714e-62	1.0
20234	2.878740208723734e-12	0.9999999999971212
20235	4.816957038056226e-13	0.9999999999995184
20236	2.2323906926316452e-40	1.0
20237	9.432184715927668e-47	1.0
20238	6.50530433089518e-114	1.0
20239	1.2223182127681078e-18	1.0
20240	0.0003747052859992967	0.9996252947140007
20241	4.3630583886572875e-11	0.9999999999563693
20242	2.3211268010110204e-91	1.0
20243	1.588147635217886e-52	1.0
20244	2.051057386638136e-42	1.0
20245	2.2400603483881206e-09	0.9999999977599396
20246	2.2400603483881206e-09	0.9999999977599396
20247	7.815575213512522e-44	1.0
20248	1.3795642223822134e-07	0.9999998620435778
20249	4.726063579829456e-97	1.0
20251	2.6134801885555855e-22	1.0
20252	7.198797858745052e-21	1.0
20253	2.3036904361110664e-229	1.0
20254	7.177121485779395e-13	0.9999999999992824
20255	2.9574895363726555e-07	0.9999997042510465
20256	1.4302773772780244e-10	0.9999999998569722
20257	3.3763772487263365e-88	1.0
20258	9.55783346036702e-10	0.9999999990442165
20259	8.279878670824945e-33	1.0
20260	5.097647830352367e-35	1.0
20261	3.2085550124798834e-89	1.0
20262	0.0	1.0
20263	0.0	1.0
20264	8.343514960844803e-09	0.9999999916564851
20265	0.0	1.0
20266	1.7375974985584297e-68	1.0
20267	2.121630577616096e-132	1.0
20268	3.484338313193553e-09	0.9999999965156616
20269	1.969983095902133e-06	0.9999980300169042
20270	1.5931418569675999e-112	1.0
20271	8.347389613179788e-98	1.0
20272	2.097160806691011e-136	1.0
20273	7.218903520327433e-117	1.0
20274	1.372410895545574e-09	0.9999999986275891
20275	1.7188176175074573e-25	1.0
20276	9.154132644788078e-281	1.0
20277	1.1615660238559452e-79	1.0
20278	1.4970333496578546e-08	0.9999999850296666
20279	2.5705785654178717e-12	0.9999999999974294
20281	0.0006964834868481991	0.9993035165131517
20282	6.44838845837951e-101	1.0
20283	9.428161400998712e-130	1.0
20284	2.7731922294601116e-19	1.0
20285	7.6559573774852085e-53	1.0
20286	1.0107387745290701e-209	1.0
20287	8.985644921111811e-09	0.9999999910143552
20288	5.737208118997352e-139	1.0
20289	1.0832930872364932e-41	1.0
20290	3.3493245767341646e-191	1.0
20291	8.157534056586626e-207	1.0
20292	0.0	1.0
20293	3.524610164416508e-35	1.0
20294	2.0188200779837054e-73	1.0
20295	2.769440989268755e-151	1.0
20296	2.1195091966689303e-46	1.0
20297	2.048441328511809e-52	1.0
20298	1.3658306173180153e-32	1.0
20299	0.0	1.0
20300	1.0749260684028585e-180	1.0
20301	1.125196030118438e-50	1.0
20302	1.1078455932870936e-58	1.0
20303	3.3047916188604203e-25	1.0
20304	2.493215905762508e-09	0.9999999975067841
20305	0.0	1.0
20306	1.2437963359445e-155	1.0
20307	2.0211743746131993e-13	0.9999999999997979
20308	0.0	1.0
20309	0.0003747052859992967	0.9996252947140007
20311	2.410630961950076e-80	1.0
20312	6.351191651393499e-185	1.0
20313	2.4573091390180695e-65	1.0
20314	3.0962916032329725e-42	1.0
20315	2.1492453478516048e-54	1.0
20316	0.0	1.0
20317	0.0	1.0
20318	4.741645173588355e-51	1.0
20319	6.132289702436949e-24	1.0
20320	2.3445437560471967e-163	1.0
20321	0.0	1.0
20322	1.8466656955727954e-34	1.0
20323	3.4359286060302743e-53	1.0
20324	7.449897019180301e-44	1.0
20325	6.603987166205186e-78	1.0
20326	1.2996096077173395e-64	1.0
20327	5.3219546516691014e-133	1.0
20328	1.8433794306628046e-58	1.0
20329	2.4094379542199638e-60	1.0
20330	5.163798027010233e-50	1.0
20331	0.0	1.0
20332	3.071751392743607e-11	0.9999999999692826
20333	1.2173100710868505e-44	1.0
20334	1.2656470725057484e-33	1.0
20335	1.0815286802409647e-93	1.0
20336	2.7028754718966437e-32	1.0
20337	1.8011902903337808e-221	1.0
20338	1.47350608198109e-163	1.0
20339	1.4014164603240228e-09	0.9999999985985835
20341	1.698844134233578e-41	1.0
20342	0.6198861314555363	0.3801138685444637
20343	7.505664899754729e-17	1.0
20344	2.0078232430835204e-62	1.0
20345	2.4067210868857796e-30	1.0
20346	0.0	1.0
20347	1.4198071109410628e-111	1.0
20348	2.0388027873458637e-31	1.0
20349	2.812856551735043e-71	1.0
20350	2.4328325088342154e-100	1.0
20351	2.9720373962730994e-254	1.0
20352	8.341778670771831e-35	1.0
20353	4.439541634040848e-38	1.0
20354	4.57491254532794e-19	1.0
20355	3.274288072422806e-121	1.0
20356	1.3429891692905956e-27	1.0
20357	3.6178958603444925e-05	0.9999638210413965
20358	1.0815286802409647e-93	1.0
20359	2.7506849646343398e-34	1.0
20360	4.980087646050374e-26	1.0
20361	2.780022932976158e-60	1.0
20362	0.0	1.0
20363	1.1365348697166443e-11	0.9999999999886346
20364	2.000559231690693e-40	1.0
20365	1.8828280829276e-33	1.0
20366	2.548749263964984e-41	1.0
20367	1.593972169837759e-36	1.0
20368	2.1345507574376684e-44	1.0
20369	1.8431732913179064e-58	1.0
20371	1.677300660211113e-101	1.0
20372	2.815877538431631e-128	1.0
20373	2.1213291186030527e-43	1.0
20374	5.419818386231375e-10	0.9999999994580182
20375	1.0648882978303043e-71	1.0
20376	0.0	1.0
20377	3.392497033013524e-62	1.0
20378	5.63777955707138e-46	1.0
20379	7.405532797324176e-109	1.0
20380	3.226691342995619e-119	1.0
20381	1.0815286802409647e-93	1.0
20382	3.9638363127197924e-97	1.0
20383	4.4348826472634346e-08	0.9999999556511736
20384	2.6630547763567517e-70	1.0
20385	2.875988675837766e-14	0.9999999999999711
20386	2.6846466950012807e-44	1.0
20387	5.619179450297146e-44	1.0
20388	1.3459658989830543e-85	1.0
20389	1.2953624557996968e-38	1.0
20390	8.314010217102734e-46	1.0
20391	0.0	1.0
20392	1.8011902903337808e-221	1.0
20393	2.740068235182296e-21	1.0
20394	1.0389439996800497e-33	1.0
20395	8.036452155707536e-277	1.0
20396	1.2523009066688288e-32	1.0
20397	1.821614200522148e-36	1.0
20398	3.3874269473286764e-63	1.0
20399	1.3150863560397614e-20	1.0
20401	9.142266549984152e-115	1.0
20402	1.8382380337120502e-38	1.0
20403	2.4707964469662036e-32	1.0
20404	7.475908883650075e-194	1.0
20405	2.4132971388311384e-28	1.0
20406	2.87751064575326e-74	1.0
20407	4.900569197496429e-104	1.0
20408	8.661463163350355e-11	0.9999999999133853
20409	0.0	1.0
20410	0.0	1.0
20411	0.0	1.0
20412	1.4727022518857985e-46	1.0
20413	1.478607412002457e-95	1.0
20414	0.0	1.0
20415	3.1411611079010717e-58	1.0
20416	5.610772428063986e-146	1.0
20417	2.4570989290840294e-11	0.999999999975429
20418	1.0330208220752655e-95	1.0
20419	2.5508430135673342e-49	1.0
20420	2.3209462362154106e-30	1.0
20421	1.8796244250718794e-216	1.0
20422	1.1101019936299329e-17	1.0
20423	0.0	1.0
20424	5.0531264900638884e-64	1.0
20425	4.055492403607984e-82	1.0
20426	3.9729144224842437e-81	1.0
20427	1.7655087681280956e-132	1.0
20428	1.2640075318579008e-37	1.0
20429	1.6871086552593848e-79	1.0
20431	5.964931313035998e-39	1.0
20432	5.2567801223531035e-96	1.0
20433	1.0756248764316399e-287	1.0
20434	5.304561546245775e-12	0.9999999999946954
20435	3.7831939838013777e-103	1.0
20436	2.1552309511282966e-36	1.0
20437	1.6496354308719614e-55	1.0
20438	1.4962684686103462e-52	1.0
20439	4.222912627630198e-52	1.0
20440	0.0	1.0
20441	7.110438774188039e-66	1.0
20442	4.147763897400398e-46	1.0
20443	0.0	1.0
20444	1.2016273788469619e-82	1.0
20445	2.403829299331442e-54	1.0
20446	1.9267602079143428e-230	1.0
20447	0.0	1.0
20448	3.668648261965202e-217	1.0
20449	6.484942483322745e-76	1.0
20450	7.307168743573423e-184	1.0
20451	6.904491543265476e-17	1.0
20452	5.167512282469879e-157	1.0
20453	3.1986157102669227e-07	0.999999680138429
20454	1.0620671632631882e-27	1.0
20455	2.1675157830654647e-29	1.0
20456	1.1486190610953438e-115	1.0
20457	1.708603548716795e-108	1.0
20458	0.0	1.0
20459	9.453892247197053e-180	1.0
20461	5.329894151867388e-219	1.0
20462	0.0	1.0
20463	1.3984690760814633e-119	1.0
20464	0.0	1.0
20465	0.0	1.0
20466	2.0874128902859794e-31	1.0
20467	0.0	1.0
20468	2.716694170774682e-78	1.0
20469	0.0	1.0
20470	3.80092416188264e-67	1.0
20471	1.913334941879256e-34	1.0
20472	2.1300068562637463e-60	1.0
20473	0.0	1.0
20474	7.0477635509943e-145	1.0
20475	1.015392403490984e-12	0.9999999999989846
20476	5.181778192350887e-62	1.0
20477	2.6804838796538043e-153	1.0
20478	4.094206612323114e-70	1.0
20479	5.546148054729722e-46	1.0
20480	5.061892043616445e-95	1.0
20481	0.004309693835125444	0.9956903061648745
20482	6.949982031219657e-29	1.0
20483	1.9267602079143428e-230	1.0
20484	2.868365683144778e-56	1.0
20485	1.1060140217182693e-23	1.0
20486	1.0206564144981349e-63	1.0
20487	9.34371134603923e-87	1.0
20488	2.1464303905837472e-89	1.0
20489	5.97478446707067e-44	1.0
20491	8.911445029960188e-173	1.0
20492	1.5087084436708577e-48	1.0
20493	0.4907032400589102	0.5092967599410899
20494	0.0	1.0
20495	1.228716739951013e-56	1.0
20496	0.0	1.0
20497	2.838920717254121e-81	1.0
20498	2.2400603483881206e-09	0.9999999977599396
20499	1.363567663090815e-13	0.9999999999998637
20500	4.048989339080045e-45	1.0
20501	3.778460883460066e-118	1.0
20502	3.712284458376079e-44	1.0
20503	1.3150863560397614e-20	1.0
20504	7.645735950877299e-287	1.0
20505	3.346668054948038e-78	1.0
20506	2.8978387723718723e-98	1.0
20507	7.707056829247582e-158	1.0
20508	1.9267602079143428e-230	1.0
20509	1.9965216948039685e-81	1.0
20510	3.646287169215714e-15	0.9999999999999964
20511	6.204209505413005e-50	1.0
20512	1.465133841012734e-102	1.0
20513	3.014066369976726e-110	1.0
20514	2.789132782073393e-77	1.0
20515	1.5786565061294606e-52	1.0
20516	0.0	1.0
20517	6.526202895485728e-100	1.0
20518	0.4907032400589102	0.5092967599410899
20519	2.4078066801104482e-161	1.0
20521	1.3874410705278478e-174	1.0
20522	1.2114930075787594e-17	1.0
20523	1.4145102833291942e-27	1.0
20524	1.1781255710302998e-21	1.0
20525	0.0	1.0
20526	2.773154715464458e-12	0.9999999999972269
20527	0.0	1.0
20528	2.996900314751036e-202	1.0
20529	1.6709796921852334e-30	1.0
20530	4.3630583886572875e-11	0.9999999999563693
20531	1.3292183575196132e-157	1.0
20532	1.0385303378950459e-71	1.0
20533	2.1524100228015577e-147	1.0
20534	1.8846600915178858e-87	1.0
20535	4.058666692047638e-147	1.0
20536	2.235559968303663e-138	1.0
20537	2.471601879402965e-15	0.9999999999999976
20538	1.0056172216374748e-98	1.0
20539	0.0	1.0
20540	5.752077570011703e-77	1.0
20541	0.4907032400589102	0.5092967599410899
20542	5.579469330189005e-79	1.0
20543	2.4604587641618322e-82	1.0
20544	1.5976068022165846e-38	1.0
20545	1.4128722490938099e-34	1.0
20546	1.6580135838132088e-85	1.0
20547	8.446119549151994e-96	1.0
20548	0.0	1.0
20549	8.314020637704902e-64	1.0
20551	8.530851288997807e-25	1.0
20552	1.196677783252728e-73	1.0
20553	1.6705720278900672e-73	1.0
20554	0.0	1.0
20555	0.0	1.0
20556	9.317651090138551e-138	1.0
20557	1.395898038602261e-92	1.0
20558	4.5561770266205986e-102	1.0
20559	7.820521058744037e-98	1.0
20560	6.85179107188145e-08	0.9999999314820893
20561	1.3178379878117368e-64	1.0
20562	1.3929849975643153e-44	1.0
20563	3.595712788774461e-30	1.0
20564	4.375968331329793e-05	0.9999562403166868
20565	5.795203169916638e-40	1.0
20566	7.049810498214885e-59	1.0
20567	0.0	1.0
20568	4.3369954226907683e-26	1.0
20569	1.4363956624283763e-22	1.0
20570	5.40933827318462e-85	1.0
20571	1.6559520854161471e-06	0.9999983440479144
20572	8.54677537586874e-64	1.0
20573	0.0	1.0
20574	1.0239425017191569e-70	1.0
20575	9.841765446765154e-113	1.0
20576	3.5676441612847787e-75	1.0
20577	0.0	1.0
20578	1.1432309833548549e-79	1.0
20579	8.388709270226553e-80	1.0
20581	1.2698363318244226e-120	1.0
20582	1.6505948917641727e-132	1.0
20583	0.0	1.0
20584	0.801146171893032	0.19885382810696794
20585	1.7294092458201032e-09	0.9999999982705907
20586	3.1463470569938144e-93	1.0
20587	1.948951372896626e-101	1.0
20588	6.952007506488343e-91	1.0
20589	4.483595411734921e-84	1.0
20590	0.9999980389225791	1.9610774208468305e-06
20591	6.862109141095682e-26	1.0
20592	1.1964263713740929e-83	1.0
20593	6.0069487069745896e-173	1.0
20594	1.9267602079143428e-230	1.0
20595	0.0017405787936148496	0.9982594212063851
20596	2.0288786974221024e-199	1.0
20597	4.643452793649092e-33	1.0
20598	2.832376481617822e-18	1.0
20599	1.1695115801970589e-135	1.0
20600	9.982307498356723e-122	1.0
20601	1.7763451198860358e-114	1.0
20602	1.1722404001247193e-130	1.0
20603	4.515102342442516e-112	1.0
20604	5.271435022212267e-12	0.9999999999947287
20605	4.888914102707555e-25	1.0
20606	4.771424152946027e-66	1.0
20607	1.706167813367935e-158	1.0
20608	0.0	1.0
20609	2.2733801898052406e-74	1.0
20611	1.7331103994331097e-06	0.9999982668896007
20612	5.109380776663323e-43	1.0
20613	1.0431448615307536e-205	1.0
20614	0.0033294468343932557	0.9966705531656067
20615	4.037064529604982e-39	1.0
20616	2.8141221646655623e-112	1.0
20617	3.50655365733349e-89	1.0
20618	0.0	1.0
20619	1.2889595205153587e-53	1.0
20620	4.690565626362667e-245	1.0
20621	7.050599029079369e-98	1.0
20622	0.0	1.0
20623	0.0	1.0
20624	1.2945447224424838e-77	1.0
20625	1.0131364426624542e-118	1.0
20626	9.138218041358438e-55	1.0
20627	2.380282254436904e-220	1.0
20628	3.028647597662677e-45	1.0
20629	2.6579881636892856e-114	1.0
20630	7.706294005614627e-120	1.0
20631	5.045666224631328e-05	0.9999495433377537
20632	1.3747741593405213e-95	1.0
20633	1.896954021586459e-17	1.0
20634	2.3330876303460934e-56	1.0
20635	5.119451522725004e-91	1.0
20636	2.1916751466154456e-30	1.0
20637	9.252696220864374e-61	1.0
20638	2.9610699036405935e-05	0.9999703893009637
20639	8.941113121374948e-145	1.0
20641	2.1194775199841654e-14	0.9999999999999789
20642	3.981888701514665e-143	1.0
20643	1.4490252541683811e-91	1.0
20644	2.7681539085940263e-91	1.0
20645	2.747777779384109e-279	1.0
20646	4.645863974806211e-111	1.0
20647	4.388903045919158e-21	1.0
20648	5.32339959504435e-169	1.0
20649	1.2766248922461483e-83	1.0
20650	8.626061947292143e-103	1.0
20651	2.1300068562637463e-60	1.0
20652	3.0332239076491328e-226	1.0
20653	9.707054430767283e-129	1.0
20654	8.710974987370549e-96	1.0
20655	4.7548500428319616e-118	1.0
20656	2.231932099798561e-48	1.0
20657	5.399489238696241e-127	1.0
20658	4.2809211770452396e-60	1.0
20659	5.827482057582576e-31	1.0
20660	2.1300068562637463e-60	1.0
20661	5.885809683934034e-43	1.0
20662	5.262721641549541e-79	1.0
20663	3.150221626669039e-29	1.0
20664	5.926404409152595e-106	1.0
20665	1.5837765881519608e-140	1.0
20666	1.3345558320688255e-255	1.0
20667	4.200131289401622e-56	1.0
20668	1.1052297552778147e-74	1.0
20669	3.0332239076491328e-226	1.0
20671	1.1004595157562999e-115	1.0
20672	9.258836095961243e-266	1.0
20673	1.7206534196583801e-144	1.0
20674	2.029304887555246e-27	1.0
20675	1.0645910677990529e-200	1.0
20676	2.4297734509815723e-57	1.0
20677	4.4099787262002235e-34	1.0
20678	2.4903840556278272e-20	1.0
20679	1.2780025311148958e-70	1.0
20680	7.016304567621714e-33	1.0
20681	1.770155031675461e-43	1.0
20682	4.3843687533118996e-61	1.0
20683	8.401817158012867e-256	1.0
20684	1.0237050793573215e-192	1.0
20685	3.873346679289296e-27	1.0
20686	0.4907032400589102	0.5092967599410899
20687	1.4944791355606915e-113	1.0
20688	1.4233323342356879e-84	1.0
20689	1.6760919830423337e-56	1.0
20690	7.077452829405128e-14	0.9999999999999292
20691	8.971257083121639e-57	1.0
20692	0.0	1.0
20693	8.984423485762933e-181	1.0
20694	1.1756012741387514e-12	0.9999999999988245
20695	1.489646870491597e-188	1.0
20696	6.8190717541354706e-254	1.0
20697	2.7057647212535954e-07	0.9999997294235278
20698	1.1804950871785271e-09	0.999999998819505
20699	9.571174727650177e-48	1.0
20701	2.8719047477243654e-131	1.0
20702	8.240757075415412e-190	1.0
20703	3.157995595087648e-129	1.0
20704	1.7794238720470326e-63	1.0
20705	3.5047293177021224e-102	1.0
20706	3.368043088202747e-164	1.0
20707	7.922952313492313e-75	1.0
20708	1.0992699584989042e-33	1.0
20709	1.4558855477806378e-104	1.0
20710	2.336458144051227e-08	0.9999999766354185
20711	4.954517816812729e-206	1.0
20712	2.3516054793536453e-74	1.0
20713	1.5386008616910535e-119	1.0
20714	5.1327841777621624e-64	1.0
20715	1.0727353970389893e-40	1.0
20716	0.0	1.0
20717	9.224777771304768e-78	1.0
20718	0.0	1.0
20719	3.1274186696090453e-109	1.0
20720	4.0236307971263866e-63	1.0
20721	2.0538645047128712e-49	1.0
20722	2.663786524857842e-82	1.0
20723	1.3057976535652717e-86	1.0
20724	6.944399780271854e-49	1.0
20725	7.59401574217011e-42	1.0
20726	7.892886101100462e-70	1.0
20727	6.845618652531225e-68	1.0
20728	1.3359507037136593e-220	1.0
20729	7.296959603626019e-99	1.0
20731	4.6079815329839803e-98	1.0
20732	0.0	1.0
20733	6.618149914977226e-42	1.0
20734	8.742233772696176e-75	1.0
20735	0.0	1.0
20736	3.936120458671877e-168	1.0
20737	4.708211982416642e-74	1.0
20738	3.5194824345498704e-100	1.0
20739	5.903902888238351e-68	1.0
20740	4.845902861155632e-20	1.0
20741	4.681255087722698e-09	0.9999999953187448
20742	5.212994116496103e-47	1.0
20743	0.0	1.0
20744	6.036425861515212e-75	1.0
20745	7.415169268260468e-74	1.0
20746	2.6556652354046427e-12	0.9999999999973443
20747	0.5470184059431707	0.45298159405682925
20748	7.205608352680705e-30	1.0
20749	7.716370940438825e-73	1.0
20750	0.4907032400589102	0.5092967599410899
20751	0.4907032400589102	0.5092967599410899
20752	2.403017576676996e-106	1.0
20753	1.4578849276731719e-165	1.0
20754	8.807929035246665e-69	1.0
20755	3.4811768476188424e-82	1.0
20756	1.5918754141586617e-91	1.0
20757	0.0	1.0
20758	1.1004701210836066e-106	1.0
20759	8.424134247999722e-39	1.0
20761	0.4907032400589102	0.5092967599410899
20762	9.558292573136464e-90	1.0
20763	2.9159266625574084e-154	1.0
20764	5.896744321042517e-153	1.0
20765	1.4128722490938099e-34	1.0
20766	0.0	1.0
20767	4.787679175828279e-224	1.0
20768	9.097178030501784e-104	1.0
20769	9.72237571328566e-135	1.0
20770	6.044032393093501e-103	1.0
20771	0.0023564036282226293	0.9976435963717775
20772	6.600148649871339e-83	1.0
20773	4.681255087722698e-09	0.9999999953187448
20774	5.570872553145979e-106	1.0
20775	7.459037945662847e-101	1.0
20776	1.5696127343560416e-162	1.0
20777	0.0	1.0
20778	7.320544686487733e-79	1.0
20779	8.023747203433042e-13	0.9999999999991975
20780	4.421001144818018e-20	1.0
20781	9.630627841742647e-52	1.0
20782	5.161014667643468e-91	1.0
20783	2.3329316313179705e-51	1.0
20784	1.0954195948625527e-96	1.0
20785	1.380344988230218e-162	1.0
20786	1.6682667449459645e-94	1.0
20787	5.349254025809219e-247	1.0
20788	5.496895697689634e-63	1.0
20789	7.873685248734647e-62	1.0
20791	1.375164246561357e-98	1.0
20792	3.428410892826985e-16	0.9999999999999996
20793	3.421943436932564e-108	1.0
20794	2.074676193283016e-83	1.0
20795	5.764354246784643e-49	1.0
20796	8.87132501585675e-81	1.0
20797	2.9797694030481866e-78	1.0
20798	5.573140329235817e-194	1.0
20799	8.954764269677896e-77	1.0
20800	1.532985986338554e-155	1.0
20801	2.0989068820530312e-37	1.0
20802	1.4368600683289775e-54	1.0
20803	2.7355544616246625e-228	1.0
20804	1.425797434376103e-47	1.0
20805	6.577407148350542e-92	1.0
20806	2.2700425500504115e-33	1.0
20807	7.07539369925369e-42	1.0
20808	1.6675276557360264e-23	1.0
20809	3.522518550989017e-297	1.0
20810	1.2207384297401722e-10	0.9999999998779261
20811	8.287463762828821e-33	1.0
20812	6.050556986541198e-32	1.0
20813	0.0	1.0
20814	6.302674321628297e-39	1.0
20815	1.6044861963208737e-77	1.0
20816	4.138398026179795e-253	1.0
20817	5.346480638713432e-197	1.0
20818	1.4744698814107255e-273	1.0
20819	1.532985986338554e-155	1.0
20821	8.643004199546088e-09	0.9999999913569958
20822	6.951332569691245e-72	1.0
20823	8.807929035246665e-69	1.0
20824	8.633896611353802e-271	1.0
20825	7.729096407697568e-45	1.0
20826	0.0	1.0
20827	2.7355544616246625e-228	1.0
20828	1.0405863026537753e-22	1.0
20829	6.478038121439901e-65	1.0
20830	1.718514660040057e-114	1.0
20831	0.0	1.0
20832	2.0373888871667586e-40	1.0
20833	9.303474092008834e-76	1.0
20834	0.4907032400589102	0.5092967599410899
20835	8.807929035246665e-69	1.0
20836	3.2251187257316776e-37	1.0
20837	2.4486175035150434e-59	1.0
20838	1.590013168692308e-89	1.0
20839	2.3402930584739732e-43	1.0
20840	5.261677460820513e-27	1.0
20841	2.0885619653034553e-14	0.9999999999999791
20842	5.133936807024968e-44	1.0
20843	1.6869110735415312e-93	1.0
20844	0.0	1.0
20845	8.807929035246665e-69	1.0
20846	6.707006143217784e-42	1.0
20847	2.870191475350332e-110	1.0
20848	0.0	1.0
20849	0.0	1.0
20851	3.124116037419827e-238	1.0
20852	8.807929035246665e-69	1.0
20853	8.807929035246665e-69	1.0
20854	3.793885984162161e-108	1.0
20855	6.807000742413489e-52	1.0
20856	0.0	1.0
20857	1.9399189888563766e-154	1.0
20858	4.8690273362776756e-172	1.0
20859	4.511880785119569e-78	1.0
20860	4.947661165433242e-52	1.0
20861	0.0	1.0
20862	7.013489539473245e-53	1.0
20863	8.508888563370223e-83	1.0
20864	1.841399579976238e-63	1.0
20865	6.951332569691245e-72	1.0
20866	2.707610136219451e-32	1.0
20867	3.485484597909992e-281	1.0
20868	2.258526157844124e-34	1.0
20869	6.919316485946774e-26	1.0
20870	1.118073676851717e-118	1.0
20871	9.108596337808407e-46	1.0
20872	6.951332569691245e-72	1.0
20873	0.0	1.0
20874	0.0	1.0
20875	1.4497776090848986e-136	1.0
20876	0.0	1.0
20877	2.3917056027884525e-91	1.0
20878	6.409256765026249e-104	1.0
20879	1.9051727126554607e-63	1.0
20881	3.7331200826750525e-149	1.0
20882	9.672084641824992e-174	1.0
20883	7.920816909520759e-70	1.0
20884	3.2553217007040927e-24	1.0
20885	1.639436099511015e-25	1.0
20886	1.1878462502086008e-174	1.0
20887	2.141124546309576e-175	1.0
20888	3.7605896244100667e-131	1.0
20889	0.0	1.0
20890	5.686499337893653e-18	1.0
20891	0.0	1.0
20892	7.827000070088174e-44	1.0
20893	6.074388816254575e-23	1.0
20894	3.569754062437321e-132	1.0
20895	0.0	1.0
20896	2.1395324501374128e-27	1.0
20897	0.0	1.0
20898	3.31609787402585e-113	1.0
20899	3.437698716220188e-117	1.0
20900	2.064644947703981e-42	1.0
20901	2.6900855592946817e-65	1.0
20902	2.828425066665391e-90	1.0
20903	7.063238690968527e-63	1.0
20904	7.869362165984442e-34	1.0
20905	2.54004627300645e-08	0.9999999745995374
20906	0.0	1.0
20907	7.732818563237289e-38	1.0
20908	1.639436099511015e-25	1.0
20909	0.4907032400589102	0.5092967599410899
20911	2.290903042484366e-81	1.0
20912	0.0	1.0
20913	0.0	1.0
20914	5.260610937698355e-227	1.0
20915	2.779317029882845e-36	1.0
20916	1.332785965748026e-221	1.0
20917	1.2115259756497176e-257	1.0
20918	6.164185458028553e-46	1.0
20919	1.8395725197240412e-50	1.0
20920	6.228431422596982e-31	1.0
20921	2.0908766278163156e-49	1.0
20922	7.172840082524675e-173	1.0
20923	2.1683502886575959e-75	1.0
20924	5.942929362276474e-15	0.999999999999994
20925	7.886098554274231e-286	1.0
20926	1.536722898941365e-175	1.0
20927	4.010470398687758e-57	1.0
20928	3.065936874469563e-33	1.0
20929	1.802630810474591e-196	1.0
20930	5.251007356204409e-62	1.0
20931	1.238519288438044e-203	1.0
20932	1.9484172701908332e-111	1.0
20933	2.1449598578464738e-124	1.0
20934	5.748771767896263e-69	1.0
20935	1.0466239968511144e-31	1.0
20936	0.4907032400589102	0.5092967599410899
20937	6.0794482758439305e-61	1.0
20938	0.0	1.0
20939	4.810036269319172e-224	1.0
20941	7.490287601019899e-12	0.9999999999925098
20942	1.0767658336752322e-113	1.0
20943	7.886098554274231e-286	1.0
20944	0.0	1.0
20945	4.976847857647878e-253	1.0
20946	4.40645263100648e-40	1.0
20947	3.208584358075657e-72	1.0
20948	1.2717314451393681e-17	1.0
20949	1.1425362042858391e-181	1.0
20950	2.966894743642043e-85	1.0
20951	4.107591193041083e-175	1.0
20952	0.0	1.0
20953	3.478218084658557e-44	1.0
20954	1.1041522138307617e-87	1.0
20955	0.0	1.0
20956	3.1301988716644954e-36	1.0
20957	5.698706593747082e-05	0.9999430129340625
20958	4.107591193041083e-175	1.0
20959	0.0	1.0
20960	1.921371364439814e-34	1.0
20961	3.583997542599519e-12	0.999999999996416
20962	0.0	1.0
20963	1.2510674248993122e-80	1.0
20964	4.0460612587224065e-42	1.0
20965	5.363307885605591e-87	1.0
20966	1.0788086333933344e-78	1.0
20967	0.0	1.0
20968	0.0	1.0
20969	0.0	1.0
20971	1.219235868884245e-63	1.0
20972	1.8975438364948417e-222	1.0
20973	8.404511167669647e-97	1.0
20974	0.4907032400589102	0.5092967599410899
20975	4.4545147494518076e-95	1.0
20976	1.8922353314077647e-296	1.0
20977	2.2991259878714823e-33	1.0
20978	6.2492704195869954e-30	1.0
20979	2.958714479434218e-198	1.0
20980	1.9579916926276415e-21	1.0
20981	9.198164213703937e-24	1.0
20982	0.0	1.0
20983	2.6405826155963894e-97	1.0
20984	7.5155835203137e-10	0.9999999992484416
20985	7.5155835203137e-10	0.9999999992484416
20986	4.295371103142516e-41	1.0
20987	6.403714668631802e-89	1.0
20988	5.957052505183919e-13	0.9999999999994043
20989	0.0	1.0
20990	4.3982792223259917e-231	1.0
20991	8.263649039776183e-132	1.0
20992	1.954374700571605e-06	0.9999980456252995
20993	4.209343122290813e-117	1.0
20994	1.363260788288747e-51	1.0
20995	7.737382693176942e-79	1.0
20996	0.0	1.0
20997	9.43130134908148e-07	0.9999990568698651
20998	6.731300034200107e-16	0.9999999999999993
20999	0.0	1.0
21001	1.1319189489207046e-58	1.0
21002	0.0	1.0
21003	0.0	1.0
21004	4.560004822552184e-45	1.0
21005	1.7917169493051563e-75	1.0
21006	3.3116137538716816e-227	1.0
21007	1.4970333496578546e-08	0.9999999850296666
21008	1.911915334213339e-30	1.0
21009	1.3673109581498275e-35	1.0
21010	0.0	1.0
21011	8.375460493522668e-73	1.0
21012	4.718298099983051e-144	1.0
21013	5.22393305020785e-25	1.0
21014	0.0	1.0
21015	0.0	1.0
21016	7.7799241332065095e-22	1.0
21017	4.664778132951963e-43	1.0
21018	3.8355214224651585e-69	1.0
21019	1.6051695268419836e-135	1.0
21020	4.011844381450066e-23	1.0
21021	2.0221278287326817e-24	1.0
21022	0.0	1.0
21023	5.0128328732216554e-132	1.0
21024	1.155723755385612e-75	1.0
21025	1.7237003286270665e-228	1.0
21026	4.333109625819391e-72	1.0
21027	2.465790379635785e-121	1.0
21028	9.137351902183286e-21	1.0
21029	1.0077890203798538e-77	1.0
21031	3.1244639884668546e-20	1.0
21032	2.966894743642043e-85	1.0
21033	3.2140956063256563e-38	1.0
21034	2.0230292915553557e-113	1.0
21035	1.0989559969418648e-53	1.0
21036	4.607532790910561e-24	1.0
21037	2.6413899417900748e-45	1.0
21038	2.5018758945805913e-96	1.0
21039	2.0664642084167276e-21	1.0
21040	5.705136372817034e-207	1.0
21041	1.0715034330191499e-203	1.0
21042	2.584667457091871e-203	1.0
21043	7.86439964418135e-91	1.0
21044	1.3289210929626516e-275	1.0
21045	1.0039281866405316e-67	1.0
21046	1.0551199184846198e-25	1.0
21047	1.8113995858144513e-69	1.0
21048	4.2255972648741004e-126	1.0
21049	5.428686101638586e-22	1.0
21050	8.331831601894295e-69	1.0
21051	1.3324736775773998e-110	1.0
21052	4.935705137714623e-21	1.0
21053	4.283708422385905e-143	1.0
21054	2.2678970002900982e-83	1.0
21055	0.0	1.0
21056	8.598538569945006e-53	1.0
21057	1.15955087328581e-23	1.0
21058	1.647457520109573e-30	1.0
21059	4.013157456228386e-105	1.0
21061	0.0	1.0
21062	1.591189131816006e-112	1.0
21063	1.684751058288754e-35	1.0
21064	0.0	1.0
21065	1.4959734988660414e-87	1.0
21066	8.277614978501595e-21	1.0
21067	3.626323287907555e-189	1.0
21068	1.187479331284781e-32	1.0
21069	6.185612632736566e-14	0.999999999999938
21070	0.0	1.0
21071	1.0938837760253714e-18	1.0
21072	1.4808678579045957e-136	1.0
21073	1.6463133863031877e-43	1.0
21074	7.556723198785058e-114	1.0
21075	7.867513120413635e-108	1.0
21076	2.8836819095301607e-93	1.0
21077	5.91978903888967e-73	1.0
21078	1.2447710536604853e-52	1.0
21079	1.5560328465913694e-25	1.0
21080	1.4031066801876396e-31	1.0
21081	3.900098501694623e-16	0.9999999999999996
21082	2.8096173623396037e-39	1.0
21083	0.0	1.0
21084	1.4565870370453032e-128	1.0
21085	4.45801845119098e-71	1.0
21086	5.291909472985776e-91	1.0
21087	1.1088003525038549e-74	1.0
21088	1.642980107485927e-27	1.0
21089	2.7199892688769366e-42	1.0
21091	2.8128598621948225e-19	1.0
21092	1.2265176660530377e-23	1.0
21093	1.807181199343298e-153	1.0
21094	2.827255042836038e-38	1.0
21095	6.689664433571262e-54	1.0
21096	2.039818802158661e-61	1.0
21097	1.507435357458841e-45	1.0
21098	8.475405712272507e-39	1.0
21099	3.0829779208208193e-121	1.0
21100	5.548227544300289e-110	1.0
21101	2.2890342895783044e-106	1.0
21102	3.387425008259139e-60	1.0
21103	8.508024011380144e-43	1.0
21104	9.769158480025567e-65	1.0
21105	1.1772608508889725e-179	1.0
21106	0.9999999999975329	2.467182790907759e-12
21107	7.970774103793292e-243	1.0
21108	0.0	1.0
21109	0.0	1.0
21110	0.0	1.0
21111	0.0	1.0
21112	9.166073547254732e-55	1.0
21113	6.765794541179397e-40	1.0
21114	3.908142803286617e-57	1.0
21115	0.0	1.0
21116	0.0	1.0
21117	4.9244940247467925e-48	1.0
21118	2.9097715597725214e-40	1.0
21119	0.0	1.0
21121	7.933820463092262e-87	1.0
21122	0.0	1.0
21123	0.0	1.0
21124	0.0	1.0
21125	5.527057783127705e-127	1.0
21126	0.0	1.0
21127	0.0	1.0
21128	3.638518713612711e-46	1.0
21129	2.974526577528184e-123	1.0
21130	3.6954237522662124e-170	1.0
21131	1.0427568247985997e-47	1.0
21132	1.068414677242652e-27	1.0
21133	9.371241314431727e-56	1.0
21134	0.0	1.0
21135	2.2210264141243723e-24	1.0
21136	1.5617030297619418e-21	1.0
21137	0.0	1.0
21138	0.0	1.0
21139	2.329089508999669e-43	1.0
21140	2.682065626402598e-79	1.0
21141	3.9262445188665244e-42	1.0
21142	1.0113009380712117e-43	1.0
21143	6.094568264283812e-54	1.0
21144	1.0041571351293295e-305	1.0
21145	0.0	1.0
21146	0.0	1.0
21147	0.0	1.0
21148	2.2517745181810007e-35	1.0
21149	9.004882025657746e-106	1.0
21151	8.50528001840057e-30	1.0
21152	0.0	1.0
21153	0.0	1.0
21154	7.007603105929974e-181	1.0
21155	1.746445536102951e-50	1.0
21156	1.0016759247443311e-48	1.0
21157	3.3453006585694554e-233	1.0
21158	0.0	1.0
21159	1.8516141693588618e-19	1.0
21160	3.528275852404606e-36	1.0
21161	7.819004233363994e-180	1.0
21162	8.895971935483477e-77	1.0
21163	0.0	1.0
21164	1.1939476484498809e-44	1.0
21165	0.0	1.0
21166	2.8108101400468526e-71	1.0
21167	7.109123024288497e-45	1.0
21168	0.0	1.0
21169	5.479205362218397e-82	1.0
21170	4.662637504400757e-109	1.0
21171	4.741162282571755e-163	1.0
21172	2.696550576773696e-104	1.0
21173	2.3321421889436662e-51	1.0
21174	7.148951577526731e-24	1.0
21175	0.0	1.0
21176	0.0	1.0
21177	2.0862229719709034e-122	1.0
21178	4.828203659532236e-48	1.0
21179	9.41271184136357e-34	1.0
21181	0.6403498525064165	0.35965014749358354
21182	6.305314259870739e-304	1.0
21183	4.217564342795603e-41	1.0
21184	1.758798729012402e-161	1.0
21185	5.495725478935916e-47	1.0
21186	6.605406509708831e-42	1.0
21187	1.8693837125910126e-18	1.0
21188	8.830820107989324e-156	1.0
21189	0.0	1.0
21190	1.9506085302031847e-87	1.0
21191	2.2107921684030156e-97	1.0
21192	1.7587885076992845e-81	1.0
21193	6.222651600139172e-31	1.0
21194	4.43232216702444e-42	1.0
21195	3.647651335222211e-96	1.0
21196	0.0	1.0
21197	0.0	1.0
21198	0.0	1.0
21199	5.154494174946262e-52	1.0
21200	5.705466871196733e-92	1.0
21201	2.1286741941757847e-46	1.0
21202	1.4510029605238847e-93	1.0
21203	2.1267159362263587e-141	1.0
21204	4.917125780062254e-120	1.0
21205	3.8113240582392734e-84	1.0
21206	1.3317513858382994e-123	1.0
21207	4.671420672910925e-83	1.0
21208	5.059729618373656e-44	1.0
21209	1.3494910065208987e-133	1.0
21211	4.0241816098216e-88	1.0
21212	0.0	1.0
21213	1.4896715310416454e-22	1.0
21214	3.5196792540504325e-24	1.0
21215	1.141027046253118e-34	1.0
21216	2.6327522647044893e-68	1.0
21217	2.2553960126202698e-10	0.9999999997744604
21218	1.006841018474908e-111	1.0
21219	0.0	1.0
21220	1.350019495764916e-78	1.0
21221	3.735243237767169e-125	1.0
21222	2.5377259271693304e-43	1.0
21223	1.0110159864907436e-84	1.0
21224	2.6433517201828666e-197	1.0
21225	4.312915024433524e-38	1.0
21226	7.713095541137913e-72	1.0
21227	2.7146226541586317e-58	1.0
21228	2.9086818442324627e-249	1.0
21229	6.59805551902184e-262	1.0
21230	0.0	1.0
21231	1.6532636924355242e-51	1.0
21232	2.210667834106152e-27	1.0
21233	5.1345555791817276e-52	1.0
21234	5.190130861922151e-23	1.0
21235	1.2727457436324233e-122	1.0
21236	8.043257602044109e-36	1.0
21237	1.0291023921943375e-05	0.999989708976078
21238	1.2265176660530377e-23	1.0
21239	2.8955243698221904e-125	1.0
21241	9.048363926036984e-32	1.0
21242	1.6810832170630012e-43	1.0
21243	3.2429435757828096e-103	1.0
21244	1.2477524662026203e-40	1.0
21245	4.167544794772123e-57	1.0
21246	1.6606274193440272e-36	1.0
21247	8.313982112038872e-45	1.0
21248	8.53365494481564e-46	1.0
21249	4.0102906455790574e-56	1.0
21250	0.0	1.0
21251	3.9179145189048714e-47	1.0
21252	1.2056799451802934e-79	1.0
21253	1.730610879903434e-55	1.0
21254	1.5370808859192556e-22	1.0
21255	0.8581258551701175	0.1418741448298826
21256	0.0	1.0
21257	6.195164830167186e-44	1.0
21258	6.049593186534643e-38	1.0
21259	1.1046478120611992e-53	1.0
21260	1.7065473517387692e-72	1.0
21261	7.67975661523345e-45	1.0
21262	0.0	1.0
21263	1.2729893351548756e-82	1.0
21264	4.078167607474049e-148	1.0
21265	1.3273911637330722e-90	1.0
21266	2.5007981900065036e-21	1.0
21267	0.0	1.0
21268	2.181180717913279e-27	1.0
21269	5.605495032380018e-50	1.0
21271	0.0	1.0
21272	3.630002123916e-311	1.0
21273	3.7092961802788984e-26	1.0
21274	2.1751134866888016e-152	1.0
21275	2.0611254160914747e-43	1.0
21276	1.767413508155152e-45	1.0
21277	1.7778725804839766e-139	1.0
21278	0.0	1.0
21279	3.830895842132836e-83	1.0
21280	1.9995079935756635e-44	1.0
21281	0.0	1.0
21282	0.0	1.0
21283	5.450830113843349e-47	1.0
21284	4.2254706450977894e-55	1.0
21285	3.1494819379569255e-38	1.0
21286	1.6112000852022058e-77	1.0
21287	8.547418416544086e-14	0.9999999999999145
21288	3.0565461264376557e-214	1.0
21289	1.0865717645496076e-69	1.0
21290	5.73131294109659e-88	1.0
21291	2.7396767586777106e-34	1.0
21292	1.9973415846914166e-62	1.0
21293	7.955193792030643e-48	1.0
21294	0.0	1.0
21295	7.2036296483873025e-130	1.0
21296	4.17167259199775e-56	1.0
21297	6.413882592371807e-211	1.0
21298	7.676477326467117e-224	1.0
21299	8.581539290852636e-27	1.0
21301	1.117163119572308e-27	1.0
21302	6.552080284021717e-133	1.0
21303	2.47582785853664e-56	1.0
21304	2.1350441043889806e-89	1.0
21305	0.0	1.0
21306	5.994563028538447e-199	1.0
21307	8.27171529703052e-183	1.0
21308	1.3939121243951004e-31	1.0
21309	9.037983728850028e-62	1.0
21310	6.751290796833167e-33	1.0
21311	2.4589589098866436e-72	1.0
21312	8.068424304399534e-69	1.0
21313	4.492679368605272e-144	1.0
21314	1.4201439752061948e-54	1.0
21315	0.0	1.0
21316	1.2180916784818433e-58	1.0
21317	7.321132962174554e-276	1.0
21318	2.9773048200344114e-40	1.0
21319	9.731493552188164e-86	1.0
21320	1.6393656578357864e-52	1.0
21321	5.499559791130632e-32	1.0
21322	4.301287171637393e-45	1.0
21323	6.45756936434121e-229	1.0
21324	1.6748620006168228e-48	1.0
21325	2.986967741698474e-34	1.0
21326	7.734347415219881e-102	1.0
21327	3.7234228967029553e-96	1.0
21328	2.846735361352954e-72	1.0
21329	0.0	1.0
21331	9.238032498498481e-212	1.0
21332	2.7773157422678725e-200	1.0
21333	4.834893067778408e-38	1.0
21334	8.452999104597054e-196	1.0
21335	9.746579891826026e-69	1.0
21336	1.710038311157314e-69	1.0
21337	2.9215951524001994e-67	1.0
21338	1.947475472374376e-17	1.0
21339	1.823527977737417e-77	1.0
21340	1.1378765748604965e-187	1.0
21341	0.0	1.0
21342	0.0	1.0
21343	1.1484381738114611e-39	1.0
21344	0.0	1.0
21345	0.0	1.0
21346	0.0	1.0
21347	4.277612521235545e-140	1.0
21348	1.013313106538246e-37	1.0
21349	0.0	1.0
21350	1.340252047752666e-266	1.0
21351	1.0590803161779503e-237	1.0
21352	1.2849579892492729e-99	1.0
21353	1.2849579892492729e-99	1.0
21354	1.360088005603471e-228	1.0
21355	3.6650217408985383e-90	1.0
21356	5.9028692654758e-35	1.0
21357	2.7303599332374525e-98	1.0
21358	0.0	1.0
21359	0.0	1.0
21361	3.8867531899129526e-149	1.0
21362	1.3190616971644478e-39	1.0
21363	6.187626798286402e-188	1.0
21364	4.37650785582279e-35	1.0
21365	2.026209487797309e-50	1.0
21366	1.0520679949824078e-182	1.0
21367	5.445687966169449e-42	1.0
21368	9.117589350154392e-75	1.0
21369	6.954363102815625e-100	1.0
21370	1.3191799653245043e-45	1.0
21371	4.0975061305283685e-43	1.0
21372	1.5619098820017977e-38	1.0
21373	7.379486348361093e-48	1.0
21374	0.0	1.0
21375	0.0	1.0
21376	3.3934606124824555e-51	1.0
21377	1.299228330565542e-49	1.0
21378	4.313493887803841e-57	1.0
21379	6.484296238993899e-53	1.0
21380	3.9133802347109617e-97	1.0
21381	4.455894259443116e-15	0.9999999999999956
21382	0.0	1.0
21383	8.122685431045714e-175	1.0
21384	1.2200058610782762e-16	0.9999999999999998
21385	4.9033913070242397e-238	1.0
21386	4.735979147917895e-33	1.0
21387	0.0	1.0
21388	1.7651017489641155e-96	1.0
21389	7.147624894928251e-32	1.0
21391	7.215264214283751e-35	1.0
21392	9.179007317671657e-292	1.0
21393	0.0	1.0
21394	3.2494531827358e-57	1.0
21395	5.195512094283602e-76	1.0
21396	5.898965179888061e-112	1.0
21397	2.558782630802977e-41	1.0
21398	4.281077783013409e-64	1.0
21399	2.3159690742245005e-79	1.0
21400	0.0	1.0
21401	3.319464863662966e-143	1.0
21402	5.1794618993431595e-30	1.0
21403	0.0	1.0
21404	1.6885044412248554e-69	1.0
21405	5.021543278223512e-163	1.0
21406	9.104865365940344e-180	1.0
21407	6.986845665297638e-21	1.0
21408	0.0012300547416088704	0.998769945258391
21409	7.147358462598329e-54	1.0
21410	0.0	1.0
21411	0.0	1.0
21412	4.168663296353124e-69	1.0
21413	1.3882361027044301e-61	1.0
21414	5.795770016931631e-40	1.0
21415	7.755014359984818e-53	1.0
21416	1.0445451701884722e-25	1.0
21417	4.1646486081938896e-100	1.0
21418	1.94437973237757e-42	1.0
21419	6.910475417427334e-114	1.0
21421	0.0	1.0
21422	2.1068370582552296e-72	1.0
21423	1.842326402925008e-43	1.0
21424	7.17157754628607e-157	1.0
21425	4.998073322465792e-80	1.0
21426	3.0656054792101997e-28	1.0
21427	1.988534254338852e-115	1.0
21428	8.33442620291163e-43	1.0
21429	0.0	1.0
21430	0.0	1.0
21431	0.0	1.0
21432	0.0	1.0
21433	5.4284283409732714e-76	1.0
21434	0.0	1.0
21435	1.002132306725359e-157	1.0
21436	0.0	1.0
21437	2.0776528538372514e-19	1.0
21438	1.899564231741101e-59	1.0
21439	1.552794912785326e-92	1.0
21440	0.0	1.0
21441	4.7821551055307705e-183	1.0
21442	3.7050410567719315e-78	1.0
21443	3.140139530587949e-187	1.0
21444	7.414363339624186e-84	1.0
21445	8.937521143684929e-32	1.0
21446	2.9899549422732907e-22	1.0
21447	0.0	1.0
21448	6.724807973539943e-92	1.0
21449	6.085774553329902e-21	1.0
21451	2.467078352179877e-46	1.0
21452	0.0	1.0
21453	7.39400029889181e-182	1.0
21454	4.5354231983471335e-177	1.0
21455	1.2443907233510125e-49	1.0
21456	1.1219914677701251e-223	1.0
21457	3.409018510926091e-178	1.0
21458	0.0	1.0
21459	6.172268284485782e-86	1.0
21460	1.3621126905780356e-37	1.0
21461	0.8148254496340487	0.1851745503659512
21462	0.0	1.0
21463	1.49346731291897e-95	1.0
21464	9.065588423466115e-18	1.0
21465	0.0	1.0
21466	1.814001920203443e-89	1.0
21467	7.999368308918939e-16	0.9999999999999991
21468	0.0	1.0
21469	2.018741097475231e-130	1.0
21470	1.0735696833887585e-45	1.0
21471	6.833713595193648e-26	1.0
21472	1.0728805542419591e-99	1.0
21473	4.374823289032657e-17	1.0
21474	2.023478456634861e-39	1.0
21475	4.06010595999602e-37	1.0
21476	2.993204242736034e-129	1.0
21477	0.0	1.0
21478	1.5240917920233305e-200	1.0
21479	5.079655166620625e-262	1.0
21481	4.4153866710658046e-44	1.0
21482	1.335583077698173e-10	0.9999999998664417
21483	2.2536142377766845e-69	1.0
21484	2.030626013720414e-98	1.0
21485	0.4907032400589102	0.5092967599410899
21486	2.63804893655267e-106	1.0
21487	2.7739297899836226e-50	1.0
21488	4.8725892359332745e-108	1.0
21489	0.0	1.0
21490	2.7955740304135444e-33	1.0
21491	8.769757494630679e-131	1.0
21492	0.0	1.0
21493	9.815377630085816e-66	1.0
21494	2.4788820398284317e-152	1.0
21495	1.942975360892468e-262	1.0
21496	1.5784213572965528e-23	1.0
21497	0.0	1.0
21498	5.463884627529646e-30	1.0
21499	2.0024310101409148e-104	1.0
21500	0.28114753478646626	0.7188524652135337
21501	0.0	1.0
21502	9.520100098728567e-107	1.0
21503	5.428544840923479e-43	1.0
21504	4.240440007215009e-39	1.0
21505	4.0948229482798324e-41	1.0
21506	0.0	1.0
21507	7.895166741726432e-55	1.0
21508	2.236789796106218e-42	1.0
21509	1.7039504650094457e-19	1.0
21511	0.0	1.0
21512	1.8880187040192055e-88	1.0
21513	0.0	1.0
21514	6.138388449196571e-36	1.0
21515	8.649455095829716e-276	1.0
21516	2.467414065237217e-176	1.0
21517	7.665410110064559e-91	1.0
21518	2.2386091239977028e-46	1.0
21519	3.3121427196317626e-48	1.0
21520	2.3678936739215285e-121	1.0
21521	0.0	1.0
21522	3.625326895094437e-56	1.0
21523	4.027126743878373e-88	1.0
21524	7.964238652130082e-27	1.0
21525	5.0213056432165034e-105	1.0
21526	0.0	1.0
21527	4.240440007215009e-39	1.0
21528	9.481849383724042e-99	1.0
21529	3.991186011907719e-40	1.0
21530	0.7011924978343438	0.29880750216565616
21531	1.0301280210064624e-113	1.0
21532	2.079101936840102e-64	1.0
21533	0.0	1.0
21534	0.0	1.0
21535	1.4782482099500254e-68	1.0
21536	0.0	1.0
21537	1.708562023169569e-46	1.0
21538	1.17062944292107e-30	1.0
21539	7.690000404372134e-106	1.0
21541	1.657860021518313e-219	1.0
21542	1.8012632137340812e-37	1.0
21543	2.2803837256289137e-37	1.0
21544	4.591490890031526e-36	1.0
21545	2.733334772755252e-94	1.0
21546	0.0	1.0
21547	9.637887824022584e-69	1.0
21548	0.0	1.0
21549	0.0	1.0
21550	2.0224610351551632e-14	0.9999999999999798
21551	0.0	1.0
21552	4.580694525633603e-100	1.0
21553	2.191312738164046e-41	1.0
21554	0.0	1.0
21555	3.165090230434784e-38	1.0
21556	0.0	1.0
21557	1.2809817149015184e-50	1.0
21558	4.132386864814969e-35	1.0
21559	1.2227050879057502e-72	1.0
21560	0.0	1.0
21561	2.1531463243885334e-116	1.0
21562	5.64311589611825e-28	1.0
21563	7.24952947747474e-39	1.0
21564	1.111202623407175e-20	1.0
21565	0.0	1.0
21566	0.0	1.0
21567	3.531440059992193e-61	1.0
21568	5.591368726838368e-57	1.0
21569	6.293355100359981e-46	1.0
21571	1.3150430217475675e-21	1.0
21572	0.0	1.0
21573	2.0076803893266207e-114	1.0
21574	0.0	1.0
21575	8.175491347699863e-16	0.9999999999999991
21576	1.6784169728112442e-34	1.0
21577	0.0	1.0
21578	1.1775795486023883e-76	1.0
21579	2.866807507163795e-208	1.0
21580	1.2134069006887364e-61	1.0
21581	2.8313832911147333e-21	1.0
21582	4.182177466161497e-39	1.0
21583	0.9999426452100598	5.73547899400491e-05
21584	1.774333205345319e-108	1.0
21585	4.068367640705481e-152	1.0
21586	7.14462435465076e-53	1.0
21587	6.092432074539298e-163	1.0
21588	3.932786002741491e-194	1.0
21589	7.181288525684395e-34	1.0
21590	2.6283125914181304e-12	0.9999999999973717
21591	2.72383250341268e-25	1.0
21592	0.0	1.0
21593	1.4126388754871483e-32	1.0
21594	4.240440007215009e-39	1.0
21595	0.0	1.0
21596	1.7238948291632758e-102	1.0
21597	2.584724670211843e-56	1.0
21598	0.0	1.0
21599	1.7442494790660877e-39	1.0
21601	5.386286895039094e-44	1.0
21602	2.449089079460651e-89	1.0
21603	1.6180795266236168e-39	1.0
21604	1.9980404192601607e-42	1.0
21605	1.1755747036389271e-47	1.0
21606	3.558216700541552e-44	1.0
21607	7.359013564114237e-50	1.0
21608	2.2668868551048115e-12	0.9999999999977331
21609	4.063083127060841e-34	1.0
21610	4.83129324444853e-51	1.0
21611	1.812706940555417e-156	1.0
21612	1.6213966125857065e-101	1.0
21613	4.715383093995265e-128	1.0
21614	6.188380820659693e-55	1.0
21615	5.352250249250235e-05	0.9999464774975074
21616	0.0	1.0
21617	6.326027293226729e-28	1.0
21618	0.0	1.0
21619	0.0	1.0
21620	0.0	1.0
21621	9.293140253342748e-66	1.0
21622	6.00804982408563e-24	1.0
21623	4.5978493268641985e-263	1.0
21624	0.0	1.0
21625	2.402626847076515e-101	1.0
21626	1.132075834961341e-41	1.0
21627	4.987665670220622e-161	1.0
21628	6.08060561067728e-20	1.0
21629	1.2618264742540645e-61	1.0
21631	3.2082681135375165e-15	0.9999999999999969
21632	1.8801932719412524e-36	1.0
21633	0.0	1.0
21634	0.0	1.0
21635	1.6614866761413732e-93	1.0
21636	0.8581258551701175	0.1418741448298826
21637	5.554772745240506e-43	1.0
21638	3.825777631834277e-183	1.0
21639	2.0629252922331352e-27	1.0
21640	0.0	1.0
21641	1.5605217577930354e-15	0.9999999999999984
21642	2.8562227179110158e-30	1.0
21643	3.978695768604549e-157	1.0
21644	3.178475528899708e-107	1.0
21645	4.801440552659794e-214	1.0
21646	0.0	1.0
21647	2.528216099802014e-20	1.0
21648	1.1666303589469946e-42	1.0
21649	1.9511981473519266e-18	1.0
21650	1.2051817859582422e-88	1.0
21651	1.5130697132437367e-26	1.0
21652	0.0	1.0
21653	2.4591534039345993e-51	1.0
21654	3.4023995504780803e-237	1.0
21655	5.686931493690242e-43	1.0
21656	3.035583602082965e-87	1.0
21657	0.0	1.0
21658	0.0	1.0
21659	2.2147428279612023e-111	1.0
21661	1.2031921955088156e-15	0.9999999999999989
21662	1.2546928386184503e-41	1.0
21663	0.0	1.0
21664	4.677280243647652e-70	1.0
21665	3.2621819106836593e-109	1.0
21666	5.844823468045314e-80	1.0
21667	0.0	1.0
21668	0.0	1.0
21669	8.636537714490016e-27	1.0
21670	2.227732281481074e-16	0.9999999999999998
21671	4.850055882175187e-37	1.0
21672	1.5010689237099555e-216	1.0
21673	0.0	1.0
21674	4.032517902618442e-10	0.9999999995967481
21675	1.3714429858168535e-76	1.0
21676	2.8861199430961763e-33	1.0
21677	1.5955532737147352e-119	1.0
21678	1.4182611384102085e-26	1.0
21679	4.992368160862311e-19	1.0
21680	1.8464363343563075e-74	1.0
21681	7.232249102232178e-19	1.0
21682	6.56629635929507e-214	1.0
21683	4.54253938603152e-131	1.0
21684	3.3728297353444845e-163	1.0
21685	8.139732707910161e-196	1.0
21686	0.0	1.0
21687	0.0	1.0
21688	2.2131898458128582e-60	1.0
21689	5.011419610986424e-61	1.0
21691	3.845423459112187e-96	1.0
21692	8.991739408339377e-103	1.0
21693	4.998626669641641e-28	1.0
21694	4.140615117259923e-15	0.9999999999999958
21695	1.2621829434712628e-100	1.0
21696	1.570589019151822e-103	1.0
21697	6.303573371300863e-39	1.0
21698	0.0	1.0
21699	0.0	1.0
21700	0.0	1.0
21701	3.493012446743645e-18	1.0
21702	0.0	1.0
21703	0.0	1.0
21704	3.163251654871589e-99	1.0
21705	2.763035942311103e-57	1.0
21706	3.257319758071362e-31	1.0
21707	1.0299506688576928e-97	1.0
21708	0.0	1.0
21709	0.0	1.0
21710	1.8611334007762183e-17	1.0
21711	0.0	1.0
21712	9.000377917296317e-256	1.0
21713	0.0	1.0
21714	1.3816169553709855e-69	1.0
21715	4.1853385255213466e-10	0.9999999995814661
21716	0.0	1.0
21717	1.3680905901861136e-67	1.0
21718	0.0	1.0
21719	5.818150472679187e-19	1.0
21721	6.7586291298649115e-22	1.0
21722	5.753396039524249e-31	1.0
21723	0.0	1.0
21724	2.0182147873389503e-213	1.0
21725	2.2026758520095332e-32	1.0
21726	2.0784403594782854e-17	1.0
21727	2.3255269850645765e-21	1.0
21728	0.0	1.0
21729	0.0	1.0
21730	8.95662737545137e-103	1.0
21731	0.0	1.0
21732	0.0	1.0
21733	4.777267002692626e-230	1.0
21734	8.966286268084809e-25	1.0
21735	0.10734412295580802	0.8926558770441919
21736	2.137631984355167e-58	1.0
21737	1.940721575922502e-19	1.0
21738	6.562656579284128e-38	1.0
21739	6.888429400637138e-244	1.0
21740	1.8968830013526771e-150	1.0
21741	5.674238485698288e-89	1.0
21742	0.0	1.0
21743	3.3770533947816868e-15	0.9999999999999967
21744	0.0	1.0
21745	3.621171453616445e-22	1.0
21746	0.0	1.0
21747	0.0	1.0
21748	2.5860671773372283e-40	1.0
21749	4.154241675163993e-140	1.0
21751	7.984512316876821e-93	1.0
21752	0.0	1.0
21753	0.0	1.0
21754	5.095727501491766e-31	1.0
21755	1.0641082239709956e-112	1.0
21756	3.615053606881643e-103	1.0
21757	2.502839450152418e-29	1.0
21758	5.3626343616429604e-303	1.0
21759	0.0	1.0
21760	9.852715989492494e-17	1.0
21761	0.0	1.0
21762	2.0961427316415127e-36	1.0
21763	1.205955562146922e-84	1.0
21764	1.1841825880426894e-18	1.0
21765	2.9104048329732743e-18	1.0
21766	0.0	1.0
21767	0.0	1.0
21768	7.389906898566382e-102	1.0
21769	3.9956392639961554e-92	1.0
21770	3.09216417642799e-42	1.0
21771	3.936127681711384e-19	1.0
21772	0.0	1.0
21773	1.4706299416443807e-241	1.0
21774	1.1964294287238593e-80	1.0
21775	5.663944206286272e-148	1.0
21776	2.5177293287002352e-09	0.9999999974822706
21777	6.039162396705375e-16	0.9999999999999993
21778	1.300428452218423e-47	1.0
21779	4.683971837680638e-155	1.0
21781	1.531365789081551e-17	1.0
21782	1.1343969905213293e-59	1.0
21783	0.0	1.0
21784	0.0	1.0
21785	2.20762664399914e-33	1.0
21786	0.0	1.0
21787	0.0	1.0
21788	1.0409949706195846e-20	1.0
21789	1.3986964085032808e-18	1.0
21790	0.0	1.0
21791	1.1622877602111347e-222	1.0
21792	7.870516219821603e-42	1.0
21793	2.399185694664954e-94	1.0
21794	4.7229186736957683e-91	1.0
21795	0.0	1.0
21796	9.02820346264705e-47	1.0
21797	2.2490888932972753e-40	1.0
21798	1.106197556196984e-31	1.0
21799	2.5302449852831634e-32	1.0
21800	2.9303454086131766e-07	0.999999706965459
21801	1.954491531826442e-56	1.0
21802	2.841446970083086e-103	1.0
21803	1.662093703145016e-44	1.0
21804	9.729187191553664e-254	1.0
21805	1.433290519448246e-28	1.0
21806	3.721277244452071e-222	1.0
21807	0.0	1.0
21808	1.569794111825215e-40	1.0
21809	2.012402081421109e-59	1.0
21811	2.561405844775235e-168	1.0
21812	9.911503789742374e-26	1.0
21813	0.0	1.0
21814	0.0	1.0
21815	6.836226244706401e-45	1.0
21816	5.978644396744248e-78	1.0
21817	1.1458697946063197e-117	1.0
21818	0.0	1.0
21819	6.612829802685595e-31	1.0
21820	1.5672197162927788e-20	1.0
21821	1.8126892040472656e-57	1.0
21822	1.9352160682711925e-42	1.0
21823	0.0	1.0
21824	0.0	1.0
21825	0.0	1.0
21826	2.5096278594829858e-09	0.9999999974903722
21827	3.2523016118075064e-155	1.0
21828	9.239263659995924e-247	1.0
21829	5.23833066236002e-71	1.0
21830	3.2807216273535595e-49	1.0
21831	2.260703531271724e-142	1.0
21832	1.216527990950182e-161	1.0
21833	0.0	1.0
21834	1.342018556434398e-110	1.0
21835	1.177459480038638e-19	1.0
21836	0.0	1.0
21837	2.2275989174669477e-07	0.9999997772401082
21838	5.4390668312521043e-45	1.0
21839	2.2235692508181286e-106	1.0
21841	8.042983777131318e-12	0.9999999999919571
21842	3.6638694001206303e-100	1.0
21843	6.481528254650377e-23	1.0
21844	2.132329890891786e-114	1.0
21845	1.046470715772208e-309	1.0
21846	4.10920012954e-313	1.0
21847	1.5153461469036387e-35	1.0
21848	6.006943361373857e-46	1.0
21849	2.1528160585703052e-32	1.0
21850	1.0062489913980329e-36	1.0
21851	0.0	1.0
21852	2.5983634614451806e-21	1.0
21853	0.0	1.0
21854	0.0	1.0
21855	4.7776064087997535e-76	1.0
21856	3.4740111951168447e-19	1.0
21857	2.363275950346274e-27	1.0
21858	5.799317590390909e-120	1.0
21859	9.405383938024276e-128	1.0
21860	2.545748454588478e-73	1.0
21861	3.804927021447081e-95	1.0
21862	1.9576206621751944e-30	1.0
21863	0.0	1.0
21864	2.3198412589918994e-42	1.0
21865	0.0	1.0
21866	2.545748454588478e-73	1.0
21867	9.875701263107633e-39	1.0
21868	0.0	1.0
21869	0.0	1.0
21871	2.83760699122483e-59	1.0
21872	1.8169881313579355e-20	1.0
21873	1.2340946888180376e-77	1.0
21874	3.1470599335991557e-114	1.0
21875	6.801220932990955e-89	1.0
21876	0.0	1.0
21877	9.875701263107633e-39	1.0
21878	0.0	1.0
21879	0.0	1.0
21880	5.478026736305228e-66	1.0
21881	7.396169211840129e-20	1.0
21882	5.01264893955681e-17	1.0
21883	3.340028252372611e-71	1.0
21884	0.0	1.0
21885	7.040099874595722e-277	1.0
21886	3.503116715933869e-146	1.0
21887	2.328075992328912e-298	1.0
21888	0.0	1.0
21889	1.1794425224094266e-76	1.0
21890	4.122637657132476e-74	1.0
21891	3.52498880257085e-23	1.0
21892	1.8598574000354573e-49	1.0
21893	2.459140915223632e-20	1.0
21894	1.7125599552377186e-94	1.0
21895	2.569451514808086e-44	1.0
21896	0.0	1.0
21897	3.895346692829619e-37	1.0
21898	3.0239540714123255e-154	1.0
21899	4.6963809009762164e-20	1.0
21901	2.7619247254882936e-21	1.0
21902	2.727811914300185e-16	0.9999999999999998
21903	2.926004851629673e-13	0.9999999999997073
21904	9.87123408866238e-44	1.0
21905	1.065878160163836e-37	1.0
21906	4.646064018384944e-75	1.0
21907	4.22838274860982e-38	1.0
21908	0.0	1.0
21909	0.0	1.0
21910	5.832944407581182e-115	1.0
21911	2.4575284933284185e-125	1.0
21912	1.0939436504987505e-12	0.999999999998906
21913	1.8244048743984735e-46	1.0
21914	1.75588821976375e-40	1.0
21915	0.002051276544760333	0.9979487234552398
21916	4.443118264977706e-77	1.0
21917	3.1733709507445135e-34	1.0
21918	3.0110595114501257e-128	1.0
21919	1.6996234460456354e-47	1.0
21920	4.657212975013054e-66	1.0
21921	4.941498835837235e-234	1.0
21922	4.138952621858947e-121	1.0
21923	3.52498880257085e-23	1.0
21924	1.3810070978296463e-105	1.0
21925	3.123360935923571e-19	1.0
21926	0.0	1.0
21927	1.3431719440269987e-06	0.9999986568280559
21928	1.8155755003435608e-149	1.0
21929	6.339482039698367e-15	0.9999999999999936
21931	2.0495253568718625e-109	1.0
21932	8.430370581238607e-60	1.0
21933	7.00512633638423e-139	1.0
21934	1.7865208423352844e-16	0.9999999999999998
21935	6.650541297045448e-86	1.0
21936	2.265128540086124e-219	1.0
21937	1.2328458090941351e-44	1.0
21938	2.9596455173818286e-106	1.0
21939	3.893841771141277e-42	1.0
21940	5.100723019188779e-102	1.0
21941	2.191896183924107e-40	1.0
21942	1.8420888314866282e-09	0.9999999981579111
21943	5.884102494594304e-103	1.0
21944	2.93511109912922e-30	1.0
21945	0.0	1.0
21946	7.060897266525262e-74	1.0
21947	5.332134485747645e-141	1.0
21948	1.6339947717339316e-24	1.0
21949	2.3353775015601356e-203	1.0
21950	2.252825120026339e-27	1.0
21951	9.913851402453257e-06	0.9999900861485975
21952	1.8545221460937803e-30	1.0
21953	7.77726078600366e-122	1.0
21954	7.26772636638391e-122	1.0
21955	9.262941992761968e-47	1.0
21956	2.4960311170557934e-84	1.0
21957	2.6223274306142926e-155	1.0
21958	8.571419205691972e-61	1.0
21959	8.63274287802201e-06	0.999991367257122
21961	0.0	1.0
21962	2.6079447260525467e-94	1.0
21963	9.876859161779581e-32	1.0
21964	4.75428287199534e-141	1.0
21965	9.47043167854467e-20	1.0
21966	2.6664266727441745e-63	1.0
21967	0.0	1.0
21968	1.774939129433572e-46	1.0
21969	1.7037434074109649e-143	1.0
21970	7.89600920625e-313	1.0
21971	0.0	1.0
21972	4.3291749792689656e-97	1.0
21973	1.5824746860615907e-108	1.0
21974	1.7066473681192076e-96	1.0
21975	2.6075322509591024e-164	1.0
21976	2.47032719842197e-36	1.0
21977	6.4e-323	1.0
21978	2.2495617999154386e-81	1.0
21979	8.274876225731598e-101	1.0
21980	2.948960328897478e-32	1.0
21981	1.991415509330628e-86	1.0
21982	6.275705381684321e-38	1.0
21983	3.88911047638076e-45	1.0
21984	1.627326068855332e-92	1.0
21985	1.4273400180948138e-38	1.0
21986	2.552826796658845e-67	1.0
21987	7.5244235983913e-311	1.0
21988	4.6645503099644213e-147	1.0
21989	0.0	1.0
21991	8.33607561843362e-115	1.0
21992	2.6578982196670433e-79	1.0
21993	0.0	1.0
21994	9.137943985340392e-147	1.0
21995	8.208304805825951e-95	1.0
21996	8.826179628060003e-30	1.0
21997	9.018446291254675e-156	1.0
21998	3.157689575248111e-76	1.0
21999	7.191867605917557e-58	1.0
22000	0.0	1.0
22001	3.8419127860296913e-57	1.0
22002	2.980837084030572e-161	1.0
22003	1.1295545485421211e-40	1.0
22004	3.265332554803476e-86	1.0
22005	1.9166112316228793e-141	1.0
22006	4.868252134456085e-245	1.0
22007	1.964226920694505e-57	1.0
22008	0.0	1.0
22009	0.0	1.0
22010	1.2605717847406005e-60	1.0
22011	1.1080858345494109e-100	1.0
22012	1.971575899659063e-51	1.0
22013	2.833654968534209e-92	1.0
22014	3.516607219094058e-156	1.0
22015	7.200992814956941e-95	1.0
22016	1.7547356940819074e-72	1.0
22017	1.4021256106177227e-56	1.0
22018	9.229938439135901e-88	1.0
22019	2.3650259348704152e-141	1.0
22021	0.0	1.0
22022	3.49641131338e-312	1.0
22023	7.965868237875887e-79	1.0
22024	3.4412023677552734e-29	1.0
22025	4.785467911089597e-08	0.999999952145321
22026	6.919192278703805e-43	1.0
22027	3.693382424703735e-243	1.0
22028	1.5624816747e-313	1.0
22029	2.4334181884049724e-17	1.0
22030	2.9437985010589493e-105	1.0
22031	1.315133849986484e-30	1.0
22032	2.336200303846777e-17	1.0
22033	4.923925500111493e-96	1.0
22034	5.785224012584586e-144	1.0
22035	0.0	1.0
22036	3.5132207518579573e-69	1.0
22037	6.733724481222821e-15	0.9999999999999933
22038	4.235560478958139e-192	1.0
22039	7.058229932360313e-80	1.0
22040	8.27915776042979e-257	1.0
22041	2.0920533646337873e-122	1.0
22042	2.972894231009076e-07	0.9999997027105769
22043	0.0	1.0
22044	0.0	1.0
22045	7.724444829868713e-08	0.9999999227555518
22046	2.1252899684667713e-99	1.0
22047	0.0	1.0
22048	8.254221174383011e-47	1.0
22049	0.0	1.0
22051	0.0	1.0
22052	0.0	1.0
22053	5.464813805830173e-97	1.0
22054	4.684591083309536e-211	1.0
22055	1.1548570036253979e-33	1.0
22056	2.594048725415506e-14	0.999999999999974
22057	8.984309036380722e-110	1.0
22058	2.764299839373775e-96	1.0
22059	7.800420410944624e-156	1.0
22060	2.7363333266407046e-210	1.0
22061	1.662248828779484e-24	1.0
22062	4.1929673429589457e-110	1.0
22063	2.069e-320	1.0
22064	7.478057824824596e-148	1.0
22065	1.638855744374464e-43	1.0
22066	1.2731092864853294e-168	1.0
22067	3.9961359853036116e-85	1.0
22068	3.073e-321	1.0
22069	0.0	1.0
22070	0.0	1.0
22071	7.534938606233512e-48	1.0
22072	4.24584537551462e-29	1.0
22073	3.852440750498965e-37	1.0
22074	0.0	1.0
22075	1.4925094272079933e-118	1.0
22076	1.1756228941678096e-110	1.0
22077	0.0	1.0
22078	1.9468589300303485e-303	1.0
22079	1.1730552999801115e-15	0.9999999999999989
22081	0.0	1.0
22082	6.751429816559171e-190	1.0
22083	8.483017365920329e-40	1.0
22084	0.0	1.0
22085	1.1086814896504954e-76	1.0
22086	2.843856265236042e-93	1.0
22087	2.4004277287829423e-42	1.0
22088	2.6788655452890595e-264	1.0
22089	2.1669505639729223e-60	1.0
22090	6.166127861861871e-106	1.0
22091	1.3040464488682682e-42	1.0
22092	2.281280545788388e-208	1.0
22093	0.0	1.0
22094	0.0	1.0
22095	0.0	1.0
22096	7.994708093534085e-261	1.0
22097	1.9782511017322767e-49	1.0
22098	7.586633701625753e-95	1.0
22099	3.6684717391616528e-174	1.0
22100	4.0195197373547125e-57	1.0
22101	1.274802441770647e-44	1.0
22102	1.568438338328701e-40	1.0
22103	0.0	1.0
22104	1.4034534375292376e-27	1.0
22105	4.76432675894457e-21	1.0
22106	2.579940754222967e-97	1.0
22107	6.641770550797705e-103	1.0
22108	1.1213529143303417e-92	1.0
22109	0.0	1.0
22111	6.855294769507655e-67	1.0
22112	2.2435563895719607e-49	1.0
22113	3.810481076724465e-89	1.0
22114	9.158255175027272e-260	1.0
22115	3.950490699574197e-31	1.0
22116	5.775311443467296e-23	1.0
22117	1.4509432469127469e-35	1.0
22118	2.476794528682604e-79	1.0
22119	1.7196958178248142e-91	1.0
22120	0.0	1.0
22121	8.643244432042483e-72	1.0
22122	0.0	1.0
22123	1.2173860990986326e-243	1.0
22124	1.0357840785110881e-79	1.0
22125	5.685139970797294e-47	1.0
22126	1.8524739831824655e-247	1.0
22127	3.3116566647716807e-211	1.0
22128	2.1046473248715774e-213	1.0
22129	9.910867246853563e-132	1.0
22130	3.1928624290819614e-63	1.0
22131	5.968091491251995e-288	1.0
22132	1.2110188347382005e-08	0.9999999878898117
22133	1.8834029920734123e-111	1.0
22134	2.320377249794294e-145	1.0
22135	2.747411506939703e-08	0.9999999725258849
22136	0.0	1.0
22137	2.785110158641558e-47	1.0
22138	3.051555559963129e-109	1.0
22139	1.685781092259274e-88	1.0
22141	6.365004468876104e-82	1.0
22142	4.311638872348904e-51	1.0
22143	1.1257621103006426e-22	1.0
22144	0.008627412495103657	0.9913725875048963
22145	5.841032845327373e-45	1.0
22146	0.0	1.0
22147	7.243915557098119e-11	0.9999999999275608
22148	3.2809157820989033e-23	1.0
22149	0.0	1.0
22150	1.3818258089883214e-35	1.0
22151	7.44864040745364e-41	1.0
22152	0.8148254496340487	0.1851745503659512
22153	4e-323	1.0
22154	5.583445826036875e-68	1.0
22155	8.910906961913428e-92	1.0
22156	2.610836386798105e-168	1.0
22157	5.845531381932107e-45	1.0
22158	0.0	1.0
22159	3.641235048874668e-42	1.0
22160	7.889980080349037e-178	1.0
22161	1.3826570986395766e-100	1.0
22162	0.0	1.0
22163	2.634110903130627e-40	1.0
22164	1.0740774325805017e-89	1.0
22165	1.976960661062373e-207	1.0
22166	1.5089477577636688e-137	1.0
22167	4.0867319107000347e-47	1.0
22168	3.048546377227681e-219	1.0
22169	4.093064673806388e-26	1.0
22171	2.0644870874837947e-76	1.0
22172	1.3792501988257999e-67	1.0
22173	6.4761882548548565e-56	1.0
22174	8.168561487212205e-118	1.0
22175	2.398196731276375e-92	1.0
22176	3.1934654565659437e-97	1.0
22177	1.498271233282124e-168	1.0
22178	0.0	1.0
22179	2.0164813080085671e-202	1.0
22180	0.0	1.0
22181	8.224275717453539e-89	1.0
22182	1.107850083137063e-117	1.0
22183	2.533148382766919e-137	1.0
22184	1.8573091177011013e-130	1.0
22185	1.8976635268688246e-68	1.0
22186	2.0164813080085671e-202	1.0
22187	2.2813879672721363e-26	1.0
22188	0.0	1.0
22189	0.0	1.0
22190	8.862796233235765e-92	1.0
22191	1.0500557743721457e-19	1.0
22192	0.8581258551701175	0.1418741448298826
22193	2.0013314194108726e-26	1.0
22194	1.5269954217680772e-202	1.0
22195	4.428401657206941e-68	1.0
22196	0.0	1.0
22197	5.314806944773819e-43	1.0
22198	3.1633649913930864e-160	1.0
22199	1.0306159337238615e-49	1.0
22201	7.401282539422937e-118	1.0
22202	5.6385770011441365e-33	1.0
22203	8.902290592315106e-55	1.0
22204	6.25151102697545e-42	1.0
22205	4.047817126069156e-204	1.0
22206	3.888947861655572e-43	1.0
22207	2.762579901356202e-29	1.0
22208	1.4869944193368998e-146	1.0
22209	1.2747871564812e-44	1.0
22210	1.366022134198139e-143	1.0
22211	7.817340159863636e-65	1.0
22212	5.855147327736547e-172	1.0
22213	2.1947273709119492e-32	1.0
22214	1.0434534655243339e-67	1.0
22215	1.8555130409924852e-69	1.0
22216	0.07133477272088831	0.9286652272791116
22217	1.4382971216073184e-132	1.0
22218	2.787677281090842e-133	1.0
22219	5.602650195398628e-94	1.0
22220	1.5457670399110414e-52	1.0
22221	1.1740990931831866e-125	1.0
22222	1.4598477077227347e-47	1.0
22223	0.0	1.0
22224	3.06617541620063e-36	1.0
22225	0.0	1.0
22226	3.3062929985382215e-67	1.0
22227	6.225700024865042e-67	1.0
22228	9.515020787521433e-29	1.0
22229	1.2226252076386727e-118	1.0
22231	3.76803527443491e-47	1.0
22232	7.780761902535989e-302	1.0
22233	1.1119904079351658e-33	1.0
22234	6.818498544951957e-59	1.0
22235	3.843418948218099e-173	1.0
22236	8.705330828652877e-56	1.0
22237	7.736523558738383e-215	1.0
22238	2.7247196470918193e-19	1.0
22239	8.658512625951674e-138	1.0
22240	1.341988261154208e-66	1.0
22241	1.696936988744885e-74	1.0
22242	1.329175828707e-312	1.0
22243	0.0	1.0
22244	0.0	1.0
22245	0.0	1.0
22246	0.0	1.0
22247	7.254966731450364e-92	1.0
22248	0.0	1.0
22249	3.666361691973475e-119	1.0
22250	2.3079239978464128e-188	1.0
22251	2.3838776493957536e-138	1.0
22252	2.1171742813964098e-41	1.0
22253	8.629823732898709e-09	0.9999999913701764
22254	1.411970529927761e-149	1.0
22255	7.86908263016887e-202	1.0
22256	4.840716780929273e-30	1.0
22257	4.1595447814156054e-92	1.0
22258	1.4603602963607465e-16	0.9999999999999998
22259	2.0120504404130035e-130	1.0
22261	1.314079240855145e-18	1.0
22262	5.7340946678273824e-139	1.0
22263	5.355748988249406e-137	1.0
22264	1.467868740300091e-91	1.0
22265	0.0	1.0
22266	4.8794009863655394e-307	1.0
22267	0.0	1.0
22268	1.878164520088705e-36	1.0
22269	1.6217508786349507e-172	1.0
22270	2.8760012942744775e-181	1.0
22271	5.312333016387937e-44	1.0
22272	3.640155704990824e-70	1.0
22273	0.0	1.0
22274	2.0947096368573494e-129	1.0
22275	6.557796475494946e-14	0.9999999999999345
22276	9.014690636833958e-88	1.0
22277	0.0	1.0
22278	2.404865753233358e-35	1.0
22279	6.392290276311202e-59	1.0
22280	1.4740452022521312e-46	1.0
22281	0.0	1.0
22282	0.0	1.0
22283	2.3563697546755112e-48	1.0
22284	1.6745148476455799e-164	1.0
22285	0.0	1.0
22286	6.287101963138072e-139	1.0
22287	1.710984076129023e-148	1.0
22288	3.4397938195050627e-28	1.0
22289	0.0	1.0
22291	0.0	1.0
22292	3.710941241907973e-123	1.0
22293	0.0	1.0
22294	1.3674213942383036e-65	1.0
22295	7.890793413300367e-30	1.0
22296	8.593570142068348e-41	1.0
22297	4.482896081723099e-52	1.0
22298	2.0623159983769297e-120	1.0
22299	1.873503462680619e-71	1.0
22300	2.5651837220160786e-106	1.0
22301	9.132431542759326e-75	1.0
22302	2.510061806848053e-111	1.0
22303	5.4178865813514876e-11	0.9999999999458211
22304	1.8585722040508088e-37	1.0
22305	0.9949447486998295	0.005055251300170478
22306	1.5593924120879775e-20	1.0
22307	3.8270307417070087e-23	1.0
22308	0.0	1.0
22309	0.0	1.0
22310	4.363e-321	1.0
22311	5.366186834301805e-54	1.0
22312	5.535109427971461e-66	1.0
22313	3.340694022535208e-117	1.0
22314	5.247677474709368e-46	1.0
22315	8.655899854708702e-133	1.0
22316	6.77256452463876e-73	1.0
22317	2.625195912671259e-73	1.0
22318	2.156309782857381e-53	1.0
22319	0.0	1.0
22321	0.0	1.0
22322	7.854559040223356e-32	1.0
22323	5.440328430033498e-29	1.0
22324	7.415589287516897e-48	1.0
22325	0.0	1.0
22326	5.301134734368826e-218	1.0
22327	1.0033427097855739e-41	1.0
22328	5.0796898231624893e-64	1.0
22329	9.176136457715907e-49	1.0
22330	5.080527406846394e-123	1.0
22331	0.0	1.0
22332	1.1027825059919883e-88	1.0
22333	0.0	1.0
22334	2.5026615018324215e-36	1.0
22335	4.041426171032407e-118	1.0
22336	2.4105782144154044e-134	1.0
22337	8.106824262745927e-193	1.0
22338	0.0	1.0
22339	4.5016684383959994e-88	1.0
22340	4.123550306362815e-20	1.0
22341	7.390137999595572e-33	1.0
22342	2.8079875668548427e-23	1.0
22343	1.8596149530469777e-98	1.0
22344	1.9538882978438305e-186	1.0
22345	1.0043643604644314e-35	1.0
22346	3.5653443743376506e-96	1.0
22347	0.0	1.0
22348	0.0	1.0
22349	0.0	1.0
22351	2.703707458787253e-16	0.9999999999999998
22352	4.783987426621267e-63	1.0
22353	9.929598198385473e-52	1.0
22354	1.692098021418826e-47	1.0
22355	1.4127006647435786e-159	1.0
22356	1.065451950887723e-31	1.0
22357	7.559525175029352e-84	1.0
22358	0.0	1.0
22359	1.1939729073144634e-36	1.0
22360	1.4370903486594444e-154	1.0
22361	2.993101051815146e-122	1.0
22362	2.7152542972026814e-26	1.0
22363	1.1986664673885583e-211	1.0
22364	8.081447310708928e-29	1.0
22365	9.096888086588828e-47	1.0
22366	1.2609529078608296e-63	1.0
22367	7.940364226035422e-218	1.0
22368	5.245499217215828e-13	0.9999999999994755
22369	4.818384190800608e-48	1.0
22370	0.0	1.0
22371	1.4530787580013545e-92	1.0
22372	0.0	1.0
22373	5.801523564056624e-218	1.0
22374	1.0274095933165497e-46	1.0
22375	4.619495163461532e-45	1.0
22376	0.0	1.0
22377	6.131613492416382e-40	1.0
22378	1.9245179888775852e-45	1.0
22379	1.6064934966034662e-23	1.0
22381	2.5892625648016797e-53	1.0
22382	2.9175191125110854e-11	0.9999999999708249
22383	0.0	1.0
22384	1.283916781555622e-128	1.0
22385	9.836339883200861e-95	1.0
22386	1.818606049702643e-32	1.0
22387	0.0	1.0
22388	0.0	1.0
22389	5.199274060223318e-41	1.0
22390	0.0	1.0
22391	2.613074940967645e-95	1.0
22392	3.843418948218099e-173	1.0
22393	3.493999133488801e-26	1.0
22394	9.512169417784508e-172	1.0
22395	0.0	1.0
22396	0.01959078594246435	0.9804092140575357
22397	0.17635855666386435	0.8236414433361358
22398	0.0	1.0
22399	2.8217329160547403e-34	1.0
22400	6.278195684171849e-14	0.9999999999999372
22401	0.01463805978488541	0.9853619402151146
22402	4.684070190061203e-09	0.9999999953159298
22403	7.866975449784452e-38	1.0
22404	5.1064531399576317e-169	1.0
22405	4.775004834453518e-203	1.0
22406	5.789425012344937e-196	1.0
22407	3.8574212858551294e-196	1.0
22408	0.0	1.0
22409	7.820862549483645e-36	1.0
22411	1.0494449346306261e-36	1.0
22412	2.9805860978811286e-209	1.0
22413	4.2719628832432286e-259	1.0
22414	0.0	1.0
22415	4.1468469269536525e-202	1.0
22416	1.482298150132561e-40	1.0
22417	7.644097000364848e-39	1.0
22418	1.837037062977944e-05	0.9999816296293702
22419	7.044638364580558e-160	1.0
22420	4.6949728255811e-231	1.0
22421	3.5758488459521435e-102	1.0
22422	2.0585641741232515e-34	1.0
22423	3.864055915226768e-265	1.0
22424	4.1436070709912986e-48	1.0
22425	0.0	1.0
22426	8.29070685443546e-22	1.0
22427	1.5226460975088146e-24	1.0
22428	2.975898913123477e-28	1.0
22429	6.23592539153896e-37	1.0
22430	1.0074240017427834e-79	1.0
22431	0.8148254496340487	0.1851745503659512
22432	3.343421936011315e-42	1.0
22433	2.023099343080974e-132	1.0
22434	0.0	1.0
22435	1.3572841642968639e-42	1.0
22436	1.10482917490477e-172	1.0
22437	1.5226460975088146e-24	1.0
22438	0.0	1.0
22439	1.1286808603791945e-76	1.0
22441	1.1669704425190153e-41	1.0
22442	1.3512787633139297e-142	1.0
22443	4.69664997226699e-72	1.0
22444	0.0	1.0
22445	1.6093678782790665e-39	1.0
22446	1.1865220396153345e-73	1.0
22447	2.1731166019377873e-35	1.0
22448	7.438532617970538e-137	1.0
22449	1.380279169283637e-145	1.0
22450	8.413573015942067e-54	1.0
22451	2.2065670185970792e-73	1.0
22452	7.748761036762785e-212	1.0
22453	3.3199829957045166e-30	1.0
22454	2.278744071234989e-73	1.0
22455	2.923422888772796e-10	0.9999999997076576
22456	1.1646613515608686e-84	1.0
22457	2.5574638903791903e-44	1.0
22458	6.08336990201357e-66	1.0
22459	2.27825603349973e-129	1.0
22460	7.591086302511893e-63	1.0
22461	4.045492182053836e-80	1.0
22462	9.486608005209911e-193	1.0
22463	1.0517966939045783e-60	1.0
22464	2.403939935997321e-39	1.0
22465	4.344352784885917e-37	1.0
22466	4.5934068730084284e-11	0.9999999999540659
22467	4.776536699703012e-08	0.9999999522346331
22468	0.0	1.0
22469	2.6489996746656686e-34	1.0
22471	7.140159344507168e-67	1.0
22472	1.9941657652572194e-38	1.0
22473	7.193675764220997e-56	1.0
22474	3.751010417316848e-51	1.0
22475	0.0	1.0
22476	5.4292769168282604e-76	1.0
22477	0.0	1.0
22478	1.3316389708105792e-09	0.999999998668361
22479	1.5509843031931143e-23	1.0
22480	8.54370109608455e-21	1.0
22481	1.1535247248771713e-196	1.0
22482	2.4391147558376607e-131	1.0
22483	2.3153645595989773e-148	1.0
22484	3.161752475771685e-220	1.0
22485	0.0	1.0
22486	6.778999670069025e-34	1.0
22487	1.0825226455660546e-26	1.0
22488	1.4814930383148757e-124	1.0
22489	0.0	1.0
22490	2.0134002206889246e-54	1.0
22491	5.3971548866770875e-25	1.0
22492	6.645660647479329e-13	0.9999999999993354
22493	2.9940831659279098e-36	1.0
22494	8.795074038371736e-141	1.0
22495	4.3135779113761246e-34	1.0
22496	4.492219251623025e-164	1.0
22497	1.7490122824970095e-28	1.0
22498	5.297164746486587e-32	1.0
22499	5.869051831268912e-28	1.0
22501	1.482904984085818e-26	1.0
22502	0.0	1.0
22503	1.4738263741607e-48	1.0
22504	0.9996303141705525	0.00036968582944745584
22505	2.740639394291337e-199	1.0
22506	9.407946074438393e-36	1.0
22507	1.0939611409632022e-82	1.0
22508	3.846566856327649e-167	1.0
22509	2.769520590738101e-37	1.0
22510	8.977477758276125e-48	1.0
22511	1.6633469643842603e-134	1.0
22512	0.8343989945797613	0.1656010054202386
22513	1.0575088995026144e-39	1.0
22514	7.441739705950352e-74	1.0
22515	2.3429619037603045e-35	1.0
22516	4.880647848949372e-33	1.0
22517	6.342234814817257e-39	1.0
22518	2.198462536961829e-42	1.0
22519	0.0	1.0
22520	1.0820246764650278e-54	1.0
22521	7.944408662456897e-79	1.0
22522	1.0433617457984485e-121	1.0
22523	1.160497091739052e-40	1.0
22524	8.387387703264495e-31	1.0
22525	4.432206486966723e-78	1.0
22526	0.999999076969623	9.230303769981459e-07
22527	0.0	1.0
22528	0.0	1.0
22529	0.0	1.0
22531	2.8320382854035915e-34	1.0
22532	4.726228200746014e-18	1.0
22533	1.5163018330137854e-127	1.0
22534	4.001485534327133e-77	1.0
22535	9.489240630652807e-06	0.9999905107593693
22536	2.504462379323142e-12	0.9999999999974956
22537	5.761138540423729e-16	0.9999999999999993
22538	2.93221225230406e-42	1.0
22539	1.797588294458427e-54	1.0
22540	9.17484471296683e-157	1.0
22541	1.0	0.0
22542	1.0	6.059806642197866e-290
22543	1.0	0.0
22544	1.0	0.0
22545	1.0	0.0
22546	1.0	0.0
22547	1.0	0.0
22548	1.0	0.0
22549	1.0	0.0
22550	1.0	1.832102486079914e-287
22551	1.0	0.0
22552	1.0	0.0
22553	1.0	6.285478158963777e-22
22554	0.007307036110337108	0.9926929638896629
22555	1.0	0.0
22556	1.0	0.0
22557	0.9999999999999998	2.7327785857395826e-16
22558	1.0	0.0
22559	1.0	0.0
22561	1.0	0.0
22562	1.0	1.6960824288096404e-67
22563	1.0	1.7549657152330028e-65
22564	1.0	0.0
22565	1.0	1.389248520113724e-223
22566	1.0	4.3111948773339207e-29
22567	1.0	1.1146074682934445e-231
22568	1.0	0.0
22569	1.0	6.7700842898737145e-283
22570	1.0	0.0
22571	1.0	0.0
22572	1.0	4.9495850237651213e-54
22573	1.0	8.67369263199452e-47
22574	1.0	1.275032845696043e-230
22575	1.0	0.0
22576	1.0	4.650999283078509e-27
22577	1.0	6.770956360728074e-72
22578	1.0	1.2596568170368268e-255
22579	1.0	0.0
22580	1.0	3.85513104843684e-59
22581	1.0	0.0
22582	1.0	1.2166021767342261e-168
22583	1.0	1.1192298007525493e-112
22584	1.0	4.586836525289125e-56
22585	1.0	5.03246439805718e-212
22586	1.0	1.425795955777501e-308
22587	1.0	5.303762545937389e-274
22588	1.0	0.0
22589	1.0	4.796516606490143e-304
22591	1.0	9.089973326239847e-35
22592	1.0	4.192613475603196e-37
22593	0.9999999977829972	2.2170026900507726e-09
22594	1.0	0.0
22595	1.0	0.0
22596	1.0	1.3870188629823676e-169
22597	1.0	5.284728564649824e-172
22598	1.0	1.1137775257294657e-33
22599	1.0	2.979285667948681e-166
22600	1.0	0.0
22601	1.0	0.0
22602	1.0	8.967073137640281e-59
22603	1.0	2.46292796399319e-73
22604	1.0	1.7266350150231015e-49
22605	1.0	1.8980669181575935e-157
22606	1.0	0.0
22607	1.0	1.512898683702555e-205
22608	1.0	9.175979046494273e-128
22609	1.0	1.1052803620629853e-277
22610	1.0	3.709271917044623e-170
22611	1.0	1.404687408871611e-88
22612	1.0	2.437129217912618e-99
22613	1.0	2.164888147233611e-82
22614	1.0	0.0
22615	1.0	4.097579550666162e-75
22616	1.0	2.6331176915278183e-62
22617	1.0	2.5205051594188596e-31
22618	1.0	6.5169009518064e-75
22619	1.0	1.8394434701946344e-48
22621	1.0	2.837153517302281e-94
22622	1.0	1.472237750184888e-117
22623	1.0	4.911400560425665e-94
22624	1.0	1.000109802070741e-180
22625	1.0	2.0470122358652644e-55
22626	1.0	3.76054110191177e-58
22627	1.0	0.0
22628	1.0	3.150816435261875e-60
22629	1.0	8.347994742262606e-137
22630	1.0	4.686506212651077e-205
22631	1.0	9.95604e-318
22632	1.0	6.822309532034956e-309
22633	1.0	3.530288921296623e-117
22634	1.0	1.939554931671986e-37
22635	1.0	2.108976475230883e-96
22636	1.0	3.394609354485644e-187
22637	1.0	8.822752342590794e-290
22638	1.0	5.0644315364645746e-73
22639	1.0	1.4395637456054923e-97
22640	1.0	3.167943834591993e-138
22641	1.0	0.0
22642	1.0	2.729136425501296e-200
22643	1.0	0.0
22644	1.0	2.4164633742106847e-221
22645	1.0	8.549527067680218e-97
22646	1.0	1.1355226981140802e-196
22647	1.0	0.0
22648	1.0	7.221641462117295e-109
22649	1.0	2.4725467318633966e-210
22651	1.0	0.0
22652	1.0	8.2965045e-317
22653	1.0	0.0
22654	1.0	0.0
22655	1.0	1.5253015037783734e-39
22656	1.0	5.421889131556096e-218
22657	0.9999999997067717	2.932282919419943e-10
22658	1.0	0.0
22659	1.0	2.156459443167803e-77
22660	1.0	5.660176427464437e-101
22661	1.0	2.175304684543766e-46
22662	1.0	4.437221069343067e-27
22663	1.0	4.4215056259291774e-46
22664	1.0	1.04e-322
22665	1.0	1.193244783097134e-192
22666	1.0	0.0
22667	1.0	6.325980963519615e-309
22668	1.0	2.020951398639859e-207
22669	1.0	0.0
22670	1.0	0.0
22671	1.0	0.0
22672	1.0	4.235660331215935e-95
22673	1.0	1.1294960641324245e-160
22674	1.0	2.6407518989520827e-217
22675	1.0	1.5996227425357546e-131
22676	1.0	1.2010902273065461e-60
22677	1.0	1.437088096579984e-308
22678	1.0	9.634091536553659e-266
22679	1.0	1.7812421956765837e-116
22681	1.0	1.5219594030611562e-180
22682	1.0	2.2587909138843767e-37
22683	1.0	3.6697908657062317e-116
22684	1.0	4.8180539811943555e-113
22685	1.0	1.5665197539716446e-102
22686	1.0	2.4719837995182948e-151
22687	1.0	2.124986e-318
22688	1.0	2.3650007716727413e-177
22689	1.0	6.578842577204319e-115
22690	0.9997895107950823	0.00021048920491772893
22691	1.0	2.5750865238020237e-22
22692	1.0	1.4305419567926017e-169
22693	1.0	0.0
22694	1.0	1.7023096941918333e-111
22695	1.0	0.0
22696	1.0	2.294849048350362e-48
22697	1.0	3.2468407455995044e-189
22698	1.0	0.0
22699	1.0	1.837143704661243e-286
22700	1.0	8.105635247285116e-70
22701	1.0	3.451782875503578e-203
22702	1.0	6.945608862200642e-278
22703	1.0	7.105170235343443e-43
22704	1.0	3.591889512869639e-132
22705	1.0	0.0
22706	1.0	0.0
22707	1.0	2.1887286095804995e-23
22708	1.0	0.0
22709	1.0	9.93861594411687e-64
22711	1.0	3.2465566950043495e-38
22712	1.0	1.1383062231564248e-72
22713	1.0	0.0
22714	1.0	9.583083585551708e-229
22715	1.0	1.7564153695228848e-94
22716	1.0	0.0
22717	1.0	0.0
22718	1.0	1.773101230922282e-181
22719	0.999999999999788	2.1206458726940432e-13
22720	1.0	4.7438677801572403e-163
22721	1.0	4.7603760516984486e-256
22722	1.0	0.0
22723	1.0	0.0
22724	1.0	4.0418593346379225e-51
22725	1.0	5.818908397382225e-154
22726	1.0	6.54977527214195e-122
22727	1.0	1.4090396008773705e-121
22728	1.0	2.5549308358589915e-160
22729	1.0	4.518184075864372e-59
22730	1.0	3.593378375834476e-112
22731	1.0	7.025975790835043e-71
22732	1.0	2.200983140208845e-106
22733	1.0	6.849883330912176e-256
22734	1.0	4.2530467657e-313
22735	1.0	0.0
22736	1.0	6.30760508522414e-36
22737	1.0	0.0
22738	0.9999999999999969	3.0509903441303217e-15
22739	1.0	1.6437728688879513e-97
22741	3.8286733674688436e-156	1.0
22742	1.0	8.075525088318573e-69
22743	1.0	3.694887853281173e-303
22744	1.0	1.611551631510188e-298
22745	1.0	1.3499197161371307e-112
22746	1.0	8.513515411751252e-246
22747	1.0	0.0
22748	1.0	1.8923910920435477e-297
22749	1.0	9.36578211163073e-173
22750	0.9999999999999771	2.286783519004228e-14
22751	1.0	6.223332526966616e-37
22752	1.0	8.056532913380339e-29
22753	1.0	8.056532913380339e-29
22754	0.9999999999999771	2.286783519004228e-14
22755	1.0	4.876655930862156e-195
22756	1.0	2.84212961770279e-148
22757	1.0	6.7502231819685805e-183
22758	1.0	0.0
22759	1.0	0.0
22760	1.0	5.992467164893416e-23
22761	1.0	2.068092714368907e-28
22762	1.0	1.625906965131853e-120
22763	1.0	9.439298358556902e-141
22764	1.0	2.844397609405064e-231
22765	1.0	0.0
22766	1.0	0.0
22767	1.0	1.2276719278801262e-40
22768	1.0	4.922224278737509e-271
22769	1.0	3.8999199999699697e-36
22771	1.0	3.8999199999699697e-36
22772	1.0	3.30885249894588e-197
22773	1.0	0.0
22774	1.0	5.871773211363933e-190
22775	1.0	4.42787919175638e-247
22776	1.0	1.06465156769223e-273
22777	0.9999999999999989	1.139980859606315e-15
22778	1.0	1.0610092015964148e-290
22779	1.0	1.0610092015964148e-290
22780	1.0	0.0
22781	1.0	0.0
22782	1.0	4.6648319016077265e-302
22783	1.0	2.2017387802497426e-76
22784	1.0	1.0410268025874425e-292
22785	1.0	2.2017387802497426e-76
22786	1.0	1.802003515229135e-142
22787	1.0	3.0518952086657187e-59
22788	1.0	1.5815068556651658e-44
22789	1.0	3.8898898447679684e-57
22790	1.0	1.802003515229135e-142
22791	1.0	1.2949710438313607e-183
22792	1.0	4.548526828077888e-62
22793	1.0	3.662154461213798e-67
22794	1.0	1.1458429215664687e-68
22795	1.0	0.0
22796	1.0	2.599093397247692e-153
22797	1.0	2.609732748362726e-36
22798	1.0	1.036819594717442e-90
22799	1.0	2.709706636553571e-71
22801	1.0	3.880429514818919e-169
22802	0.6796584638464427	0.3203415361535573
22803	1.0	3.0859149250477854e-232
22804	1.0	5.311842080086972e-297
22805	1.0	9.030427118225479e-80
22806	1.0	7.122905200383334e-94
22807	1.0	6.695394209922587e-151
22808	1.0	0.0
22809	1.0	8.642836046420595e-38
22810	1.0	2.1471150786090625e-152
22811	1.0	0.0
22812	1.0	7.972311817333865e-196
22813	1.0	1.5690988198305051e-192
22814	1.0	4.63000894147138e-139
22815	1.0	2.1936718804648057e-148
22816	1.0	0.0
22817	1.0	1.6626572158942517e-75
22818	1.0	1.7624785246047285e-38
22819	1.0	0.0
22820	1.0	0.0
22821	1.0	1.7808805471968458e-160
22822	1.0	6.122706811766098e-51
22823	1.0	2.1200778286176433e-121
22824	1.0	6.090883525084518e-81
22825	1.0	0.0
22826	1.0	0.0
22827	1.0	2.303805061137953e-49
22828	1.0	1.5957868609042439e-47
22829	1.0	2.783634167061319e-40
22831	1.0	2.2583026973565175e-20
22832	1.0	1.3784884723165675e-184
22833	1.0	1.0456260329535026e-45
22834	1.0	0.0
22835	1.0	3.470090645443004e-29
22836	1.0	2.974038599431311e-92
22837	1.0	2.7768293380239506e-100
22838	1.0	4.15093306320407e-51
22839	1.0	6.026824364881522e-32
22840	1.0	6.638496483284026e-72
22841	1.0	6.7821104232314446e-18
22842	1.0	1.1950219663819049e-259
22843	1.0	3.9961637409334505e-33
22844	1.0	0.0
22845	1.0	0.0
22846	1.0	0.0
22847	1.0	0.0
22848	1.0	0.0
22849	1.0	2.340988334227046e-72
22850	1.0	2.3858520839132694e-32
22851	1.0	0.0
22852	1.0	0.0
22853	0.9999251061402962	7.489385970371789e-05
22854	0.9999936304112705	6.369588729516006e-06
22855	1.0	4.685054514430003e-26
22856	1.0	1.0024870761265077e-59
22857	1.0	0.0
22858	1.0	1.915065378057138e-38
22859	1.0	3.106899515531404e-19
22861	1.0	6.887427179104678e-199
22862	1.0	0.0
22863	1.0	0.0
22864	0.9999986313839287	1.3686160712752824e-06
22865	1.0	3.0987582243569815e-24
22866	1.0	9.361984643606941e-164
22867	1.0	4.528629202348471e-19
22868	1.0	0.0
22869	1.0	0.0
22870	1.0	9.669058293272421e-70
22871	0.9991708181031852	0.0008291818968146798
22872	1.0	0.0
22873	1.0	4.410644007914406e-56
22874	1.0	0.0
22875	1.0	4.4997626806298035e-83
22876	1.0	0.0
22877	0.9999999999870237	1.2976299198904425e-11
22878	1.0	1.1230242581552036e-268
22879	1.0	8.997896903486174e-76
22880	1.0	5.605137220344895e-256
22881	1.0	7.968870097538912e-54
22882	1.0	0.0
22883	1.0	0.0
22884	1.0	6.097836572868083e-256
22885	1.0	0.0
22886	1.0	1.7473580710307578e-56
22887	1.0	7.832047007197413e-289
22888	1.0	1.5852482241169395e-280
22889	0.9999999998102458	1.897542328390608e-10
22891	1.0	9.452346582577256e-125
22892	1.0	4.057072365620662e-209
22893	1.0	9.452346582577256e-125
22894	1.0	4.057072365620662e-209
22895	1.0	3.0319892695052972e-263
22896	0.9999999998102458	1.897542328390608e-10
22897	1.0	0.0
22898	1.0	1.8309514955482133e-29
22899	1.0	1.2201546518677279e-51
22900	1.0	4.6057103771888716e-24
22901	1.0	3.562811434266371e-102
22902	1.0	6.126212148588122e-277
22903	1.0	0.0
22904	1.0	3.493703601732374e-82
22905	1.0	1.0908460982676499e-47
22906	1.0	0.0
22907	1.0	0.0
22908	1.0	0.0
22909	1.0	3.493703601732374e-82
22910	1.0	1.0908460982676499e-47
22911	1.0	5.780468480569893e-58
22912	1.0	7.60445965691679e-21
22913	1.0	0.0
22914	1.0	0.0
22915	1.0	7.007159306727463e-25
22916	1.0	3.6608148507859995e-168
22917	1.0	3.461290090115285e-117
22918	1.0	3.461290090115285e-117
22919	1.0	2.4713715714883564e-29
22921	1.0	0.0
22922	1.0	0.0
22923	1.0	5.97563246448393e-281
22924	1.0	1.4475050773282845e-209
22925	1.0	0.0
22926	1.0	9.089990642901951e-31
22927	1.0	8.777872876512867e-32
22928	1.0	0.0
22929	1.0	0.0
22930	1.0	2.714778655536449e-225
22931	1.0	2.173693208011345e-275
22932	1.0	2.5501687776444858e-82
22933	1.0	4.176716030676368e-54
22934	0.9999999928878556	7.112144290882822e-09
22935	1.0	3.7625068215564834e-125
22936	1.0	1.5620576680136186e-203
22937	1.0	2.0943769442805324e-21
22938	1.0	0.0
22939	1.0	2.714778655536449e-225
22940	1.0	1.6263045014520663e-101
22941	1.0	2.7481878958725473e-44
22942	1.0	2.7481878958725473e-44
22943	1.0	4.182820079161307e-49
22944	1.0	6.797957679692938e-47
22945	1.0	0.0
22946	1.0	0.0
22947	1.0	0.0
22948	1.0	0.0
22949	1.0	0.0
22951	1.0	3.084437530584469e-93
22952	1.0	3.118006486217334e-88
22953	1.0	7.8769038361632935e-22
22954	0.999999185369267	8.14630732987046e-07
22955	0.999999185369267	8.14630732987046e-07
22956	0.9999351458728603	6.485412713971529e-05
22957	1.0	2.7143666161051774e-41
22958	1.0	2.0556264846679324e-255
22959	1.0	3.762260670318985e-27
22960	1.0	4.140334181244051e-54
22961	0.9999999985686463	1.431353796998335e-09
22962	1.0	2.4865697017811962e-30
22963	0.9999999994622522	5.3774775238763e-10
22964	1.0	2.4865697017811962e-30
22965	1.0	0.0
22966	1.0	5.4243034595446733e-17
22967	1.0	5.647788915054034e-41
22968	1.0	1.2722298834702336e-18
22969	1.0	3.069257388283191e-120
22970	1.0	0.0
22971	1.0	0.0
22972	1.0	0.0
22973	1.0	1.4739199554447317e-19
22974	0.999922422532825	7.757746717493638e-05
22975	1.0	0.0
22976	1.0	0.0
22977	1.0	0.0
22978	1.0	5.136712325315961e-192
22979	1.0	3.4028564731e-313
22981	1.0	7.090574748312571e-86
22982	1.0	1.4878406e-317
22983	1.0	1.97876185150687e-172
22984	1.0	8.98032559074277e-160
22985	1.0	2.065327323827239e-79
22986	1.0	1.4878406e-317
22987	1.0	3.5821476208381427e-143
22988	1.0	7.090574748312571e-86
22989	1.0	0.0
22990	1.0	0.0
22991	1.0	0.0
22992	1.0	0.0
22993	1.0	0.0
22994	0.9999999996336395	3.6636059364512813e-10
22995	1.0	1.2732190470711802e-187
22996	1.0	1.2732190470711802e-187
22997	1.0	0.0
22998	1.0	1.836818790123875e-43
22999	1.0	2.4592156412265373e-34
23000	1.0	1.9700418535375743e-30
23001	1.0	0.0
23002	1.0	0.0
23003	1.0	1.196087838228911e-152
23004	1.0	1.5550883983834714e-78
23005	1.0	2.0740792966830546e-72
23006	1.0	0.0
23007	1.0	0.0
23008	1.0	9.047830353370958e-47
23009	1.0	2.495018048248846e-25
23011	1.0	9.942050498201994e-276
23012	1.0	4.146570953290677e-44
23013	1.0	5.462898084347062e-87
23014	1.0	3.307009026747619e-101
23015	1.0	4.7616814769521575e-161
23016	1.0	6.0046167055499525e-202
23017	1.0	0.0
23018	1.0	7.366821766964551e-32
23019	1.0	1.2726832142977479e-31
23020	1.0	9.36016023483917e-121
23021	1.0	1.3732027827299141e-127
23022	1.0	1.0169333573551297e-57
23023	1.0	1.1313321276694746e-92
23024	1.0	1.2698337167916241e-101
23025	1.0	1.5836964693992397e-24
23026	1.0	2.2834203663529643e-33
23027	1.0	0.0
23028	1.0	1.2023324373949414e-51
23029	1.0	4.931507903932551e-70
23030	1.0	0.0
23031	1.0	0.0
23032	1.0	3.289386372620001e-172
23033	1.0	2.3637095590714293e-19
23034	1.0	7.809818000265196e-54
23035	1.0	0.0
23036	1.0	2.040708998173615e-40
23037	1.0	2.545627408772388e-262
23038	1.0	6.233469340758635e-230
23039	0.9999999999998974	1.0251544573164811e-13
23041	1.0	2.4102717126304794e-306
23042	1.0	8.337743638777963e-222
23043	1.0	1.2023324373949414e-51
23044	1.0	1.6204415783781083e-272
23045	1.0	8.337743638777963e-222
23046	1.0	1.950301864075721e-100
23047	1.0	5.6584089525565505e-185
23048	1.0	5.2431e-319
23049	1.0	2.9735744348815143e-189
23050	1.0	0.0
23051	1.0	1.4998029531525747e-199
23052	1.0	6.271509554980399e-28
23053	1.0	0.0
23054	1.0	1.8737905154438134e-116
23055	1.0	1.8737905154438134e-116
23056	1.0	5.355997168612159e-121
23057	1.0	0.0
23058	1.0	0.0
23059	1.0	3.030615194527618e-272
23060	1.0	0.0
23061	1.0	2.26303936113717e-310
23062	1.0	5.466377612872173e-297
23063	1.0	2.8209699909196517e-262
23064	1.0	0.0
23065	1.0	0.0
23066	1.0	1.2274042692847122e-302
23067	1.0	3.271291184765202e-113
23068	1.0	1.3057586744327259e-218
23069	1.0	1.1732927858370723e-145
23071	1.0	1.0478673957680296e-189
23072	1.0	0.0
23073	1.0	1.80380816851895e-59
23074	1.0	2.276557785791888e-78
23075	1.0	2.276557785791888e-78
23076	1.0	8.528775245754273e-188
23077	1.0	0.0
23078	1.0	3.2920968670086306e-183
23079	1.0	3.79423077910041e-62
23080	1.0	5.55086706288656e-187
23081	1.0	1.0316367855059598e-232
23082	1.0	5.443697904330281e-38
23083	1.0	1.7455602764103886e-193
23084	1.0	3.0702269651543983e-145
23085	1.0	2.5889873396268914e-53
23086	1.0	0.0
23087	1.0	3.544045909500575e-45
23088	1.0	1.1296506518243015e-78
23089	1.0	0.0
23090	1.0	1.5542508413697935e-129
23091	1.0	9.01956e-319
23092	1.0	4.4907143723751355e-24
23093	1.0	1.3552467697883655e-43
23094	1.0	0.0
23095	1.0	0.0
23096	1.0	0.0
23097	1.0	2.3564442039219093e-110
23098	1.0	1.86980656e-316
23099	1.0	1.2950248110671204e-27
23101	1.0	1.2950248110671204e-27
23102	1.0	0.0
23103	1.0	0.0
23104	0.9999999999997529	2.4720742395547424e-13
23105	1.0	2.6399584535364074e-216
23106	1.0	2.1359828311670505e-42
23107	1.0	2.056886943108769e-26
23108	1.0	1.0771170713538573e-61
23109	1.0	0.0
23110	1.0	1.2996639927286954e-175
23111	1.0	6.780865256048844e-41
23112	1.0	1.2996639927286954e-175
23113	1.0	0.0
23114	1.0	6.673607490413998e-62
23115	1.0	3.0535082012957665e-118
23116	1.0	8.2805311104814e-104
23117	1.0	2.1453814307432088e-219
23118	1.0	0.0
23119	1.0	0.0
23120	1.0	1.1565155734167329e-27
23121	1.0	1.3124803947616396e-35
23122	1.0	8.53033181836502e-61
23123	1.0	8.53033181836502e-61
23124	1.0	1.5950221814476127e-119
23125	1.0	2.004565042325816e-45
23126	1.0	6.51141447059593e-42
23127	1.0	1.0489596231742127e-23
23128	1.0	0.0
23129	1.0	1.4484050154000122e-43
23131	1.0	1.4484050154000122e-43
23132	1.0	3.1976841876848592e-245
23133	1.0	1.3100440404174555e-40
23134	1.0	7.254343141921155e-121
23135	1.0	7.977886532113658e-76
23136	1.0	1.6625801621470615e-234
23137	1.0	1.6625801621470615e-234
23138	1.0	2.914228730614535e-140
23139	1.0	5.404097940993629e-198
23140	1.0	3.638807136035442e-98
23141	1.0	1.9870416604826163e-44
23142	1.0	3.467795111661369e-218
23143	1.0	0.0
23144	1.0	7.014998809859e-310
23145	1.0	0.0
23146	1.0	0.0
23147	1.0	1.8841183913457792e-147
23148	1.0	8.236292809095141e-69
23149	1.0	8.539414384752849e-143
23150	1.0	1.9236011828915596e-244
23151	1.0	2.3079424213410396e-43
23152	1.0	0.0
23153	1.0	8.023866034258008e-19
23154	1.0	0.0
23155	1.0	3.9872656997453616e-137
23156	1.0	3.9872656997453616e-137
23157	1.0	2.0140103415597743e-161
23158	0.9999999999975786	2.4213359654444237e-12
23159	1.0	0.0
23161	1.0	7.205187729446712e-18
23162	1.0	3.179716886546106e-57
23163	1.0	8.813983368367383e-38
23164	1.0	2.2013738431630667e-67
23165	1.0	0.0
23166	1.0	1.3581527112679145e-19
23167	1.0	0.0
23168	1.0	1.060875479115602e-286
23169	1.0	0.0
23170	1.0	0.0
23171	1.0	1.8472336446352912e-118
23172	1.0	3.597587085501179e-86
23173	1.0	1.3392051766995183e-123
23174	1.0	1.2619306034691147e-99
23175	1.0	3.077710280248731e-85
23176	1.0	4.4180807562384596e-35
23177	1.0	4.216044186223584e-79
23178	1.0	3.6004868413297874e-58
23179	1.0	1.4340212054212334e-45
23180	1.0	2.4495416754691407e-225
23181	1.0	3.11598816346059e-64
23182	1.0	9.479552449008184e-191
23183	1.0	1.8683235366546294e-26
23184	1.0	0.0
23185	1.0	0.0
23186	1.0	2.065365373746519e-198
23187	1.0	1.2635667874999973e-28
23188	1.0	2.5518906100356784e-40
23189	1.0	1.0202122908639907e-308
23191	1.0	1.0674118541378e-56
23192	1.0	0.0
23193	1.0	9.596539214934245e-194
23194	1.0	0.0
23195	1.0	0.0
23196	1.0	1.0391064746859048e-50
23197	1.0	9.596539214934245e-194
23198	1.0	2.961950846011263e-192
23199	1.0	1.2634598591802228e-17
23200	1.0	0.0
23201	1.0	1.4261637295485285e-76
23202	1.0	1.4261637295485285e-76
23203	1.0	4.08325806766889e-304
23204	1.0	1.3198295951142667e-229
23205	0.9999999999999982	1.8351456834287968e-15
23206	1.0	3.48080247772153e-169
23207	1.0	1.6618402782155458e-65
23208	1.0	5.582936916315152e-46
23209	1.0	1.9509528677733588e-103
23210	1.0	8.02866937922301e-35
23211	1.0	6.703040113808055e-221
23212	1.0	0.0
23213	1.0	0.0
23214	1.0	1.2828964108293342e-98
23215	1.0	0.0
23216	1.0	0.0
23217	1.0	5.504923291374625e-137
23218	1.0	4.766791834939911e-46
23219	1.0	0.0
23221	1.0	0.0
23222	1.0	3.9940871179385775e-83
23223	1.0	8.936515438633922e-263
23224	1.0	0.0
23225	0.9999997296962506	2.7030374936208586e-07
23226	1.0	1.6585865471835222e-249
23227	0.9999999423018595	5.769814046246588e-08
23228	1.0	6.401437131900201e-138
23229	1.0	1.4160697048851388e-304
23230	1.0	0.0
23231	1.0	2.984186e-318
23232	1.0	1.4160697048851388e-304
23233	1.0	0.0
23234	1.0	0.0
23235	1.0	4.590755654878897e-32
23236	1.0	0.0
23237	1.0	0.0
23238	1.0	9.27753196124942e-259
23239	1.0	4.856472924660001e-107
23240	0.9999998066847929	1.9331520701780682e-07
23241	1.0	6.012045406689349e-132
23242	1.0	6.780356545582636e-242
23243	1.0	6.780356545582636e-242
23244	1.0	8.568048006222735e-146
23245	1.0	0.0
23246	1.0	8.568048006222735e-146
23247	1.0	0.0
23248	1.0	6.308286627526531e-26
23249	1.0	0.0
23251	1.0	0.0
23252	1.0	0.0
23253	1.0	0.0
23254	1.0	0.0
23255	1.0	0.0
23256	1.0	8.256844746061794e-109
23257	1.0	4.05e-321
23258	1.0	2.6594997279216005e-33
23259	1.0	0.0
23260	1.0	5.556909876637288e-104
23261	1.0	0.0
23262	1.0	3.3304564961020606e-173
23263	1.0	6.478614710787928e-156
23264	1.0	1.733702332927475e-58
23265	1.0	1.293830565418941e-28
23266	1.0	0.0
23267	1.0	0.0
23268	1.0	3.483141880170514e-89
23269	1.0	0.0
23270	1.0	4.856472924660001e-107
23271	1.0	4.748460149364299e-159
23272	1.0	0.0
23273	1.0	5.1055579786500905e-24
23274	1.0	1.1597563922226779e-139
23275	0.9999999999716096	2.839047848447007e-11
23276	1.0	0.0
23277	1.0	0.0
23278	1.0	0.0
23279	0.9999999999716096	2.839047848447007e-11
23281	1.0	0.0
23282	1.0	1.2800113664777096e-65
23283	1.0	3.1181659107107673e-137
23284	1.0	1.4787327509170071e-30
23285	1.0	1.1743301125635812e-209
23286	1.0	0.0
23287	0.9999999999999922	7.669474919272323e-15
23288	1.0	0.0
23289	1.0	0.0
23290	1.0	0.0
23291	1.0	0.0
23292	1.0	9.129932918886683e-81
23293	1.0	2.6800875340606214e-30
23294	1.0	3.4597842529427465e-66
23295	1.0	1.5500048343085302e-87
23296	1.0	1.756416977682801e-82
23297	1.0	1.6747163474927782e-106
23298	1.0	3.757574470614805e-138
23299	1.0	1.126452151969717e-199
23300	1.0	0.0
23301	1.0	0.0
23302	1.0	6.897272548827139e-284
23303	1.0	1.8199001854219923e-148
23304	1.0	1.8053402059740287e-64
23305	1.0	1.0995554052903838e-256
23306	0.9999999999129268	8.707317496991806e-11
23307	0.9999999999999973	2.585102721718621e-15
23308	1.0	0.0
23309	1.0	5e-324
23311	1.0	0.0
23312	1.0	9.609504402920314e-69
23313	1.0	1.5711182653241821e-75
23314	1.0	0.0
23315	1.0	7.610718832352991e-82
23316	1.0	8.32499580366045e-91
23317	1.0	0.0
23318	1.0	3.9916632060333525e-57
23319	1.0	0.0
23320	1.0	0.0
23321	1.0	0.0
23322	1.0	0.0
23323	1.0	2.7109059741762974e-123
23324	1.0	0.0
23325	1.0	0.0
23326	1.0	0.0
23327	1.0	0.0
23328	1.0	1.334197269197705e-44
23329	1.0	1.2569072808431778e-132
23330	1.0	3.0254501751411173e-27
23331	0.9999999999363431	6.365686354780463e-11
23332	0.9999999999999996	5.380900590946334e-16
23333	1.0	2.1912159036685155e-62
23334	1.0	3.603970271957558e-117
23335	1.0	1.4028961884719629e-71
23336	1.0	1.8107311129386373e-90
23337	1.0	1.2948770221164895e-135
23338	1.0	1.000581106256216e-18
23339	1.0	1.4028961884719629e-71
23341	1.0	0.0
23342	1.0	8.979427673765462e-223
23343	1.0	1.6330030455466286e-193
23344	1.0	2.3378638696708364e-190
23345	1.0	4.060904525705355e-298
23346	1.0	2.453921539148105e-55
23347	1.0	7.471912324694477e-93
23348	1.0	0.0
23349	1.0	9.971889688850097e-50
23350	1.0	5.699245930105306e-40
23351	1.0	1.3885479856584964e-112
23352	1.0	0.0
23353	1.0	2.976456389997253e-209
23354	1.0	0.0
23355	1.0	1.7703570109089143e-181
23356	1.0	0.0
23357	0.9999999999999747	2.5202442752124973e-14
23358	1.0	5.187026558476456e-149
23359	1.0	0.0
23360	1.0	7.193896247161768e-29
23361	1.0	1.5907610428007925e-99
23362	1.0	2.46169681382527e-23
23363	1.0	2.46169681382527e-23
23364	1.0	2.4876279926820845e-214
23365	1.0	0.0
23366	1.0	1.9778180150551344e-163
23367	1.0	2.3636028394389815e-18
23368	1.0	0.0
23369	1.0	8.101305468807758e-38
23371	1.0	0.0
23372	1.0	0.0
23373	1.0	0.0
23374	1.0	2.6011617064107628e-108
23375	1.0	2.6011617064107628e-108
23376	1.0	1.6737775747399468e-220
23377	1.0	5.619695808695863e-296
23378	1.0	4.143015941384693e-83
23379	1.0	0.0
23380	1.0	0.0
23381	1.0	1.3004547077930271e-39
23382	1.0	0.0
23383	1.0	4.997291599197419e-34
23384	1.0	5.404001136038856e-52
23385	1.0	4.423278279419453e-206
23386	0.9999999996514115	3.4858856766199367e-10
23387	1.0	0.0
23388	1.0	0.0
23389	1.0	1.5155528644740602e-29
23390	1.0	1.7706491549355755e-154
23391	1.0	0.0
23392	1.0	2.552423954718464e-20
23393	1.0	7.175363435023337e-71
23394	1.0	8.177965707515674e-58
23395	1.0	5.739253490122935e-57
23396	1.0	0.0
23397	0.9999999999995277	4.722372932579533e-13
23398	1.0	2.624748944620188e-205
23399	1.0	1.2474199016998855e-242
23401	1.0	6.025097190557863e-35
23402	1.0	3.590661686613599e-35
23403	1.0	0.0
23404	1.0	0.0
23405	1.0	2.348520451055294e-247
23406	1.0	9.081256786935382e-57
23407	1.0	0.0
23408	1.0	2.502221900784449e-108
23409	1.0	1.4365234582264465e-210
23410	1.0	1.01345864501149e-207
23411	1.0	1.1222247534355103e-221
23412	1.0	1.1317142536054567e-248
23413	1.0	4.488088214316851e-37
23414	1.0	1.7137980506240923e-165
23415	1.0	6.211190260657103e-278
23416	1.0	2.0596103769480076e-20
23417	1.0	0.0
23418	1.0	7.296399697510188e-21
23419	1.0	3.9525296659217925e-19
23420	1.0	2.1709945770304642e-114
23421	1.0	0.0
23422	1.0	1.2359476162886546e-78
23423	1.0	1.806590006305329e-139
23424	1.0	0.0
23425	1.0	1.9589394637897626e-26
23426	1.0	0.0
23427	1.0	0.0
23428	1.0	2.665323152814049e-269
23429	1.0	0.0
23431	1.0	0.0
23432	1.0	0.0
23433	1.0	0.0
23434	1.0	1.7315372753463364e-54
23435	1.0	3.7878794294835994e-64
23436	1.0	5.518466991699102e-25
23437	1.0	5.518466991699102e-25
23438	1.0	9.867895143814638e-86
23439	1.0	1.0781410029282037e-280
23440	1.0	1.8263916633861616e-141
23441	1.0	2.564262914227712e-20
23442	1.0	6.676089382307102e-232
23443	1.0	0.0
23444	1.0	8.681670339594736e-174
23445	1.0	4.7775063352714933e-178
23446	1.0	6.043028766653489e-33
23447	1.0	4.336155752791523e-18
23448	1.0	1.5799100602342755e-86
23449	1.0	0.0
23450	1.0	1.2984521798646467e-23
23451	1.0	3.272740954520055e-73
23452	1.0	5.340475797846646e-268
23453	1.0	7.909463391676665e-60
23454	1.0	1.2984521798646467e-23
23455	1.0	0.0
23456	1.0	4.925145013665433e-33
23457	1.0	1.5109913305518033e-216
23458	1.0	0.0
23459	1.0	7.223761137204984e-189
23461	1.0	2.173593798972228e-115
23462	1.0	6.398905223102214e-19
23463	1.0	2.6529291917372325e-151
23464	1.0	1.88333343355451e-81
23465	1.0	0.0
23466	1.0	1.8803883440618126e-119
23467	1.0	0.0
23468	1.0	3.048825243696485e-132
23469	1.0	0.0
23470	1.0	1.544885649131682e-54
23471	1.0	0.0
23472	1.0	1.58574773050937e-69
23473	1.0	4.550686806098798e-37
23474	1.0	9.912502754441211e-102
23475	1.0	3.6482534e-317
23476	1.0	2.8571833764206817e-57
23477	0.9999068065382363	9.319346176371586e-05
23478	1.0	4.224458462113793e-65
23479	1.0	7.347252796794963e-57
23480	1.0	9.073772578939601e-64
23481	1.0	0.0
23482	1.0	4.8334327218688145e-263
23483	1.0	0.0
23484	1.0	6.652671421502808e-25
23485	1.0	2.3536108239646876e-223
23486	1.0	0.0
23487	1.0	0.0
23488	1.0	0.0
23489	1.0	0.0
23491	1.0	1.7113042145568982e-40
23492	1.0	1.5118359538164658e-184
23493	0.9999999999999953	4.667226261912536e-15
23494	1.0	0.0
23495	1.0	0.0
23496	1.0	0.0
23497	1.0	4.194585943875114e-149
23498	1.0	0.0
23499	1.0	9.249004908026459e-227
23500	1.0	1.3863445244488902e-120
23501	1.0	2.3872516981257333e-19
23502	1.0	9.755084351533107e-164
23503	0.9999999999996698	3.3021642523962114e-13
23504	1.0	9.239389703518207e-135
23505	1.0	1.375068146044383e-20
23506	1.0	9.239389703518207e-135
23507	1.0	0.0
23508	1.0	2.365341235351894e-159
23509	1.0	0.0
23510	1.0	0.0
23511	1.0	1.7075059199639966e-87
23512	1.0	1.0057354993970906e-133
23513	1.0	1.2768654086156915e-89
23514	0.9999923846932897	7.615306710331455e-06
23515	0.9999999999999989	1.0026517017385397e-15
23516	1.0	2.7465005512381058e-109
23517	1.0	0.0
23518	1.0	0.0
23519	1.0	0.0
23521	1.0	2.8727458736090027e-79
23522	1.0	5.732020968687323e-28
23523	1.0	3.2016618274364872e-22
23524	1.0	1.5495054903462692e-83
23525	1.0	8.844310835318744e-85
23526	1.0	9.971993979595534e-85
23527	1.0	2.2774366514444102e-84
23528	1.0	1.2999216704050004e-85
23529	1.0	1.4448457580188268e-83
23530	1.0	1.8834611363429563e-84
23531	1.0	3.370554936697992e-83
23532	1.0	8.71753306465503e-84
23533	1.0	4.975817938133489e-85
23534	1.0	4.3937625839621565e-84
23535	1.0	4.861789160874839e-85
23536	0.9999999999999931	6.959273190588299e-15
23537	1.0	1.3358888571252137e-74
23538	1.0	4.2779671768794135e-178
23539	1.0	7.105482384015864e-35
23540	1.0	4.7784653617791874e-85
23541	1.0	8.241623835567661e-90
23542	1.0	4.6393695099700715e-102
23543	1.0	0.0
23544	1.0	2.3852609504090568e-272
23545	1.0	5.645169811121783e-137
23546	1.0	0.0
23547	1.0	0.0
23548	1.0	5.945379837558604e-107
23549	1.0	0.0
23551	1.0	0.0
23552	1.0	1.5380084177843908e-140
23553	1.0	1.0146398830257152e-80
23554	1.0	5.853257894389931e-32
23555	1.0	0.0
23556	1.0	2.6530347520612316e-96
23557	1.0	1.6651942807020225e-84
23558	1.0	5.350592557158958e-81
23559	1.0	2.530927411623056e-88
23560	1.0	9.671963382989105e-87
23561	1.0	4.234970073256064e-87
23562	1.0	0.0
23563	1.0	5.004028191274796e-29
23564	0.9999999612828614	3.871713876002244e-08
23565	0.9999999999999989	1.0611153855679607e-15
23566	0.35198792595104206	0.6480120740489579
23567	1.0	1.1759312541204388e-152
23568	1.0	3.709213297693841e-86
23569	0.9999999955087095	4.49129039452374e-09
23570	1.0	1.541069462690551e-79
23571	1.0	2.523388593879024e-81
23572	1.0	2.249200066239211e-84
23573	1.0	1.3736186118816225e-82
23574	1.0	1.4842561686857272e-87
23575	1.0	0.0
23576	1.0	2.6052e-319
23577	1.0	8.706191262473618e-218
23578	1.0	7.090871542127841e-109
23579	1.0	4.439063984826984e-268
23581	1.0	6.44704501486198e-60
23582	1.0	1.9309817137912136e-148
23583	1.0	5.20534576340047e-249
23584	1.0	2.8021359728002242e-55
23585	1.0	7.756130554571869e-211
23586	1.0	4.256974828176959e-276
23587	1.0	8.434472013758558e-122
23588	1.0	1.5740057527735104e-24
23589	1.0	5.918451326456758e-17
23590	1.0	0.0
23591	1.0	6.018302745261023e-146
23592	1.0	0.0
23593	1.0	0.0
23594	1.0	1.413345784169095e-144
23595	1.0	4.335993915687156e-83
23596	1.0	1.8985601727003917e-83
23597	1.0	0.0
23598	1.0	9.422523473596652e-189
23599	1.0	9.552473391188001e-60
23600	1.0	1.0095227658713992e-22
23601	1.0	6.126845245947216e-77
23602	1.0	9.212282864077403e-66
23603	1.0	4.798585996922264e-40
23604	1.0	7.755435071320976e-146
23605	1.0	2.351799948497042e-80
23606	1.0	0.0
23607	1.0	4.726655609873774e-52
23608	1.0	5.188801712419251e-40
23609	1.0	1.2275493684481139e-31
23611	1.0	2.1004779867874178e-85
23612	1.0	1.8077526480055181e-81
23613	1.0	3.6799952347661524e-84
23614	1.0	1.611324306331969e-84
23615	1.0	5.499573165224156e-83
23616	1.0	2.1488923213052614e-73
23617	1.0	7.057867194099692e-206
23618	1.0	1.4818290621460616e-45
23619	1.0	1.3024707768394327e-296
23620	1.0	1.1508349389447357e-78
23621	1.0	1.0257865265713384e-81
23622	1.0	2.4835197912108483e-79
23623	1.0	1.0877361114581721e-26
23624	1.0	0.0
23625	0.9999999999999951	4.85944509452908e-15
23626	1.0	0.0
23627	1.0	5.2073494301562085e-81
23628	1.0	1.5517910594790582e-84
23629	1.0	3.605485039174754e-83
23630	1.0	2.2340815219292112e-83
23631	1.0	5.1022685641078425e-83
23632	1.0	3.509516939894199e-80
23633	1.0	2.4631819239237865e-44
23634	1.0	1.6515599733697633e-155
23635	1.0	7.847909630204928e-117
23636	1.0	4.691218539511666e-185
23637	1.0	2.5302656683332162e-48
23638	1.0	0.0
23639	1.0	1.8901443066937527e-53
23641	1.0	5.1060863450916005e-62
23642	1.0	0.0
23643	1.0	2.057809649753806e-210
23644	1.0	0.0
23645	1.0	7.415780801732186e-20
23646	1.0	2.356883918717984e-29
23647	1.0	3.0996277534443436e-101
23648	1.0	2.5843e-319
23649	1.0	7.23208172307486e-116
23650	1.0	4.9670414578368286e-179
23651	1.0	9.786976774065434e-17
23652	1.0	2.2260748949297872e-139
23653	1.0	3.930743398534996e-194
23654	1.0	2.3606166460370677e-28
23655	1.0	1.4000961289343535e-62
23656	1.0	4.289246175432402e-265
23657	1.0	0.0
23658	1.0	6.198878825688403e-56
23659	1.0	1.1115642615913253e-21
23660	1.0	2.1815464617726043e-150
23661	1.0	8.401840505241832e-65
23662	1.0	1.299673099371214e-47
23663	1.0	1.5272649197756564e-47
23664	0.9999999999986589	1.3411885185739852e-12
23665	1.0	1.8858977801293004e-171
23666	1.0	0.0
23667	1.0	1.2118417772216438e-24
23668	1.0	2.0289443758559462e-42
23669	1.0	3.251904601504183e-306
23671	1.0	1.158188744612042e-29
23672	1.0	1.4367540983604878e-36
23673	1.0	1.4171396428460054e-22
23674	1.0	0.0
23675	1.0	4.295680255896703e-19
23676	1.0	0.0
23677	1.0	4.7277301974167344e-86
23678	1.0	0.0
23679	1.0	5.179881119337448e-213
23680	1.0	0.0
23681	1.0	3.0467916692262167e-57
23682	0.9999999999992455	7.544480587474699e-13
23683	0.99999999999973	2.699440148543093e-13
23684	0.9999999999999136	8.645754171325187e-14
23685	0.9999999706250522	2.9374947850605646e-08
23686	0.9999982098372807	1.7901627192722692e-06
23687	1.0	5.470021216673528e-83
23688	0.9999999978962484	2.1037515055207163e-09
23689	1.0	2.16250533995646e-77
23690	1.0	0.0
23691	1.0	1.5658070906255165e-80
23692	0.9999999996931854	3.0681449728731416e-10
23693	1.0	1.4985290640732752e-34
23694	0.9999928663069915	7.133693008508853e-06
23695	1.0	0.0
23696	0.999985272538613	1.4727461386915578e-05
23697	0.9999999999999396	6.039657212745637e-14
23698	0.9999999926898497	7.310150257122912e-09
23699	0.0003351035210928095	0.9996648964789071
23701	1.0	0.0
23702	1.0	0.0
23703	0.3831416089077488	0.6168583910922513
23704	0.9962945577631909	0.0037054422368091797
23705	0.999999958746382	4.125361800925005e-08
23706	0.9999998567154548	1.4328454531964958e-07
23707	0.798956113798523	0.201043886201477
23708	0.999999999999716	2.840494923404923e-13
23709	0.9999988106637093	1.1893362907440118e-06
23710	1.0	1.0220881043010754e-22
23711	0.3772672568846025	0.6227327431153975
23712	1.0	5.622740646283237e-30
23713	1.0	2.5590322789280532e-130
23714	1.0	1.6605453592130208e-39
23715	1.0	2.5958253985248547e-247
23716	0.9998899569477969	0.00011004305220312868
23717	0.9999999999999944	5.550549057074192e-15
23718	0.9999999999999845	1.5581623821535716e-14
23719	0.9614122754510446	0.0385877245489554
23720	1.0	2.9882087851784413e-36
23721	1.0	4.047622184705081e-21
23722	1.0	2.320830760743554e-62
23723	1.0	8.177357746605094e-217
23724	1.0	1.5789390962984777e-261
23725	1.0	4.024328394859807e-18
23726	1.0	0.0
23727	0.9999999999999998	2.511328702248426e-16
23728	1.0	5.3097370375505205e-61
23729	1.0	2.8478385247237655e-49
23731	1.0	0.0
23732	1.0	2.636656878758268e-58
23733	0.9994881199635224	0.000511880036477576
23734	1.0	8.261376243788357e-32
23735	1.0	8.65000058691707e-276
23736	1.0	0.0
23737	1.0	1.0364289962353572e-67
23738	1.0	4.0605973316060535e-87
23739	1.0	1.707596878081301e-32
23740	1.0	6.750505500690648e-107
23741	1.0	4.7315924756112146e-42
23742	1.0	1.965393e-318
23743	1.0	1.4561233404031747e-193
23744	1.0	1.0050056922456391e-20
23745	1.0	2.1673792635770966e-289
23746	0.9999999999597955	4.020452176913054e-11
23747	1.0	1.978445834930464e-279
23748	1.0	1.2379287712631704e-19
23749	1.0	0.0
23750	1.0	0.0
23751	1.0	7.822063003931998e-100
23752	1.0	0.0
23753	1.0	0.0
23754	1.0	1.0948438277043971e-76
23755	6.840559722981051e-28	1.0
23756	1.0	0.0
23757	1.0	0.0
23758	1.0	1.0263800176781761e-36
23759	1.0	0.0
23761	1.0	1.7311010851939577e-42
23762	1.0	0.0
23763	1.0	3.0755553774102737e-24
23764	1.0	0.0
23765	1.0	0.0
23766	1.0	2.1382024719867388e-88
23767	1.0	0.0
23768	1.0	2.440689075823576e-264
23769	1.0	4.97804035261786e-43
23770	1.0	1.269793587598261e-60
23771	1.0	4.837744261723833e-33
23772	0.9999999999998512	1.4887927880568407e-13
23773	1.0	1.9966948112486613e-114
23774	0.008628864597739101	0.991371135402261
23775	1.0	0.0
23776	1.0	1.5131840186670478e-47
23777	1.0	0.0
23778	0.9999526514606214	4.734853937858689e-05
23779	1.0	2.213643223205834e-244
23780	1.0	2.1879549615970922e-60
23781	1.0	1.435860672919771e-45
23782	1.0	1.3883535104873204e-39
23783	1.0	3.4244731305677515e-59
23784	1.0	4.775596883798544e-99
23785	1.0	1.236003600505786e-79
23786	1.0	2.8292690658579432e-258
23787	1.0	0.0
23788	0.9999999999977112	2.2888459104931338e-12
23789	1.0	4.568544869151914e-48
23791	1.0	3.6877387211107e-62
23792	0.9999460252495281	5.3974750471819585e-05
23793	1.0	0.0
23794	1.0	1.600108333741356e-67
23795	1.0	1.9112221514167588e-149
23796	1.0	6.699932684875049e-88
23797	1.0	8.366072142449382e-123
23798	1.0	2.2511033813409023e-89
23799	1.0	0.0
23800	1.0	0.0
23801	1.0	1.2442872485372786e-90
23802	1.0	1.1449059669913754e-38
23803	1.0	0.0
23804	1.0	3.4658203554247117e-29
23805	0.9999999999715299	2.8470087128523855e-11
23806	1.0	4.7346192328473624e-272
23807	1.0	2.2218145249919465e-68
23808	1.0	4.3899736358334064e-220
23809	1.0	4.0173571953945385e-135
23810	1.0	1.2041790233960501e-24
23811	1.0	1.0068021237282303e-87
23812	1.0	3.0037983978739526e-114
23813	1.0	2.1879549615970922e-60
23814	0.9411018415964928	0.05889815840350732
23815	1.0	2.0148399649706337e-21
23816	1.0	7.322133541844984e-274
23817	1.0	3.534185284098638e-165
23818	1.0	3.3035294661815277e-75
23819	1.0	2.7510108890545884e-36
23821	1.0	0.0
23822	1.0	0.0
23823	1.0	7.064093873417698e-290
23824	1.0	2.2622473752065293e-41
23825	1.0	4.104630271631781e-176
23826	1.0	2.081569765708935e-96
23827	1.0	2.5342345843775865e-58
23828	1.0	1.560165749302039e-82
23829	1.0	0.0
23830	1.0	1.4567094919666556e-297
23831	1.0	2.866686546174668e-25
23832	1.0	1.1601937111777606e-68
23833	1.0	1.6478938178292185e-96
23834	1.0	5.0734366838015744e-77
23835	1.0	5.2128596839675895e-114
23836	1.0	2.242217598240125e-71
23837	1.0	6.8173736307e-314
23838	1.0	1.5917466095721502e-60
23839	1.0	6.042709984285988e-253
23840	1.0	1.0907970624073978e-38
23841	1.0	8.687997600050591e-77
23842	1.0	1.8840422658243798e-125
23843	1.0	6.322163264187166e-75
23844	1.0	0.0
23845	1.0	1.1799585058500738e-72
23846	1.0	2.6296089605811633e-28
23847	1.0	2.1811648925005904e-114
23848	1.0	4.968334090382626e-34
23849	1.0	6.631378178457867e-64
23851	1.0	5.0833166174553475e-102
23852	1.0	0.0
23853	1.0	0.0
23854	1.0	1.234466615975714e-46
23855	1.0	0.0
23856	1.0	1.8425404221683892e-205
23857	1.0	3.865418282139758e-133
23858	1.0	9.965834071328031e-143
23859	1.0	8.862393370744971e-91
23860	1.0	9.945598330592473e-167
23861	1.0	4.598231194637102e-77
23862	1.0	4.653593875729727e-239
23863	1.0	0.0
23864	1.0	0.0
23865	1.0	4.9434491547357175e-253
23866	1.0	3.9256358836751204e-90
23867	1.0	2.787943253524342e-23
23868	1.0	0.0
23869	1.0	0.0
23870	1.0	1.6533046078610899e-63
23871	1.0	1.1540047634684704e-48
23872	1.0	4.450833380829382e-86
23873	0.9999999997800182	2.199817040156581e-10
23874	1.0	0.0
23875	1.0	2.932239578634792e-113
23876	1.0	1.8685241155596627e-123
23877	1.0	0.0
23878	1.0	2.4467424280679116e-61
23879	1.0	1.2140195711093305e-66
23881	1.0	9.201766463369612e-49
23882	1.0	4.618328062672428e-122
23883	1.0	7.821393268571439e-284
23884	1.0	6.875402239423525e-242
23885	1.0	0.0
23886	1.0	1.12143560719095e-110
23887	1.0	1.7498713175579687e-74
23888	1.0	0.0
23889	1.0	0.0
23890	1.0	0.0
23891	1.0	2.4231855944998717e-40
23892	1.0	0.0
23893	1.0	1.2416100533540182e-31
23894	1.0	8.074332460361314e-141
23895	1.0	2.1047955272799575e-155
23896	1.0	0.0
23897	1.0	3.342292188601295e-208
23898	1.0	0.0
23899	0.9999999999999409	5.908725117780102e-14
23900	1.0	2.143910797308882e-264
23901	0.9999999999999409	5.908725117780102e-14
23902	1.0	1.86243004541259e-27
23903	1.0	8.107658464229026e-52
23904	1.0	8.107658464229026e-52
23905	1.0	5.9965511935582135e-236
23906	1.0	5.9965511935582135e-236
23907	1.0	7.629174374977688e-182
23908	1.0	2.3458045088391557e-130
23909	1.0	1.3521444497898729e-208
23911	1.0	7.515582640166291e-32
23912	1.0	7.515582640166291e-32
23913	1.0	1.6804746123898118e-49
23914	1.0	1.6804746123898118e-49
23915	1.0	4.248284277080811e-154
23916	1.0	1.8505933246458532e-47
23917	1.0	1.565488152547227e-151
23918	1.0	9.371806226270155e-92
23919	1.0	1.3056198467954034e-68
23920	1.0	2.8823535436272527e-145
23921	1.0	2.7421129048654657e-208
23922	1.0	3.0782410588624225e-57
23923	1.0	1.3303839746421957e-63
23924	1.0	1.3303839746421957e-63
23925	1.0	8.15063610203461e-35
23926	0.999999999999998	1.9080059854926984e-15
23927	1.0	2.983121000981663e-59
23928	1.0	6.628530141172215e-34
23929	1.0	0.0
23930	1.0	0.0
23931	1.0	8.64083237432305e-147
23932	1.0	8.10036050260806e-286
23933	1.0	3.8653150672875484e-48
23934	1.0	0.0
23935	1.0	3.8653150672875484e-48
23936	1.0	0.0
23937	1.0	0.0
23938	1.0	0.0
23939	1.0	0.0
23941	1.0	1.0080111416149008e-269
23942	1.0	2.6557754452473997e-115
23943	1.0	2.6557754452473997e-115
23944	1.0	0.0
23945	1.0	0.0
23946	1.0	0.0
23947	1.0	0.0
23948	1.0	0.0
23949	1.0	0.0
23950	1.0	0.0
23951	1.0	0.0
23952	1.0	0.0
23953	1.0	0.0
23954	1.0	7.831240479905159e-127
23955	1.0	3.047351799164257e-57
23956	1.0	5.492077434502832e-218
23957	1.0	5.492077434502832e-218
23958	1.0	2.648690816223859e-106
23959	1.0	9.687761564979608e-189
23960	1.0	9.687761564979608e-189
23961	1.0	1.1276920081135946e-32
23962	1.0	2.4602858784540083e-45
23963	1.0	1.1276920081135946e-32
23964	1.0	2.4602858784540083e-45
23965	1.0	1.6610230648488705e-32
23966	1.0	1.6610230648488705e-32
23967	1.0	0.0
23968	1.0	0.0
23969	1.0	0.0
23971	1.0	0.0
23972	1.0	0.0
23973	1.0	0.0
23974	1.0	0.0
23975	1.0	2.598825163302181e-27
23976	1.0	2.598825163302181e-27
23977	1.0	2.2765262937488054e-159
23978	1.0	2.2765262937488054e-159
23979	1.0	3.7261045176410885e-88
23980	1.0	0.0
23981	1.0	2.375829155449526e-61
23982	1.0	0.0
23983	1.0	2.3916895709472026e-24
23984	1.0	0.0
23985	1.0	0.0
23986	1.0	8.817871855429152e-26
23987	1.0	0.0
23988	1.0	3.9525162559399245e-61
23989	1.0	3.9525162559399245e-61
23990	1.0	5.0505176762349245e-210
23991	1.0	1.465993420365951e-30
23992	1.0	1.465993420365951e-30
23993	1.0	4.146791647641424e-93
23994	1.0	6.807517741229264e-73
23995	1.0	6.807517741229264e-73
23996	1.0	1.0870594884636173e-167
23997	1.0	7.786228225641392e-120
23998	1.0	1.0870594884636173e-167
23999	1.0	4.9520380200178e-310
24001	1.0	3.371598918314612e-67
24002	1.0	6.319878716843988e-111
24003	1.0	4.7021351126273404e-26
24004	1.0	2.7073979303717656e-108
24005	1.0	2.7073979303717656e-108
24006	1.0	0.0
24007	1.0	1.9719733645970237e-21
24008	1.0	1.9719733645970237e-21
24009	1.0	4.1525924781784186e-213
24010	1.0	4.1525924781784186e-213
24011	1.0	3.731511045478724e-77
24012	1.0	3.731511045478724e-77
24013	1.0	4.103313068818403e-71
24014	1.0	5.655440501266537e-50
24015	1.0	2.5614295410672043e-49
24016	1.0	1.0344523845519385e-164
24017	1.0	2.8835556588741597e-35
24018	1.0	1.0068805383028317e-223
24019	1.0	2.8835556588741597e-35
24020	1.0	1.5510431919572479e-62
24021	1.0	1.5510431919572479e-62
24022	1.0	0.0
24023	1.0	1.0068805383028317e-223
24024	1.0	0.0
24025	1.0	0.0
24026	1.0	1.0488396787891916e-181
24027	1.0	1.0488396787891916e-181
24028	1.0	1.811820429595738e-103
24029	1.0	1.811820429595738e-103
24031	1.0	1.875468754715609e-32
24032	1.0	3.731511045478724e-77
24033	1.0	3.731511045478724e-77
24034	1.0	1.2115970273499416e-149
24035	1.0	2.9863097944561493e-85
24036	1.0	5.542734340059841e-127
24037	1.0	1.465993420365951e-30
24038	1.0	1.139302100879564e-78
24039	1.0	0.0
24040	1.0	5.501959550998932e-114
24041	1.0329889329018019e-60	1.0
24042	1.5064998381955947e-68	1.0
24043	6.419736337888228e-14	0.9999999999999358
24044	1.822972847529501e-07	0.9999998177027153
24045	0.0	1.0
24046	2.7908196024498437e-98	1.0
24047	0.0	1.0
24048	0.0	1.0
24049	0.0	1.0
24050	0.0	1.0
24051	3.0072655229866328e-83	1.0
24052	0.0	1.0
24053	0.0	1.0
24054	0.0	1.0
24055	6.2210811702203715e-93	1.0
24056	4.097787346549094e-135	1.0
24057	6.602726493609312e-67	1.0
24058	3.6911247333507466e-49	1.0
24059	2.38231450468272e-27	1.0
24061	2.8177204246166788e-92	1.0
24062	2.945889725810717e-56	1.0
24063	1.3091778361702427e-118	1.0
24064	1.9998526206497568e-286	1.0
24065	1.0281135364802162e-86	1.0
24066	1.1212262615598986e-88	1.0
24067	2.38231450468272e-27	1.0
24068	2.159983695344878e-109	1.0
24069	2.3912111781797914e-109	1.0
24070	7.448424269436332e-123	1.0
24071	0.0	1.0
24072	2.4218674190062505e-48	1.0
24073	6.123884906284124e-73	1.0
24074	1.7632463388880552e-168	1.0
24075	8.699841583582622e-94	1.0
24076	9.165213468572232e-22	1.0
24077	1.3683998444067585e-26	1.0
24078	1.485519460751137e-106	1.0
24079	5.256786131701219e-218	1.0
24080	1.8490584484693214e-22	1.0
24081	7.449882302829387e-283	1.0
24082	1.1420655933596852e-53	1.0
24083	1.2881681241462478e-71	1.0
24084	3.293997203990751e-158	1.0
24085	2.9789720654143256e-66	1.0
24086	1.5659961974902787e-203	1.0
24087	3.851969854812772e-295	1.0
24088	0.9698454999938476	0.030154500006152333
24089	1.706985599439414e-58	1.0
24091	1.180679214147967e-118	1.0
24092	0.0	1.0
24093	5.235322416375522e-85	1.0
24094	0.0	1.0
24095	8.486242542217103e-170	1.0
24096	8.568828112791855e-195	1.0
24097	2.5457780780563913e-204	1.0
24098	1.6099246591190178e-52	1.0
24099	1.6073479871669888e-121	1.0
24100	1.1612819330984565e-09	0.999999998838718
24101	2.808381541903037e-247	1.0
24102	0.0	1.0
24103	3.805970638288743e-93	1.0
24104	6.939983656933823e-06	0.9999930600163431
24105	5.609802126867913e-222	1.0
24106	1.6829580582750113e-95	1.0
24107	8.661102255399771e-280	1.0
24108	0.0	1.0
24109	1.1862088365827072e-138	1.0
24110	2.4490465836740403e-130	1.0
24111	3.8689879318719663e-61	1.0
24112	1.3130962648829887e-39	1.0
24113	4.291908196517501e-73	1.0
24114	1.1247265533987678e-270	1.0
24115	0.0	1.0
24116	3.00253941872169e-25	1.0
24117	2.0116009362101074e-35	1.0
24118	4.738296986964e-311	1.0
24119	0.0	1.0
24121	4.04665638949914e-89	1.0
24122	0.007582940294644566	0.9924170597053554
24123	6.070497258531742e-112	1.0
24124	7.290515010080574e-180	1.0
24125	2.088074990987827e-85	1.0
24126	1.383535159097879e-274	1.0
24127	1.481586834640379e-102	1.0
24128	0.0	1.0
24129	2.7918421713961497e-38	1.0
24130	4.882711327465058e-54	1.0
24131	4.5754843684581004e-33	1.0
24132	1.9128764325986573e-86	1.0
24133	1.6917503055405974e-162	1.0
24134	9.724632829465279e-185	1.0
24135	7.708242618402295e-185	1.0
24136	2.2007466704902993e-115	1.0
24137	0.0	1.0
24138	0.0	1.0
24139	1.1463477760905886e-53	1.0
24140	1.6715570706209877e-89	1.0
24141	1.5833083903015394e-174	1.0
24142	0.0	1.0
24143	1.3254931645788208e-140	1.0
24144	1.0170044804249098e-174	1.0
24145	3.023193344482001e-153	1.0
24146	2.3927931842753035e-86	1.0
24147	1.8231472283106753e-66	1.0
24148	1.9122737435030125e-140	1.0
24149	5.950562981621946e-103	1.0
24151	6.859487814948758e-26	1.0
24152	7.433370145824978e-93	1.0
24153	6.642307034959823e-101	1.0
24154	9.428660733675823e-100	1.0
24155	2.1079161597838126e-57	1.0
24156	1.7745873957107435e-138	1.0
24157	2.795921383188931e-60	1.0
24158	3.5676851896323977e-103	1.0
24159	1.5286826696411628e-102	1.0
24160	4.789290066894794e-71	1.0
24161	8.001971907965417e-83	1.0
24162	3.667078895766944e-102	1.0
24163	5.829594087320014e-113	1.0
24164	1.7467601366073931e-121	1.0
24165	7.294071461991857e-39	1.0
24166	1.1933509369418718e-144	1.0
24167	0.0	1.0
24168	1.888232460609352e-133	1.0
24169	8.061651386296833e-209	1.0
24170	4.127859778993469e-82	1.0
24171	1.4871930628600878e-54	1.0
24172	3.3524139272403094e-56	1.0
24173	0.0	1.0
24174	7.313675309890567e-48	1.0
24175	1.9433055339724898e-88	1.0
24176	1.6594173315642028e-122	1.0
24177	8.146484997249628e-72	1.0
24178	7.687253479344594e-80	1.0
24179	1.3554320161714538e-29	1.0
24181	2.382932757231876e-156	1.0
24182	9.669614734166197e-48	1.0
24183	1.154840924828815e-10	0.9999999998845159
24184	1.5939361108326768e-217	1.0
24185	6.769863284228391e-114	1.0
24186	4.336276837035834e-115	1.0
24187	1.3740782707946753e-99	1.0
24188	1.17640425248554e-25	1.0
24189	1.7028960490797292e-240	1.0
24190	0.0	1.0
24191	2.3017240407192264e-73	1.0
24192	1.1549298000888493e-32	1.0
24193	0.0	1.0
24194	8.935642662979354e-36	1.0
24195	1.8936921651621347e-31	1.0
24196	8.095677170969787e-91	1.0
24197	5.237313791072989e-63	1.0
24198	1.0709894794192244e-43	1.0
24199	1.2610037396435642e-119	1.0
24200	5.208214532773602e-46	1.0
24201	6.385065337099145e-232	1.0
24202	9.550139110258618e-117	1.0
24203	3.669477012216564e-34	1.0
24204	6.873331442834548e-77	1.0
24205	5.975302683418631e-50	1.0
24206	1.1346931315672955e-88	1.0
24207	0.0	1.0
24208	6.250616514215094e-124	1.0
24209	1.1057426534053725e-192	1.0
24211	2.597061881781178e-21	1.0
24212	7.000326953705608e-41	1.0
24213	1.6292066837687206e-232	1.0
24214	3.0755117031249273e-156	1.0
24215	3.554672079164972e-120	1.0
24216	5.122619535736129e-78	1.0
24217	4.888294161557895e-191	1.0
24218	2.0622364341478428e-272	1.0
24219	0.0	1.0
24220	5.388755357276614e-202	1.0
24221	2.483418915348134e-130	1.0
24222	1.7557610347154592e-103	1.0
24223	3.1785438768996322e-273	1.0
24224	1.3733822020043127e-51	1.0
24225	2.1948866653348786e-22	1.0
24226	7.435543997921193e-13	0.9999999999992564
24227	3.176667177492528e-85	1.0
24228	2.625627631727599e-140	1.0
24229	0.0	1.0
24230	9.164441923779975e-77	1.0
24231	9.121727506384188e-102	1.0
24232	0.0	1.0
24233	1.2357938225743663e-173	1.0
24234	1.807377108214423e-105	1.0
24235	1.0231142147887702e-236	1.0
24236	8.912267045802346e-17	1.0
24237	1.593264028384167e-92	1.0
24238	1.3726615641469468e-106	1.0
24239	1.4589544468189494e-220	1.0
24241	1.554959040440599e-95	1.0
24242	2.8089622617125185e-18	1.0
24243	0.0	1.0
24244	4.657210364781765e-107	1.0
24245	2.2730478851735416e-36	1.0
24246	1.1528161909648071e-175	1.0
24247	3.4191903317550926e-62	1.0
24248	5.8439913e-317	1.0
24249	9.929875770665928e-84	1.0
24250	1.653939546392347e-130	1.0
24251	9.129049507136759e-161	1.0
24252	3.50024373220016e-53	1.0
24253	4.050729270437564e-68	1.0
24254	8.792243386828198e-61	1.0
24255	4.3687640651426585e-102	1.0
24256	1.9274485656897458e-63	1.0
24257	0.0	1.0
24258	1.7250683966666086e-142	1.0
24259	2.0169229278958792e-184	1.0
24260	8.414939406705436e-36	1.0
24261	3.936530622693762e-36	1.0
24262	1.2371187374111515e-179	1.0
24263	0.0	1.0
24264	4.36643404471092e-190	1.0
24265	9.571935506212596e-151	1.0
24266	4.126516331894485e-11	0.9999999999587348
24267	0.0	1.0
24268	0.0	1.0
24269	1.9596365720501447e-161	1.0
24271	9.087925247208777e-131	1.0
24272	6.2387809413614715e-83	1.0
24273	1.5160452619864882e-60	1.0
24274	0.0	1.0
24275	1.0705402521078549e-92	1.0
24276	6.293429067104031e-55	1.0
24277	1.4138230152204996e-100	1.0
24278	4.947340876909815e-203	1.0
24279	1.0238815295244402e-45	1.0
24280	1.2060123294159033e-90	1.0
24281	2.1575998015708316e-143	1.0
24282	4.461338405024322e-239	1.0
24283	3.6865850738009064e-164	1.0
24284	2.0837357832617653e-11	0.9999999999791627
24285	1.92894965953446e-28	1.0
24286	7.208256281695489e-144	1.0
24287	8.317115048951394e-67	1.0
24288	8.881848494768395e-95	1.0
24289	2.5443824738737723e-168	1.0
24290	4.17840692443671e-93	1.0
24291	7.277167471280927e-46	1.0
24292	3.706230263269475e-101	1.0
24293	4.936980757635414e-73	1.0
24294	5.637147725480749e-58	1.0
24295	2.151017897169354e-92	1.0
24296	1.2040872600584934e-76	1.0
24297	1.8328187878488426e-163	1.0
24298	2.3663556696990376e-149	1.0
24299	1.355341441731134e-13	0.9999999999998646
24301	1.5106095509199098e-43	1.0
24302	1.3564813734098612e-65	1.0
24303	0.0	1.0
24304	0.0	1.0
24305	5.654722865522635e-130	1.0
24306	6.055919398654455e-08	0.999999939440806
24307	9.86159204612876e-141	1.0
24308	1.832888384755894e-76	1.0
24309	4.0889384706541926e-119	1.0
24310	4.6912760689658765e-122	1.0
24311	0.0	1.0
24312	1.223491047444332e-61	1.0
24313	1.6779999588573232e-239	1.0
24314	1.5129814436969432e-199	1.0
24315	0.0	1.0
24316	1.0142767375251941e-141	1.0
24317	0.0	1.0
24318	3.649022062402684e-110	1.0
24319	1.0685557703201121e-116	1.0
24320	4.386657021218447e-193	1.0
24321	7.771698127330265e-97	1.0
24322	1.8769031315206983e-114	1.0
24323	6.062524925918284e-213	1.0
24324	7.034682494725209e-135	1.0
24325	1.2102263516097832e-56	1.0
24326	1.0852703773355743e-188	1.0
24327	1.0235296089777076e-84	1.0
24328	1.5986520693454364e-253	1.0
24329	2.0320653007767006e-108	1.0
24331	1.8647778595330613e-179	1.0
24332	3.9677565560505065e-10	0.9999999996032243
24333	6.347013943869442e-68	1.0
24334	4.7646809108023724e-26	1.0
24335	9.238528251619248e-38	1.0
24336	1.0376619580385304e-53	1.0
24337	1.778841108021291e-79	1.0
24338	1.5097542746447414e-71	1.0
24339	2.6426226008504794e-32	1.0
24340	2.9350355208673106e-60	1.0
24341	1.8908541044280493e-214	1.0
24342	1.3956176850495613e-72	1.0
24343	3.4996445814088476e-154	1.0
24344	7.648759016461489e-60	1.0
24345	1.0914515522060393e-88	1.0
24346	1.603709814180298e-132	1.0
24347	1.316674900344806e-172	1.0
24348	4.235626026547345e-306	1.0
24349	0.0	1.0
24350	1.6530107413181905e-121	1.0
24351	5.446406294077927e-20	1.0
24352	3.9162074486471805e-293	1.0
24353	0.0	1.0
24354	0.0	1.0
24355	9.962267877617104e-84	1.0
24356	7.010718687934094e-144	1.0
24357	4.395021470997115e-78	1.0
24358	1.0902886064461301e-125	1.0
24359	7.069758933305704e-145	1.0
24361	8.39148429057825e-38	1.0
24362	7.61373294702613e-80	1.0
24363	3.1071168384061475e-11	0.9999999999689289
24364	4.085753880839036e-202	1.0
24365	0.0	1.0
24366	1.3768194350969543e-47	1.0
24367	1.263263666999451e-219	1.0
24368	7.59476366826795e-270	1.0
24369	2.598248307821102e-82	1.0
24370	6.741175355687172e-81	1.0
24371	4.992492361550488e-146	1.0
24372	1.9941116269012185e-88	1.0
24373	1.5089957170271829e-90	1.0
24374	0.018956320701651923	0.9810436792983481
24375	7.114201507649468e-297	1.0
24376	3.494864972730367e-81	1.0
24377	1.3640328793311002e-103	1.0
24378	0.0	1.0
24379	2.1171228157904324e-202	1.0
24380	3.943948264455086e-181	1.0
24381	5.7043036882081545e-106	1.0
24382	9.882267750462238e-193	1.0
24383	6.082634778413348e-23	1.0
24384	2.79627952435783e-149	1.0
24385	0.0	1.0
24386	3.601679895004813e-108	1.0
24387	1.0671119689969898e-87	1.0
24388	1.5189310921688124e-235	1.0
24389	8.612572466746198e-23	1.0
24391	2.7434705781921236e-180	1.0
24392	2.7477293975482103e-47	1.0
24393	2.568e-320	1.0
24394	3.157758772809239e-42	1.0
24395	3.043074898455959e-71	1.0
24396	2.6149668284694944e-74	1.0
24397	1.5629524469797766e-187	1.0
24398	3.926787685280902e-182	1.0
24399	5.767950660530859e-72	1.0
24400	4.978018701822875e-205	1.0
24401	9.032948290282918e-99	1.0
24402	4.973491519910531e-125	1.0
24403	1.6671816372230107e-96	1.0
24404	0.0	1.0
24405	4.224195705388621e-270	1.0
24406	1.5807704450840814e-303	1.0
24407	2.7119620514418804e-80	1.0
24408	7.23228324899656e-32	1.0
24409	2.96766808692451e-190	1.0
24410	2.245122584610566e-154	1.0
24411	1.1458123223365279e-94	1.0
24412	2.002765281164187e-75	1.0
24413	6.866437866761086e-26	1.0
24414	7.727637756349687e-54	1.0
24415	1.1483442136083645e-75	1.0
24416	1.6639717794472637e-83	1.0
24417	1.3662903024824648e-80	1.0
24418	0.0	1.0
24419	2.7784667618133746e-121	1.0
24421	7.218820035867883e-111	1.0
24422	6.696342105285731e-82	1.0
24423	4.972938580306806e-129	1.0
24424	2.238780305885993e-118	1.0
24425	2.1063300297796158e-71	1.0
24426	5.4413386693688576e-33	1.0
24427	0.0	1.0
24428	5.710652479308622e-142	1.0
24429	2.0478505991289475e-213	1.0
24430	8.508772682436979e-240	1.0
24431	2.0244173036133393e-50	1.0
24432	2.50244381133603e-97	1.0
24433	0.0	1.0
24434	0.0	1.0
24435	4.626950710419599e-116	1.0
24436	2.940386682255666e-109	1.0
24437	5.195257836711446e-164	1.0
24438	2.691240708325001e-175	1.0
24439	3.4523572410903603e-125	1.0
24440	4.051004629687752e-67	1.0
24441	6.228006741899464e-175	1.0
24442	3.7931544207611346e-180	1.0
24443	6.395287271510633e-54	1.0
24444	8.451740852229427e-42	1.0
24445	6.0010225955790944e-229	1.0
24446	6.262028174676647e-162	1.0
24447	9.664169158086041e-63	1.0
24448	9.987370494751174e-70	1.0
24449	0.0	1.0
24451	2.1391210713428152e-91	1.0
24452	4.125361865880578e-80	1.0
24453	1.5802617898626813e-65	1.0
24454	5.917688408392412e-61	1.0
24455	1.2301501627373132e-159	1.0
24456	8.860046085070977e-40	1.0
24457	2.550499379732233e-78	1.0
24458	1.5731367364913108e-116	1.0
24459	8.656075547306083e-70	1.0
24460	1.9927972563102246e-62	1.0
24461	2.176860631908091e-151	1.0
24462	2.0269581506801833e-140	1.0
24463	1.2063106827681156e-36	1.0
24464	1.9085688443286008e-57	1.0
24465	3.143944315641872e-83	1.0
24466	0.0	1.0
24467	3.1626659211000496e-174	1.0
24468	2.247029957983386e-65	1.0
24469	0.0	1.0
24470	0.0	1.0
24471	4.795236252925033e-124	1.0
24472	2.0899343739722173e-120	1.0
24473	4.0802399314967015e-88	1.0
24474	1.5088196040740594e-153	1.0
24475	1.018336715289414e-241	1.0
24476	8.949727517264108e-194	1.0
24477	2.0470760354520333e-205	1.0
24478	9.966360612382119e-93	1.0
24479	6.709922486311769e-66	1.0
24481	9.749296037764267e-105	1.0
24482	5.539460832957034e-68	1.0
24483	1.5865360454834024e-49	1.0
24484	1.2557969179820177e-269	1.0
24485	1.9573223845968074e-88	1.0
24486	5.4268288506477715e-115	1.0
24487	6.073100341500121e-73	1.0
24488	1.5321275239146454e-119	1.0
24489	5.518827547254316e-89	1.0
24490	9.350136396019838e-138	1.0
24491	4.652616235605966e-136	1.0
24492	2.4331016e-316	1.0
24493	2.881200558707183e-165	1.0
24494	7.61517683022633e-99	1.0
24495	9.39722427526726e-88	1.0
24496	1.3914356432836384e-64	1.0
24497	5.539668371842168e-77	1.0
24498	5.156048227196865e-53	1.0
24499	9.015245618385377e-228	1.0
24500	1.3977330036347931e-106	1.0
24501	3.117464272150728e-160	1.0
24502	0.0	1.0
24503	2.9443910420074064e-200	1.0
24504	1.1071283783511835e-120	1.0
24505	3.005364324660663e-40	1.0
24506	1.1153546206911894e-229	1.0
24507	2.8270351776695787e-122	1.0
24508	2.0387595203500614e-196	1.0
24509	2.8965397621581413e-184	1.0
24511	0.0	1.0
24512	0.0	1.0
24513	9.575623002743408e-281	1.0
24514	5.492235534827929e-43	1.0
24515	8.316863965199023e-262	1.0
24516	5.989735814276615e-107	1.0
24517	1.320977026543262e-187	1.0
24518	1.1259099542179924e-116	1.0
24519	5.931940565570627e-127	1.0
24520	4.612690729489184e-139	1.0
24521	3.7340844917057443e-125	1.0
24522	2.409232437332431e-111	1.0
24523	1.638796582379404e-197	1.0
24524	4.01643126256799e-91	1.0
24525	7.839733265268119e-70	1.0
24526	0.0	1.0
24527	0.0	1.0
24528	1.062699196199675e-177	1.0
24529	2.1071131228113175e-97	1.0
24530	4.9864500212830886e-104	1.0
24531	4.4693577593758525e-236	1.0
24532	0.0	1.0
24533	0.0	1.0
24534	2.7243317601855557e-307	1.0
24535	4.895432620046217e-131	1.0
24536	2.731877084864643e-66	1.0
24537	3.7938270270280194e-274	1.0
24538	0.0	1.0
24539	2.419498523583461e-142	1.0
24541	1.6828939529465317e-111	1.0
24542	8.212703901502237e-99	1.0
24543	2.0284129412950953e-89	1.0
24544	2.100285417323513e-85	1.0
24545	3.4289411493213893e-133	1.0
24546	8.926630861760084e-145	1.0
24547	8.361802093701247e-61	1.0
24548	4.2034411219358766e-55	1.0
24549	2.213879605588376e-139	1.0
24550	0.0	1.0
24551	4.755316380750364e-245	1.0
24552	3.6257753404736345e-257	1.0
24553	0.0	1.0
24554	4.985701349574814e-142	1.0
24555	0.0	1.0
24556	2.4719683906088876e-111	1.0
24557	5.378187278902969e-13	0.9999999999994622
24558	2.3837342100552404e-303	1.0
24559	0.0	1.0
24560	2.3623122301507948e-194	1.0
24561	0.0	1.0
24562	1.1744146937197287e-88	1.0
24563	1.81582346e-316	1.0
24564	0.0	1.0
24565	5.63739425085365e-167	1.0
24566	7.50869131032848e-89	1.0
24567	2.302736802358422e-76	1.0
24568	3.960995664859242e-68	1.0
24569	3.1292618838553e-157	1.0
24571	0.0	1.0
24572	1.6374979529188497e-68	1.0
24573	5.980240446536473e-189	1.0
24574	3.5758720803632352e-71	1.0
24575	3.451815524328819e-123	1.0
24576	0.0	1.0
24577	6.861268482897162e-123	1.0
24578	2.764978667450635e-152	1.0
24579	1.4638510874378118e-142	1.0
24580	1.1372019928674296e-58	1.0
24581	2.627820777135354e-159	1.0
24582	6.879882060084174e-164	1.0
24583	2.7077726597573514e-158	1.0
24584	8.84837067201067e-306	1.0
24585	0.20681338055934975	0.7931866194406503
24586	1.518370633107908e-243	1.0
24587	2.5902363537362565e-152	1.0
24588	0.0	1.0
24589	0.0	1.0
24590	5.167370895776598e-66	1.0
24591	7.976776818429432e-188	1.0
24592	3.602394891038697e-58	1.0
24593	1.4411136953145757e-64	1.0
24594	0.0	1.0
24595	3.24085266028794e-238	1.0
24596	1.2459113262648063e-305	1.0
24597	2.461943973906846e-168	1.0
24598	2.3761677403347683e-26	1.0
24599	3.8040514408955025e-141	1.0
24601	1.6964865421878925e-90	1.0
24602	5.7551584766629264e-95	1.0
24603	2.912624152165449e-102	1.0
24604	2.084992358865637e-143	1.0
24605	1.770138044357224e-194	1.0
24606	1.278750084682492e-48	1.0
24607	2.1966592006520734e-103	1.0
24608	1.5972844463450351e-156	1.0
24609	8.173690030787132e-53	1.0
24610	0.0	1.0
24611	4.416171147962853e-61	1.0
24612	4.217868505825531e-108	1.0
24613	1.0	1.0070884311126554e-43
24614	2.429096794889217e-34	1.0
24615	1.9553892606908855e-165	1.0
24616	4.379932773503938e-180	1.0
24617	9.880853669225895e-204	1.0
24618	4.7393501006017145e-89	1.0
24619	1.0372615927478472e-191	1.0
24620	0.0	1.0
24621	2.770683806689601e-170	1.0
24622	2.4186052702229092e-105	1.0
24623	5.290412641331203e-88	1.0
24624	2.9019219750603816e-100	1.0
24625	1.5760846146580618e-115	1.0
24626	1.3494080328254594e-75	1.0
24627	1.7283819941495078e-90	1.0
24628	3.860586224397652e-141	1.0
24629	5.141290765499051e-110	1.0
24631	9.543972280558252e-125	1.0
24632	8.73887989433063e-103	1.0
24633	4.942476207243523e-16	0.9999999999999996
24634	1.914537189652395e-86	1.0
24635	0.0	1.0
24636	5.4003350148855835e-139	1.0
24637	6.971255301854468e-109	1.0
24638	3.177724867447775e-148	1.0
24639	7.131610320122198e-88	1.0
24640	4.6484895956255985e-153	1.0
24641	1.79548e-318	1.0
24642	2.1026327422577815e-35	1.0
24643	2.7326907843399066e-126	1.0
24644	3.30957954301537e-107	1.0
24645	3.7732766537598136e-210	1.0
24646	3.5361832368684286e-99	1.0
24647	2.050741603467555e-82	1.0
24648	3.536932495826546e-102	1.0
24649	1.9115329063390442e-26	1.0
24650	7.187998617610958e-134	1.0
24651	5.978689999001445e-102	1.0
24652	3.51611652809178e-135	1.0
24653	1.978927413842624e-51	1.0
24654	8.724087129709569e-191	1.0
24655	8.488828941747728e-19	1.0
24656	1.2542237732728001e-229	1.0
24657	6.4043358194132e-170	1.0
24658	5.587018614138206e-68	1.0
24659	4.096237129298664e-36	1.0
24661	1.6219130053528058e-106	1.0
24662	1.4590673471869699e-183	1.0
24663	2.4988926654215164e-62	1.0
24664	5.935011546843949e-87	1.0
24665	8.06296271466923e-74	1.0
24666	6.476319827194083e-20	1.0
24667	0.0	1.0
24668	6.667566321498375e-65	1.0
24669	4.5036716973518956e-167	1.0
24670	6.924721059109962e-159	1.0
24671	0.0	1.0
24672	2.988658192136061e-19	1.0
24673	9.05282455813769e-23	1.0
24674	1.3081739981753142e-11	0.9999999999869182
24675	1.8804057857733788e-98	1.0
24676	2.80579924214533e-129	1.0
24677	0.0	1.0
24678	1.030670375026966e-172	1.0
24679	1.0955196764225424e-79	1.0
24680	1.2283309935614348e-80	1.0
24681	8.453668908102633e-124	1.0
24682	3.8872182828463776e-25	1.0
24683	0.0	1.0
24684	8.920796194781668e-73	1.0
24685	1.9647236522272378e-284	1.0
24686	9.056110665075573e-137	1.0
24687	0.0	1.0
24688	7.593231018795274e-93	1.0
24689	4.369241698784272e-110	1.0
24691	3.682660649858261e-17	1.0
24692	4.7743240544717477e-79	1.0
24693	7.382898482088766e-73	1.0
24694	0.0	1.0
24695	3.1626659211000496e-174	1.0
24696	2.4871985656569595e-141	1.0
24697	3.782534389202001e-51	1.0
24698	3.717783052585588e-131	1.0
24699	1.489142794668147e-112	1.0
24700	1.0621540681937858e-75	1.0
24701	4.552231739677961e-104	1.0
24702	6.655799872020392e-58	1.0
24703	3.518862351524899e-49	1.0
24704	4.004620205531109e-79	1.0
24705	4.085405612817545e-201	1.0
24706	1.7688923011945096e-70	1.0
24707	4.178741103783979e-155	1.0
24708	8.906831620335126e-175	1.0
24709	3.342344538674005e-24	1.0
24710	2.0753691365364297e-64	1.0
24711	2.813331206391627e-77	1.0
24712	0.0	1.0
24713	5.674567034795904e-28	1.0
24714	6.739046920744807e-120	1.0
24715	2.248784293084236e-127	1.0
24716	3.479564760298982e-194	1.0
24717	1.342636235191016e-35	1.0
24718	5.98859755731427e-79	1.0
24719	3.5012092613680004e-26	1.0
24721	7.183530893677267e-120	1.0
24722	1.7878481872237346e-257	1.0
24723	1.626056781964786e-41	1.0
24724	3.671619264655823e-44	1.0
24725	5.259715876258772e-50	1.0
24726	2.0513402476353203e-161	1.0
24727	5.972595231016559e-82	1.0
24728	2.452959205942763e-42	1.0
24729	2.558087808721602e-100	1.0
24730	2.448734458927256e-158	1.0
24731	8.525876050755593e-109	1.0
24732	3.457548480412929e-109	1.0
24733	4.7062575259795194e-101	1.0
24734	1.9994588021097747e-105	1.0
24735	6.32885461616e-312	1.0
24736	5.186589752593325e-203	1.0
24737	5.620592378698913e-62	1.0
24738	4.862734231947672e-68	1.0
24739	5.8458698248394264e-64	1.0
24740	9.638360793080346e-118	1.0
24741	2.546961167275027e-159	1.0
24742	1.6461538071702884e-98	1.0
24743	1.507464449175597e-67	1.0
24744	1.766438024352007e-115	1.0
24745	1.5584776720443894e-69	1.0
24746	7.064076406658365e-217	1.0
24747	6.263660010876022e-132	1.0
24748	3.0995032610534133e-112	1.0
24749	1.5967694234746162e-120	1.0
24751	0.0	1.0
24752	6.653985193076109e-104	1.0
24753	8.474869635780952e-150	1.0
24754	5.391509829739412e-71	1.0
24755	4.377736455267213e-90	1.0
24756	7.04560289884124e-203	1.0
24757	4.4805319102197445e-36	1.0
24758	9.493592415496062e-79	1.0
24759	3.23729807991182e-101	1.0
24760	6.708014295494223e-76	1.0
24761	1.1827991515697503e-63	1.0
24762	3.1251043507817764e-78	1.0
24763	0.0	1.0
24764	0.0	1.0
24765	5.627451202287674e-17	1.0
24766	0.0	1.0
24767	6.19281452849609e-86	1.0
24768	1.8599119383106003e-148	1.0
24769	2.9635204457919677e-54	1.0
24770	7.214016682702744e-22	1.0
24771	8.906287095025528e-264	1.0
24772	6.478848482112651e-117	1.0
24773	8.682477713470382e-137	1.0
24774	3.1010490979221913e-94	1.0
24775	6.182576285790481e-250	1.0
24776	7.071215630077454e-13	0.9999999999992928
24777	1.6129738006258008e-49	1.0
24778	1.2657613946310003e-91	1.0
24779	3.711662388982188e-142	1.0
24781	2.3611245937216447e-265	1.0
24782	0.0	1.0
24783	1.2717148560112876e-26	1.0
24784	2.4489022843804637e-88	1.0
24785	4.297587220674654e-205	1.0
24786	2.387773509170774e-44	1.0
24787	0.0	1.0
24788	0.0	1.0
24789	1.037447361061802e-70	1.0
24790	2.2086328631767713e-292	1.0
24791	1.7512332522414036e-125	1.0
24792	8.7124997280253e-191	1.0
24793	9.251780068273927e-27	1.0
24794	1.0573273978046246e-101	1.0
24795	1.92665971712889e-103	1.0
24796	2.6845736836998426e-59	1.0
24797	0.0	1.0
24798	7.780409475649357e-164	1.0
24799	5.993653850208852e-151	1.0
24800	6.895238111139903e-221	1.0
24801	2.4238345248007128e-28	1.0
24802	1.317936995399182e-42	1.0
24803	6.063732770720862e-109	1.0
24804	6.127343359629081e-144	1.0
24805	2.7702024141743484e-151	1.0
24806	1.8442177711214712e-167	1.0
24807	2.5982435203746063e-66	1.0
24808	5.039144620210971e-40	1.0
24809	5.620497408336603e-197	1.0
24811	7.423502919510054e-30	1.0
24812	0.02386086885102492	0.9761391311489751
24813	7.608846128791795e-228	1.0
24814	1.3411355459049098e-69	1.0
24815	1.79451317731506e-131	1.0
24816	3.3916271328907614e-71	1.0
24817	2.4024847604561074e-33	1.0
24818	2.5758153172995627e-180	1.0
24819	8.772724310604868e-150	1.0
24820	0.0	1.0
24821	0.0	1.0
24822	5.478216836016959e-132	1.0
24823	1.5525208592068623e-103	1.0
24824	8.412864944897316e-12	0.9999999999915872
24825	2.4288508466918076e-40	1.0
24826	6.078922801830656e-112	1.0
24827	3.5779097685944375e-120	1.0
24828	2.276809803598957e-192	1.0
24829	4.554584215215992e-25	1.0
24830	1.1026183904249478e-215	1.0
24831	8.470888737157214e-90	1.0
24832	4.392077766068506e-288	1.0
24833	7.842716844075509e-145	1.0
24834	3.889329824322592e-94	1.0
24835	7.109315540268973e-96	1.0
24836	1.1644431609151233e-57	1.0
24837	2.9060403957972215e-124	1.0
24838	8.542423509325112e-110	1.0
24839	2.218294493552879e-117	1.0
24841	4.261074723008559e-119	1.0
24842	2.1878864063390757e-111	1.0
24843	0.0	1.0
24844	8.65e-321	1.0
24845	0.0	1.0
24846	1.896463674628764e-217	1.0
24847	2.586974139031935e-107	1.0
24848	0.0	1.0
24849	2.569473899361815e-68	1.0
24850	5.78086056996083e-35	1.0
24851	2.929494774546241e-192	1.0
24852	1.7113532734454288e-119	1.0
24853	4.125263949848194e-95	1.0
24854	8.947398493615695e-231	1.0
24855	4.524250810942081e-159	1.0
24856	0.0	1.0
24857	5.139327863710645e-99	1.0
24858	0.0	1.0
24859	0.0	1.0
24860	7.425813579758802e-99	1.0
24861	0.0	1.0
24862	9.719582009511527e-209	1.0
24863	2.114101228567423e-119	1.0
24864	0.0	1.0
24865	1.3261655508501635e-111	1.0
24866	3.076073745960435e-254	1.0
24867	1.8682916794276498e-80	1.0
24868	0.0	1.0
24869	2.5185556234691024e-95	1.0
24871	9.484100312456565e-91	1.0
24872	1.6512784070985108e-181	1.0
24873	5.914069836496052e-125	1.0
24874	8.132183145829637e-65	1.0
24875	0.0	1.0
24876	2.236366751467557e-292	1.0
24877	1.860082112098967e-101	1.0
24878	0.0	1.0
24879	1.4759059191604632e-55	1.0
24880	2.16270363626672e-200	1.0
24881	8.687710736214486e-34	1.0
24882	1.5655540927379404e-212	1.0
24883	7.750251972779742e-32	1.0
24884	2.663993957889625e-172	1.0
24885	3.5670211118188173e-13	0.9999999999996434
24886	1.7301516957270695e-222	1.0
24887	1.6121140541425476e-203	1.0
24888	1.456018085153394e-104	1.0
24889	1.100939150912537e-117	1.0
24890	7.9674714081218895e-143	1.0
24891	1.892985809849029e-27	1.0
24892	7.73723388036136e-33	1.0
24893	7.059888572847551e-211	1.0
24894	1.2030891192275147e-142	1.0
24895	1.949455252568819e-61	1.0
24896	6.599865523482437e-113	1.0
24897	9.112582551563646e-71	1.0
24898	1.1386832580626682e-197	1.0
24899	5.660169985181457e-196	1.0
24901	1.729266298048024e-108	1.0
24902	7.07379705717383e-263	1.0
24903	0.0	1.0
24904	1.7487471346396183e-14	0.9999999999999825
24905	1.0136795334219617e-229	1.0
24906	0.0	1.0
24907	2.1478123250644256e-149	1.0
24908	1.6411911427085312e-85	1.0
24909	1.2907956286567686e-110	1.0
24910	0.0	1.0
24911	3.1761920256294794e-21	1.0
24912	2.0952748047752891e-44	1.0
24913	2.641883088860878e-45	1.0
24914	2.3567572375469444e-66	1.0
24915	1.6507173922416312e-183	1.0
24916	2.1357341396230236e-15	0.9999999999999978
24917	0.0	1.0
24918	1.390815073467033e-193	1.0
24919	1.3060303542722919e-185	1.0
24920	2.2466487329521326e-300	1.0
24921	1.0144860901816425e-241	1.0
24922	1.1372719534311864e-18	1.0
24923	7.564215523569086e-240	1.0
24924	0.0	1.0
24925	1.7947783174313672e-71	1.0
24926	7.04999911388203e-123	1.0
24927	0.0	1.0
24928	0.0	1.0
24929	5.734467578781407e-174	1.0
24931	7.27151224003031e-92	1.0
24932	3.0531725082610055e-155	1.0
24933	9.855775728228729e-132	1.0
24934	2.2420039759725134e-226	1.0
24935	1.2388671767464233e-89	1.0
24936	2.021526959536401e-102	1.0
24937	4.0620300194456313e-22	1.0
24938	5.300476979403921e-54	1.0
24939	3.444699678090013e-106	1.0
24940	1.0554952634611812e-169	1.0
24941	6.665966134714966e-67	1.0
24942	3.894219104074469e-129	1.0
24943	2.922086913045908e-87	1.0
24944	9.80378450492394e-171	1.0
24945	3.7770361342376616e-94	1.0
24946	3.264773997474433e-255	1.0
24947	7.552603742409658e-296	1.0
24948	5.324672378940157e-176	1.0
24949	1.0174512691775972e-61	1.0
24950	4.432304185179501e-150	1.0
24951	1.913845996229021e-246	1.0
24952	1.357107881098403e-115	1.0
24953	0.0	1.0
24954	1.3030034471585658e-90	1.0
24955	1.2788683108763672e-81	1.0
24956	3.5425392036519424e-101	1.0
24957	1.6754355495023225e-268	1.0
24958	2.979520952125834e-146	1.0
24959	4.0453043101577574e-92	1.0
24961	4.2825848527023846e-246	1.0
24962	1.0077969833138334e-88	1.0
24963	7.964780832319485e-235	1.0
24964	0.0	1.0
24965	3.8310821127555095e-19	1.0
24966	3.78410861550961e-71	1.0
24967	2.457598676077532e-156	1.0
24968	1.2003456028492381e-64	1.0
24969	3.6099700492527133e-181	1.0
24970	6.068037129049851e-162	1.0
24971	3.4134875783924017e-202	1.0
24972	6.091414655108283e-95	1.0
24973	3.767791545110731e-70	1.0
24974	2.3711554966084817e-185	1.0
24975	0.0	1.0
24976	3.617887379500851e-280	1.0
24977	9.744192122561029e-70	1.0
24978	8.2354031381959e-104	1.0
24979	1.7433089501136834e-71	1.0
24980	1.4329744831810894e-149	1.0
24981	1.7293646203045238e-125	1.0
24982	0.0	1.0
24983	1.9202934210660701e-38	1.0
24984	1.1047036829147848e-133	1.0
24985	6.404879598509166e-205	1.0
24986	4.5382772702546744e-184	1.0
24987	2.705377464661068e-116	1.0
24988	4.574408620945865e-166	1.0
24989	2.017771388743363e-186	1.0
24991	5.040647508297013e-53	1.0
24992	1.2416697561664333e-63	1.0
24993	1.254714476802207e-77	1.0
24994	1.2889323163180967e-146	1.0
24995	0.0	1.0
24996	3.4767087438430597e-97	1.0
24997	1.8756801369247754e-138	1.0
24998	2.1033421053617258e-61	1.0
24999	1.8344004601815975e-88	1.0
25000	8.553326154724524e-169	1.0
25001	3.004915969627699e-97	1.0
25002	4.346025348148625e-296	1.0
25003	0.0	1.0
25004	4.059248451813483e-31	1.0
25005	3.8326785953081277e-54	1.0
25006	0.0	1.0
25007	5.355993627562835e-28	1.0
25008	2.633521671474194e-100	1.0
25009	2.8217366713696594e-05	0.9999717826332865
25010	5.590388788175343e-197	1.0
25011	2.7744264134891183e-114	1.0
25012	7.863283039441245e-171	1.0
25013	4.11191760392656e-136	1.0
25014	9.426880620024755e-292	1.0
25015	9.025129548602881e-36	1.0
25016	0.0	1.0
25017	4.470888117966046e-67	1.0
25018	2.5765649576967743e-194	1.0
25019	1.2395336161387787e-29	1.0
25021	1.0264363845640069e-49	1.0
25022	3.524240102257753e-129	1.0
25023	0.0	1.0
25024	1.2749650590163329e-290	1.0
25025	1.352794589538388e-58	1.0
25026	7.026812050313773e-175	1.0
25027	1.5076208819429788e-177	1.0
25028	5.03828343051348e-06	0.9999949617165694
25029	9.082716357914827e-36	1.0
25030	0.0	1.0
25031	0.0	1.0
25032	0.0	1.0
25033	0.0	1.0
25034	1.628255733472148e-51	1.0
25035	1.0608178970186363e-114	1.0
25036	0.0	1.0
25037	0.0	1.0
25038	0.0	1.0
25039	0.0	1.0
25040	1.1959490813867858e-113	1.0
25041	0.0	1.0
25042	0.0	1.0
25043	0.0	1.0
25044	5.693384337136342e-58	1.0
25045	0.0	1.0
25046	1.0712126816407352e-60	1.0
25047	0.0	1.0
25048	0.0	1.0
25049	0.0	1.0
25051	0.0	1.0
25052	0.0	1.0
25053	0.0	1.0
25054	0.0	1.0
25055	0.0	1.0
25056	7.076639539086189e-153	1.0
25057	0.0	1.0
25058	0.0	1.0
25059	0.0	1.0
25060	0.0	1.0
25061	0.0	1.0
25062	0.0	1.0
25063	6.127440027705602e-26	1.0
25064	3.7290951317629715e-171	1.0
25065	1.4349923833144325e-23	1.0
25066	0.0	1.0
25067	0.0	1.0
25068	0.0	1.0
25069	0.0	1.0
25070	1.2217780855989855e-34	1.0
25071	0.0	1.0
25072	6.876570150183289e-145	1.0
25073	0.0	1.0
25074	0.0	1.0
25075	0.0	1.0
25076	0.0	1.0
25077	3.476693154433794e-72	1.0
25078	3.4165467947527514e-75	1.0
25079	1.5226278049163266e-29	1.0
25081	0.0	1.0
25082	1.2646303593664854e-33	1.0
25083	1.857999003232462e-16	0.9999999999999998
25084	1.0483093680056865e-118	1.0
25085	8.3040067578123e-59	1.0
25086	3.572875787372991e-114	1.0
25087	1.6188365527983751e-137	1.0
25088	9.933165287092832e-17	1.0
25089	2.387815884784558e-128	1.0
25090	4.842802826055938e-115	1.0
25091	5.976700237041202e-250	1.0
25092	8.576955207138287e-141	1.0
25093	4.676812452315636e-107	1.0
25094	2.0255886903375254e-57	1.0
25095	4.2844387086708365e-89	1.0
25096	1.1844396627564053e-64	1.0
25097	1.3592777126454154e-135	1.0
25098	4.7022226615001e-61	1.0
25099	1.7544265236420808e-74	1.0
25100	6.879454794700722e-43	1.0
25101	6.879454794700722e-43	1.0
25102	8.002719037943371e-191	1.0
25103	1.6533850769667977e-71	1.0
25104	5.1234873640075875e-95	1.0
25105	2.4607813549692445e-63	1.0
25106	1.0103871842253661e-125	1.0
25107	2.559249568045913e-95	1.0
25108	3.594724511033824e-219	1.0
25109	0.0	1.0
25111	1.2104092814845008e-95	1.0
25112	6.733118323422753e-41	1.0
25113	1.4989363145654373e-95	1.0
25114	1.3369027442428793e-156	1.0
25115	1.0478647825903353e-161	1.0
25116	1.142242614303557e-41	1.0
25117	1.142242614303557e-41	1.0
25118	0.0	1.0
25119	6.199113754026892e-34	1.0
25120	1.2087846808407778e-187	1.0
25121	1.0253692281880331e-86	1.0
25122	0.0	1.0
25123	6.797160636358825e-85	1.0
25124	5.801189564416602e-71	1.0
25125	2.792581137986385e-32	1.0
25126	5.4165097766442664e-173	1.0
25127	7.613313797365318e-113	1.0
25128	0.0	1.0
25129	0.0	1.0
25130	3.052735179637779e-210	1.0
25131	1.1616927721594242e-48	1.0
25132	7.930607134446604e-183	1.0
25133	1.3294463346942163e-45	1.0
25134	0.0	1.0
25135	1.2356337545968392e-53	1.0
25136	9.271258715689446e-290	1.0
25137	9.680776638829713e-69	1.0
25138	1.0724314677601936e-114	1.0
25139	9.39458036635639e-174	1.0
25141	1.0718334809984905e-185	1.0
25142	2.568457317534119e-119	1.0
25143	0.0	1.0
25144	2.7782161127211476e-84	1.0
25145	2.4887241522813363e-89	1.0
25146	6.289352706639488e-140	1.0
25147	6.152960612934546e-140	1.0
25148	2.034676532038031e-34	1.0
25149	2.034676532038031e-34	1.0
25150	5.736042891611139e-140	1.0
25151	5.8171615450626505e-303	1.0
25152	7.332363942331176e-132	1.0
25153	1.0417759945022356e-120	1.0
25154	1.0584759828673887e-76	1.0
25155	0.0	1.0
25156	9.987150251611964e-130	1.0
25157	5.6563100790597775e-30	1.0
25158	6.70869915921619e-293	1.0
25159	1.2262773964732998e-180	1.0
25160	1.463082785326276e-107	1.0
25161	2.4341735406963567e-42	1.0
25162	7.777327504764883e-30	1.0
25163	0.0	1.0
25164	2.6500964002779023e-248	1.0
25165	5.088502874426128e-65	1.0
25166	0.0	1.0
25167	1.69108173904747e-58	1.0
25168	2.712197054048117e-20	1.0
25169	1.9606464604989317e-39	1.0
25171	1.5034401585542619e-172	1.0
25172	0.0	1.0
25173	8.652988812163546e-136	1.0
25174	4.038549124719393e-212	1.0
25175	7.715078855336885e-190	1.0
25176	2.893037783048877e-171	1.0
25177	2.0681604174279682e-172	1.0
25178	3.827758093288705e-92	1.0
25179	2.4053969107079102e-172	1.0
25180	3.221903505930507e-173	1.0
25181	5.2420895811676294e-282	1.0
25182	1.3386003809058841e-180	1.0
25183	7.272336979152219e-168	1.0
25184	1.5523017126566273e-167	1.0
25185	1.1215366601808227e-210	1.0
25186	4.472291054572484e-30	1.0
25187	3.798038541831428e-179	1.0
25188	1.1521276800900814e-204	1.0
25189	1.8334237852488149e-109	1.0
25190	5.405447363187054e-116	1.0
25191	6.633737321209707e-203	1.0
25192	4.794112241516109e-99	1.0
25193	9.410491810747962e-66	1.0
25194	4.941125801787538e-26	1.0
25195	4.634446550400096e-181	1.0
25196	9.858206902673198e-180	1.0
25197	4.990370157796154e-219	1.0
25198	3.0946485461578475e-135	1.0
25199	1.6425583560432895e-43	1.0
25201	3.3851197019687114e-139	1.0
25202	0.0	1.0
25203	1.5064937295236863e-107	1.0
25204	0.0	1.0
25205	5.0664511008518505e-34	1.0
25206	6.15656073537551e-43	1.0
25207	9.557845176983968e-75	1.0
25208	9.061404030358877e-185	1.0
25209	1.9855875407426594e-97	1.0
25210	1.6635718016881966e-207	1.0
25211	0.0	1.0
25212	3.3301157683567172e-192	1.0
25213	5.863313729320473e-184	1.0
25214	4.563126144307796e-125	1.0
25215	3.313661428297354e-129	1.0
25216	1.6783980747676398e-186	1.0
25217	0.25708945567600355	0.7429105443239965
25218	9.047423624034811e-178	1.0
25219	1.136391190743363e-52	1.0
25220	1.457939338985339e-135	1.0
25221	8.077702516490919e-120	1.0
25222	2.5459116006064905e-181	1.0
25223	0.0	1.0
25224	1.5523017126552155e-167	1.0
25225	1.4518250221088041e-15	0.9999999999999984
25226	2.1478548791975487e-169	1.0
25227	2.781837439748106e-36	1.0
25228	2.5325856945150166e-100	1.0
25229	2.169690635325876e-211	1.0
25231	2.1879672345074738e-131	1.0
25232	1.951497466614186e-96	1.0
25233	2.5165177993335796e-39	1.0
25234	1.25109516667022e-122	1.0
25235	2.0621212038233224e-124	1.0
25236	7.289532669273561e-113	1.0
25237	1.0419505757980114e-91	1.0
25238	6.330899004566127e-125	1.0
25239	2.882965579159417e-200	1.0
25240	1.5016261603169698e-196	1.0
25241	1.9502971998621086e-35	1.0
25242	1.7208592677819458e-126	1.0
25243	4.167753719262438e-202	1.0
25244	8.401822872664706e-40	1.0
25245	1.1316511665196849e-87	1.0
25246	2.4364374524615433e-194	1.0
25247	1.3616712325032996e-294	1.0
25248	3.681734228549368e-70	1.0
25249	2.182991510664599e-177	1.0
25250	3.919745223308911e-130	1.0
25251	0.0	1.0
25252	8.503945812839827e-121	1.0
25253	7.629115968637262e-65	1.0
25254	3.4216033237056966e-214	1.0
25255	5.071026991585411e-37	1.0
25256	1.7512756219625222e-125	1.0
25257	7.45433811470117e-55	1.0
25258	8.017796239305651e-160	1.0
25259	1.6656369457328945e-162	1.0
25261	2.01238619891782e-88	1.0
25262	7.217607469195219e-52	1.0
25263	0.0	1.0
25264	7.881951263755916e-53	1.0
25265	1.5243746162168274e-32	1.0
25266	1.3367081142442719e-158	1.0
25267	1.7047884956387958e-166	1.0
25268	0.0	1.0
25269	7.1202045619074575e-106	1.0
25270	2.140341858160132e-158	1.0
25271	2.421411199599277e-165	1.0
25272	2.3956203544268377e-86	1.0
25273	1.7156745156698354e-162	1.0
25274	9.41827106062871e-100	1.0
25275	7.245188592533303e-212	1.0
25276	8.652210181819314e-103	1.0
25277	1.9726986010260054e-91	1.0
25278	2.155299200997887e-174	1.0
25279	7.558691580975569e-197	1.0
25280	2.3927333853538787e-165	1.0
25281	0.0	1.0
25282	2.5985102589380272e-98	1.0
25283	7.243972216212591e-99	1.0
25284	0.0	1.0
25285	1.1902418953454748e-47	1.0
25286	4.639028312501021e-06	0.9999953609716875
25287	3.4836839339437495e-25	1.0
25288	3.4836839339437495e-25	1.0
25289	9.098976823298897e-114	1.0
25291	1.7891787701343067e-53	1.0
25292	5.388910576092235e-206	1.0
25293	9.049063103118418e-166	1.0
25294	3.4881345891022643e-296	1.0
25295	4.752596848212895e-91	1.0
25296	8.79490315674169e-172	1.0
25297	0.0	1.0
25298	1.420223940511262e-94	1.0
25299	9.112821917161971e-119	1.0
25300	0.0	1.0
25301	0.0	1.0
25302	0.0	1.0
25303	4.325470391173767e-61	1.0
25304	4.1522686162912546e-98	1.0
25305	1.5936634934371503e-43	1.0
25306	7.218373810209202e-50	1.0
25307	9.537836142031064e-157	1.0
25308	1.877304129707575e-160	1.0
25309	0.0	1.0
25310	6.90743813115127e-99	1.0
25311	5.710939071769288e-28	1.0
25312	4.943199689508235e-63	1.0
25313	5.3804752031810436e-27	1.0
25314	5.3804752031810436e-27	1.0
25315	1.4825816425079599e-56	1.0
25316	7.35879584122605e-43	1.0
25317	3.270575929433828e-43	1.0
25318	2.1387774252479274e-50	1.0
25319	8.53411912904205e-15	0.9999999999999916
25321	7.675818732730956e-14	0.9999999999999232
25322	6.809278158050797e-203	1.0
25323	4.3719480192882294e-26	1.0
25324	5.985622297482638e-185	1.0
25325	3.859576059838211e-109	1.0
25326	3.680299953305913e-100	1.0
25327	8.968166450485845e-180	1.0
25328	6.663542077927195e-101	1.0
25329	3.985641667951612e-135	1.0
25330	3.243454820971734e-123	1.0
25331	7.077499294303216e-117	1.0
25332	1.1053797558678313e-185	1.0
25333	7.956280384333002e-179	1.0
25334	7.479837572824963e-167	1.0
25335	1.6523779849217405e-130	1.0
25336	6.613781304234231e-205	1.0
25337	3.423203196569721e-49	1.0
25338	6.819287588978104e-78	1.0
25339	3.7336813918230106e-51	1.0
25340	9.690879692173907e-112	1.0
25341	1.902455450801028e-171	1.0
25342	1.4919927097728302e-209	1.0
25343	0.0	1.0
25344	0.0	1.0
25345	9.692859751568187e-60	1.0
25346	0.0	1.0
25347	0.0	1.0
25348	3.172407149383956e-88	1.0
25349	3.3749392243925576e-73	1.0
25351	2.6445850966390445e-110	1.0
25352	4.0821076731005565e-55	1.0
25353	8.423873722857681e-185	1.0
25354	0.0	1.0
25355	0.0	1.0
25356	4.5985690515333114e-89	1.0
25357	4.3531270273143e-114	1.0
25358	1.2456874400104455e-81	1.0
25359	0.0	1.0
25360	1.5650443025461358e-119	1.0
25361	4.941713915238621e-212	1.0
25362	2.754376258727273e-184	1.0
25363	3.770985650578199e-134	1.0
25364	0.0	1.0
25365	0.0	1.0
25366	0.0	1.0
25367	1.6706877076169054e-147	1.0
25368	2.6019144076239076e-202	1.0
25369	3.1234734604216624e-36	1.0
25370	2.0745441322370947e-95	1.0
25371	4.7263486142635447e-209	1.0
25372	4.5719237119807626e-116	1.0
25373	2.4189662901991885e-121	1.0
25374	1.528097763326731e-206	1.0
25375	0.0	1.0
25376	1.0466261853052652e-215	1.0
25377	3.0064723472604516e-210	1.0
25378	5.9165753024886726e-92	1.0
25379	1.0423697102513028e-210	1.0
25381	0.0	1.0
25382	1.2116587311303262e-104	1.0
25383	7.330966199770062e-187	1.0
25384	1.721066420142751e-52	1.0
25385	1.5453533145984514e-182	1.0
25386	2.229947858029702e-31	1.0
25387	2.600893097999843e-212	1.0
25388	7.75711745093998e-93	1.0
25389	4.51826613234441e-87	1.0
25390	4.17687106751851e-217	1.0
25391	7.588866381836818e-83	1.0
25392	1.2013345117890915e-141	1.0
25393	1.0817107060378213e-108	1.0
25394	5.1359738140622006e-211	1.0
25395	9.076700492218446e-198	1.0
25396	1.3669892319382626e-99	1.0
25397	1.8085700733480984e-216	1.0
25398	8.308661685961352e-49	1.0
25399	8.748154532225253e-94	1.0
25400	2.7592033218645115e-110	1.0
25401	7.862345289377183e-37	1.0
25402	2.793208627331115e-108	1.0
25403	1.6936330939346123e-266	1.0
25404	2.303184372836196e-100	1.0
25405	7.851588399554829e-09	0.9999999921484116
25406	1.1535231161656932e-55	1.0
25407	3.0968667157960213e-121	1.0
25408	3.562448693484568e-225	1.0
25409	2.0403366575863316e-145	1.0
25411	4.497167268452399e-92	1.0
25412	5.569559013705525e-92	1.0
25413	2.5835709704857134e-143	1.0
25414	1.1475409877343495e-290	1.0
25415	2.811979077362187e-116	1.0
25416	1.2987617690887308e-67	1.0
25417	2.7804244894214856e-243	1.0
25418	1.230992036093608e-103	1.0
25419	4.576332905712563e-155	1.0
25420	1.113142680361565e-41	1.0
25421	0.0	1.0
25422	0.0	1.0
25423	6.83843700679787e-168	1.0
25424	0.0	1.0
25425	3.786266770812154e-217	1.0
25426	0.0	1.0
25427	9.944759670201955e-46	1.0
25428	1.229269046567233e-58	1.0
25429	2.8621725682004477e-137	1.0
25430	7.765397271538894e-186	1.0
25431	3.1368095270066244e-181	1.0
25432	3.5882801732484064e-33	1.0
25433	2.2836782678559567e-81	1.0
25434	9.861811788773885e-124	1.0
25435	1.0412223361270268e-120	1.0
25436	4.304100308936463e-135	1.0
25437	1.1627782673690264e-210	1.0
25438	2.5965296906219653e-244	1.0
25439	4.728058241012702e-185	1.0
25441	1.045893083473812e-121	1.0
25442	1.132818864116924e-132	1.0
25443	2.6281308008179056e-61	1.0
25444	1.9767819283489227e-166	1.0
25445	1.501025414875215e-98	1.0
25446	3.6079343681214638e-124	1.0
25447	2.296105267774585e-115	1.0
25448	1.782280901401372e-96	1.0
25449	0.0	1.0
25450	1.912385676644376e-117	1.0
25451	1.6840924270856088e-37	1.0
25452	6.855210234617872e-105	1.0
25453	2.0587223625655363e-57	1.0
25454	3.809635598444256e-194	1.0
25455	1.2422120914599545e-43	1.0
25456	5.520942628710328e-44	1.0
25457	0.0	1.0
25458	1.5384286590614517e-16	0.9999999999999998
25459	1.5384286590614517e-16	0.9999999999999998
25460	4.919037087133714e-33	1.0
25461	1.4064515860432287e-88	1.0
25462	0.0	1.0
25463	3.847961297609094e-222	1.0
25464	1.3930834813323322e-80	1.0
25465	2.8222686172579626e-91	1.0
25466	7.34413290871603e-160	1.0
25467	9.319727756718935e-183	1.0
25468	8.931033595248256e-10	0.9999999991068966
25469	1.817955306981046e-05	0.9999818204469303
25471	0.8474112153837422	0.15258878461625783
25472	4.0620105069377197e-103	1.0
25473	5.0189215635178606e-204	1.0
25474	3.718738423927058e-122	1.0
25475	3.938255572240966e-179	1.0
25476	8.690059615140939e-52	1.0
25477	1.9654487165931015e-199	1.0
25478	1.0708883364328538e-182	1.0
25479	2.7583322449326908e-67	1.0
25480	4.9722227344240055e-208	1.0
25481	4.600704649316072e-95	1.0
25482	0.0	1.0
25483	2.0967267403172766e-49	1.0
25484	7.545782960220038e-201	1.0
25485	1.0530373352272884e-81	1.0
25486	0.0	1.0
25487	6.834568544311166e-98	1.0
25488	9.442832988668327e-283	1.0
25489	1.705693202282599e-89	1.0
25490	7.504579865548278e-179	1.0
25491	1.425476388769737e-115	1.0
25492	8.142723407514287e-135	1.0
25493	3.4023722162855966e-249	1.0
25494	4.297492970010962e-215	1.0
25495	2.7153199122113e-169	1.0
25496	3.462412062608696e-297	1.0
25497	3.3005536080986367e-57	1.0
25498	2.7344239632226996e-130	1.0
25499	2.1151086681910503e-107	1.0
25501	0.0	1.0
25502	5.311685626686149e-121	1.0
25503	8.989464099224972e-139	1.0
25504	8.67490688670833e-179	1.0
25505	7.590375738588501e-169	1.0
25506	1.926793526554951e-126	1.0
25507	2.348259962532341e-281	1.0
25508	8.820991391939911e-286	1.0
25509	7.217928062489298e-177	1.0
25510	4.4556659172883275e-282	1.0
25511	6.4820623203942894e-226	1.0
25512	2.9286315716490144e-180	1.0
25513	1.4584287449801471e-117	1.0
25514	3.4189856099644452e-133	1.0
25515	1.3838684711274894e-79	1.0
25516	3.659266196360297e-182	1.0
25517	0.0	1.0
25518	1.0933396659867846e-25	1.0
25519	1.2282987261089543e-146	1.0
25520	3.004971369786208e-180	1.0
25521	9.729591919781588e-56	1.0
25522	2.2743961072643877e-101	1.0
25523	0.0	1.0
25524	2.045397167117743e-148	1.0
25525	3.691684707366048e-52	1.0
25526	9.229096118883717e-80	1.0
25527	1.4254690173171711e-77	1.0
25528	0.0	1.0
25529	4.650439384096146e-178	1.0
25531	8.612439717583113e-182	1.0
25532	1.4756655816119118e-180	1.0
25533	1.5861786267650478e-220	1.0
25534	6.196209173172205e-206	1.0
25535	6.031053561869241e-296	1.0
25536	4.5406239282388635e-284	1.0
25537	1.5420359529755213e-68	1.0
25538	4.414156792855566e-173	1.0
25539	4.907233957408912e-105	1.0
25540	2.2723558286071278e-293	1.0
25541	5.036241995890277e-80	1.0
25542	2.65946687471944e-46	1.0
25543	3.578203808117502e-101	1.0
25544	2.9905330901019335e-180	1.0
25545	1.261283713439244e-101	1.0
25546	2.7837311844230607e-86	1.0
25547	1.7409618095542986e-208	1.0
25548	0.0	1.0
25549	1.6783713335475735e-60	1.0
25550	1.0778118098841598e-116	1.0
25551	2.046821826413619e-120	1.0
25552	4.1934195519823815e-30	1.0
25553	3.9060284984018863e-72	1.0
25554	6.03064134728226e-84	1.0
25555	1.7324682340840765e-64	1.0
25556	1.2420473455400418e-181	1.0
25557	9.642213277846462e-126	1.0
25558	2.365541026601678e-209	1.0
25559	9.868756739047397e-32	1.0
25561	8.023852001682349e-56	1.0
25562	0.0	1.0
25563	8.580364174056227e-73	1.0
25564	8.339858390863767e-89	1.0
25565	1.3112576077666964e-137	1.0
25566	1.936597226095094e-221	1.0
25567	7.096884937100177e-39	1.0
25568	1.5967991108475264e-38	1.0
25569	1.177830234094614e-120	1.0
25570	2.000758022054768e-224	1.0
25571	2.4644205844961174e-171	1.0
25572	6.011418429286638e-47	1.0
25573	1.3525691465894822e-46	1.0
25574	5.026626328998181e-107	1.0
25575	1.2086792253597644e-70	1.0
25576	3.24591862059028e-64	1.0
25577	0.03506053395770884	0.9649394660422911
25578	1.1185037362629082e-219	1.0
25579	0.0	1.0
25580	4.396145918706581e-58	1.0
25581	3.9325991525525105e-31	1.0
25582	8.683920197140929e-29	1.0
25583	1.850104924179232e-22	1.0
25584	8.870007739746458e-76	1.0
25585	0.0	1.0
25586	5.791195668055593e-20	1.0
25587	1.6914460942197253e-28	1.0
25588	9.49797272698755e-64	1.0
25589	1.179362878573833e-103	1.0
25591	8.693865693942042e-213	1.0
25592	4.220969888844953e-133	1.0
25593	8.040282694533819e-106	1.0
25594	9.053047640787303e-105	1.0
25595	0.0	1.0
25596	3.016666686241989e-138	1.0
25597	4.074095219807522e-73	1.0
25598	2.185206607707974e-172	1.0
25599	3.807194974016335e-56	1.0
25600	3.6735088379791086e-100	1.0
25601	1.2583903038017242e-161	1.0
25602	5.431890883995491e-15	0.9999999999999947
25603	1.0847326791140518e-115	1.0
25604	1.6534539385245676e-110	1.0
25605	3.5852287903352454e-44	1.0
25606	6.283280138748914e-100	1.0
25607	2.4342714708044954e-109	1.0
25608	8.620727953832588e-28	1.0
25609	8.620727953832588e-28	1.0
25610	3.769744305209981e-120	1.0
25611	1.6672892223408217e-173	1.0
25612	1.702262571622657e-290	1.0
25613	7.555607400621094e-179	1.0
25614	1.4515575122194425e-120	1.0
25615	2.563727178717214e-57	1.0
25616	6.450667936572714e-185	1.0
25617	1.1657338697942385e-40	1.0
25618	1.0118302431179448e-216	1.0
25619	1.2013651842176802e-197	1.0
25621	1.3351374251202668e-218	1.0
25622	0.0	1.0
25623	0.0	1.0
25624	8.774170857025217e-101	1.0
25625	4.9230084858820906e-119	1.0
25626	1.747687050765455e-170	1.0
25627	4.397746561183704e-95	1.0
25628	4.4060153360438176e-63	1.0
25629	2.1626735155191807e-288	1.0
25630	9.254070985255885e-139	1.0
25631	3.5138806062805524e-289	1.0
25632	9.836430903339924e-224	1.0
25633	1.1695126503499016e-142	1.0
25634	3.05613827358398e-51	1.0
25635	1.1888583426773704e-78	1.0
25636	2.4686921659167296e-206	1.0
25637	2.1523958608774333e-215	1.0
25638	3.274987743965452e-56	1.0
25639	2.275272594435558e-84	1.0
25640	1.3517120887493887e-85	1.0
25641	0.0	1.0
25642	2.7144666420362316e-57	1.0
25643	0.0	1.0
25644	5.743706940404788e-209	1.0
25645	6.646995056846852e-47	1.0
25646	0.0	1.0
25647	7.36772925216701e-65	1.0
25648	2.1040792200129187e-125	1.0
25649	0.0	1.0
25651	2.5468849128577197e-45	1.0
25652	0.0	1.0
25653	4.9782700511137026e-123	1.0
25654	6.895122475385948e-96	1.0
25655	1.842425132267856e-188	1.0
25656	1.6050526822953279e-265	1.0
25657	2.0647073752785232e-184	1.0
25658	2.347658206309759e-217	1.0
25659	3.673705942149527e-94	1.0
25660	4.2199741130491325e-111	1.0
25661	4.523739995308889e-245	1.0
25662	0.0	1.0
25663	0.0	1.0
25664	1.1856925420364998e-93	1.0
25665	0.0	1.0
25666	1.0446385155615904e-61	1.0
25667	0.0	1.0
25668	2.501381339323894e-178	1.0
25669	3.587487165837702e-149	1.0
25670	3.875985895197781e-100	1.0
25671	2.2542237759596046e-39	1.0
25672	0.0	1.0
25673	6.619957272365245e-20	1.0
25674	1.4716139039323823e-183	1.0
25675	2.683532410034431e-109	1.0
25676	0.0	1.0
25677	1.8493270057420658e-259	1.0
25678	1.4145747318107482e-216	1.0
25679	1.3818690537491927e-127	1.0
25681	8.694917146315476e-81	1.0
25682	0.0	1.0
25683	1.3447988230438245e-40	1.0
25684	0.0	1.0
25685	2.9025640743042438e-27	1.0
25686	1.7734568278288374e-33	1.0
25687	0.0	1.0
25688	2.219957803267654e-181	1.0
25689	2.4749941776490703e-45	1.0
25690	1.17483582632334e-310	1.0
25691	1.1427994019514775e-38	1.0
25692	1.1427994019514775e-38	1.0
25693	8.198095299249341e-52	1.0
25694	7.110906426933906e-48	1.0
25695	0.0	1.0
25696	5.672964873403744e-48	1.0
25697	1.0942052119706886e-115	1.0
25698	0.0	1.0
25699	3.5570728783552837e-56	1.0
25700	1.4605435002037443e-101	1.0
25701	9.076856144406795e-100	1.0
25702	5.572455728610463e-163	1.0
25703	4.949338930388156e-140	1.0
25704	4.574311743906746e-132	1.0
25705	6.712395897857495e-133	1.0
25706	2.558848508795509e-47	1.0
25707	0.0	1.0
25708	0.0	1.0
25709	2.529687047690326e-115	1.0
25711	4.2541247588039304e-106	1.0
25712	8.130463974832176e-180	1.0
25713	4.04873322666596e-108	1.0
25714	1.0961784667352677e-118	1.0
25715	1.3254736157906063e-263	1.0
25716	9.059725344281498e-191	1.0
25717	2.2314495764150253e-134	1.0
25718	1.1868544825318925e-108	1.0
25719	1.31880989835495e-164	1.0
25720	6.003315695175582e-110	1.0
25721	1.0697314455957467e-19	1.0
25722	3.264241596640493e-174	1.0
25723	7.1715651733543e-179	1.0
25724	3.730685854169188e-289	1.0
25725	1.3009605468944313e-94	1.0
25726	6.397508644653062e-156	1.0
25727	5.69213639962358e-99	1.0
25728	2.3041873161581185e-33	1.0
25729	8.525201228173522e-130	1.0
25730	1.5523017126559213e-167	1.0
25731	1.5204559160006913e-83	1.0
25732	0.0	1.0
25733	0.0	1.0
25734	0.0	1.0
25735	8.534832652858793e-92	1.0
25736	0.0	1.0
25737	0.0	1.0
25738	7.18303165609344e-249	1.0
25739	1.8681298990843729e-122	1.0
25741	5.290975614483199e-99	1.0
25742	1.5085071305219364e-169	1.0
25743	1.7564811918427367e-179	1.0
25744	1.2363601263497583e-95	1.0
25745	7.560382651105455e-133	1.0
25746	1.052106097167513e-101	1.0
25747	1.9801909482065567e-185	1.0
25748	1.3804901496355236e-180	1.0
25749	2.216368920116067e-87	1.0
25750	6.311822259590328e-56	1.0
25751	1.4510761420227817e-121	1.0
25752	0.0	1.0
25753	7.737337131365792e-87	1.0
25754	3.099638802056807e-130	1.0
25755	0.0	1.0
25756	8.568660508220209e-187	1.0
25757	1.8428023372376514e-91	1.0
25758	0.0	1.0
25759	0.0	1.0
25760	1.626068943668162e-78	1.0
25761	3.159322499636979e-74	1.0
25762	0.0	1.0
25763	1.3627888835403898e-168	1.0
25764	1.2433352212754697e-187	1.0
25765	2.5509108710551744e-135	1.0
25766	1.2775229271751893e-143	1.0
25767	1.5523017126559213e-167	1.0
25768	7.6529843204004e-76	1.0
25769	5.146921143579617e-97	1.0
25771	2.2638046053999234e-182	1.0
25772	1.2465140448097795e-108	1.0
25773	2.793694311722368e-28	1.0
25774	0.0	1.0
25775	1.2279425890125377e-36	1.0
25776	3.850188244318629e-71	1.0
25777	6.319426436387082e-56	1.0
25778	1.7444826167296379e-124	1.0
25779	3.7506153874615276e-240	1.0
25780	8.043843637510597e-210	1.0
25781	2.5938521372613927e-74	1.0
25782	0.0	1.0
25783	4.1438275779325606e-133	1.0
25784	1.193387288099759e-64	1.0
25785	3.577788896442368e-209	1.0
25786	1.0849158137278409e-175	1.0
25787	2.4275436850611432e-110	1.0
25788	8.116653385427251e-65	1.0
25789	1.0121052169807024e-72	1.0
25790	7.007516100611774e-171	1.0
25791	1.1542776958153972e-30	1.0
25792	1.1542776958153972e-30	1.0
25793	5.474094654078827e-91	1.0
25794	0.0	1.0
25795	1.1200239990542404e-90	1.0
25796	4.0228967880080724e-145	1.0
25797	3.12586696367578e-102	1.0
25798	1.691993126941276e-32	1.0
25799	1.9928884537699936e-59	1.0
25801	3.964907053975889e-191	1.0
25802	1.2023528793853944e-27	1.0
25803	2.3692960659451153e-27	1.0
25804	3.144456672258438e-105	1.0
25805	4.2201009895009496e-36	1.0
25806	5.953196779083816e-98	1.0
25807	6.154184531717945e-38	1.0
25808	9.850903561918287e-156	1.0
25809	1.330905525863044e-37	1.0
25810	3.072433334884836e-87	1.0
25811	1.1981852634034647e-172	1.0
25812	1.4028611440189815e-119	1.0
25813	0.0	1.0
25814	2.488303656416446e-186	1.0
25815	0.014634030327840719	0.9853659696721594
25816	2.4231343451336056e-113	1.0
25817	8.759345351766767e-185	1.0
25818	8.281060727702033e-119	1.0
25819	3.5988480338072645e-101	1.0
25820	3.719988382915277e-120	1.0
25821	6.90534290900166e-101	1.0
25822	9.037055147905265e-179	1.0
25823	6.821851106917008e-181	1.0
25824	0.0	1.0
25825	9.649520334441165e-169	1.0
25826	4.380111365706217e-174	1.0
25827	5.303116285062996e-170	1.0
25828	4.035575583778541e-166	1.0
25829	2.4960631838168586e-176	1.0
25831	2.2991258242681222e-180	1.0
25832	2.053193324136325e-116	1.0
25833	8.75650219166492e-55	1.0
25834	1.374200055930215e-87	1.0
25835	7.528706774597932e-83	1.0
25836	1.4467728401145595e-29	1.0
25837	3.549081976730878e-34	1.0
25838	4.499792724842354e-84	1.0
25839	1.2072743372542213e-187	1.0
25840	1.0641527255991636e-147	1.0
25841	3.8361696345231114e-135	1.0
25842	1.8801931680050542e-73	1.0
25843	1.3914679992187414e-137	1.0
25844	4.6062349526176805e-189	1.0
25845	1.3525691465894822e-46	1.0
25846	6.011418429286638e-47	1.0
25847	1.7381770000883758e-38	1.0
25848	1.0064098618788597e-124	1.0
25849	2.129398317395326e-54	1.0
25850	1.0780078981818557e-53	1.0
25851	8.263709806712595e-178	1.0
25852	2.2512536908174722e-149	1.0
25853	2.135564274357767e-181	1.0
25854	2.4195436646692132e-117	1.0
25855	1.7562212314951584e-34	1.0
25856	6.022721929989088e-39	1.0
25857	1.7400538502708392e-120	1.0
25858	4.449436651322676e-91	1.0
25859	1.2286126523592374e-22	1.0
25861	1.4197986884126253e-76	1.0
25862	7.06020063396849e-70	1.0
25863	0.0	1.0
25864	1.3999179407189363e-162	1.0
25865	6.25376132323674e-161	1.0
25866	0.0	1.0
25867	5.766367578057969e-137	1.0
25868	2.4653172925456e-154	1.0
25869	4.103025605768188e-124	1.0
25870	1.6698389340416795e-26	1.0
25871	1.5922546652559873e-172	1.0
25872	1.4102798079913303e-50	1.0
25873	1.809649824205452e-59	1.0
25874	5.793735632431968e-60	1.0
25875	0.0	1.0
25876	8.18215763959725e-34	1.0
25877	0.0	1.0
25878	4.4764282924660207e-35	1.0
25879	2.4759977302296244e-116	1.0
25880	2.4771049805591465e-55	1.0
25881	1.2774601730732316e-76	1.0
25882	3.215050986139248e-130	1.0
25883	0.0	1.0
25884	5.558514599674396e-182	1.0
25885	8.313258521674419e-108	1.0
25886	3.2835417524005723e-245	1.0
25887	7.9098734686525895e-146	1.0
25888	4.248440908156449e-34	1.0
25889	1.2989291825645649e-70	1.0
25891	2.367662368378747e-120	1.0
25892	6.706450756064963e-93	1.0
25893	0.0	1.0
25894	1.9323310646112063e-167	1.0
25895	2.738153854103729e-49	1.0
25896	1.1104954970925972e-292	1.0
25897	6.212154357710053e-45	1.0
25898	2.4471763156531894e-290	1.0
25899	1.0647295815580652e-56	1.0
25900	5.5355990169246775e-58	1.0
25901	2.924831478341748e-174	1.0
25902	0.0	1.0
25903	4.47998834679266e-61	1.0
25904	3.978835072150984e-46	1.0
25905	1.971351894632612e-53	1.0
25906	2.807759329666442e-24	1.0
25907	6.317458491749441e-24	1.0
25908	2.0662564745880994e-45	1.0
25909	1.1509467755273207e-30	1.0
25910	5.164701653675391e-142	1.0
25911	2.5313746619030752e-107	1.0
25912	2.204756466346907e-155	1.0
25913	0.0	1.0
25914	6.229191742294921e-76	1.0
25915	1.9842713794428965e-149	1.0
25916	1.944475433780849e-115	1.0
25917	2.435859217471153e-45	1.0
25918	2.998540888224415e-23	1.0
25919	1.0966023625661264e-46	1.0
25921	1.6945402027964143e-42	1.0
25922	4.690486635264113e-49	1.0
25923	3.741329677044167e-182	1.0
25924	5.202454068331156e-174	1.0
25925	2.4279559079249114e-172	1.0
25926	2.7509909953255616e-175	1.0
25927	2.39212338005663e-173	1.0
25928	0.0	1.0
25929	1.0948873741858117e-172	1.0
25930	3.1474078538614127e-299	1.0
25931	4.500187750589707e-75	1.0
25932	2.157694017673031e-183	1.0
25933	0.0	1.0
25934	1.598106220857048e-117	1.0
25935	4.1833049632879035e-05	0.9999581669503671
25936	1.748924058939697e-180	1.0
25937	1.874577071206679e-56	1.0
25938	5.540177123668575e-256	1.0
25939	1.4745562264593003e-137	1.0
25940	7.8423646402875e-175	1.0
25941	1.8801697230482806e-18	1.0
25942	1.015326532707612e-173	1.0
25943	3.4192835440229185e-58	1.0
25944	0.0	1.0
25945	1.7072556680023314e-76	1.0
25946	6.8470965163222315e-47	1.0
25947	0.0	1.0
25948	3.430806017376896e-185	1.0
25949	3.879733669840925e-36	1.0
25951	2.383868236514331e-193	1.0
25952	5.288429710506825e-23	1.0
25953	0.0	1.0
25954	3.5393862790735825e-168	1.0
25955	8.088659788203961e-08	0.999999919113402
25956	9.169329025656125e-136	1.0
25957	1.583786639279192e-183	1.0
25958	2.3350562089677837e-190	1.0
25959	9.808943403231429e-197	1.0
25960	7.803043213955586e-47	1.0
25961	3.4680192062025115e-47	1.0
25962	5.43624686849828e-133	1.0
25963	5.499006384382547e-185	1.0
25964	7.116254659041663e-116	1.0
25965	5.048884151446878e-37	1.0
25966	8.506679755664703e-107	1.0
25967	0.0	1.0
25968	2.893463680376948e-21	1.0
25969	2.096658775544901e-74	1.0
25970	8.408861418704072e-91	1.0
25971	0.0	1.0
25972	1.796114654905558e-56	1.0
25973	1.5523017126559213e-167	1.0
25974	0.0	1.0
25975	6.859714332949488e-164	1.0
25976	9.73601578986003e-105	1.0
25977	1.7434848534728797e-157	1.0
25978	0.0	1.0
25979	4.993947656931726e-47	1.0
25981	8.782152586051572e-106	1.0
25982	5.290726772367889e-94	1.0
25983	1.0	1.4841453563176156e-17
25984	3.90363187091533e-10	0.9999999996096367
25985	4.9968548160684205e-126	1.0
25986	4.4841132411667145e-35	1.0
25987	1.2958194884867613e-32	1.0
25988	1.5523017126566273e-167	1.0
25989	8.242339156122458e-32	1.0
25990	2.0853522315653594e-215	1.0
25991	3.2011453096374155e-66	1.0
25992	3.014070204797381e-28	1.0
25993	1.2002345740808342e-28	1.0
25994	2.244349905407953e-300	1.0
25995	1.8230452334001437e-92	1.0
25996	1.9516288606852505e-148	1.0
25997	0.0	1.0
25998	0.0	1.0
25999	3.1494035451009294e-125	1.0
26000	2.5398779967733367e-133	1.0
26001	0.0	1.0
26002	6.760807007845837e-58	1.0
26003	1.7654974110260557e-31	1.0
26004	0.0	1.0
26005	5.85152533725984e-166	1.0
26006	7.1462096487e-314	1.0
26007	3.569930520346734e-46	1.0
26008	3.520570102300481e-60	1.0
26009	5.979521461464267e-56	1.0
26011	0.0	1.0
26012	1.9048736014954887e-49	1.0
26013	2.6693516988572315e-44	1.0
26014	7.803043213955586e-47	1.0
26015	8.223489520028185e-50	1.0
26016	1.146941034039172e-53	1.0
26017	8.631507077902209e-128	1.0
26018	3.000268068675648e-52	1.0
26019	0.0	1.0
26020	3.4680192062025115e-47	1.0
26021	1.1869904441448109e-49	1.0
26022	4.29015337686425e-121	1.0
26023	0.0	1.0
26024	7.893659408512875e-32	1.0
26025	9.576634169939114e-108	1.0
26026	0.0	1.0
26027	3.250923596737613e-116	1.0
26028	1.4359730584850916e-115	1.0
26029	0.0	1.0
26030	4.133324223744707e-36	1.0
26031	1.5604484398749193e-60	1.0
26032	1.1718603597051886e-55	1.0
26033	4.3856981983148393e-41	1.0
26034	2.6489615437165428e-193	1.0
26035	1.6311166128767792e-48	1.0
26036	2.295973187338208e-83	1.0
26037	1.0412467835076761e-89	1.0
26038	0.0	1.0
26039	1.3790860259391065e-21	1.0
26041	3.23772449957412e-290	1.0
26042	2.3182713462250526e-183	1.0
26043	1.8914861072656143e-174	1.0
26044	4.217578199919883e-178	1.0
26045	3.501022243315648e-179	1.0
26046	7.206192645790537e-181	1.0
26047	1.4789262259769007e-289	1.0
26048	1.8986310483183793e-174	1.0
26049	4.601732525393995e-74	1.0
26050	9.473214418082188e-290	1.0
26051	4.368718854793955e-45	1.0
26052	7.487698023246735e-178	1.0
26053	6.778112763764948e-178	1.0
26054	1.1264676651960003e-22	1.0
26055	2.2764651267802306e-13	0.9999999999997724
26056	1.1837880016188458e-172	1.0
26057	8.341960990014951e-119	1.0
26058	7.272774198047351e-187	1.0
26059	4.837154328088908e-173	1.0
26060	6.209816172422581e-288	1.0
26061	0.0	1.0
26062	8.958037414033174e-174	1.0
26063	0.0	1.0
26064	3.123633582156084e-209	1.0
26065	0.0	1.0
26066	1.217143427841743e-221	1.0
26067	4.926948804381042e-222	1.0
26068	1.615116754698778e-39	1.0
26069	1.8951656648039613e-176	1.0
26071	3.3781922921210403e-193	1.0
26072	1.6919354383782016e-118	1.0
26073	3.308449633335344e-182	1.0
26074	4.949766907910525e-146	1.0
26075	1.8276967698649838e-180	1.0
26076	6.945741811557239e-95	1.0
26077	2.3883552478874714e-58	1.0
26078	6.036529764776588e-207	1.0
26079	1.2139257044546678e-212	1.0
26080	4.143589748464183e-47	1.0
26081	3.7786982731151114e-121	1.0
26082	1.3342647350207563e-206	1.0
26083	7.473396877753038e-98	1.0
26084	1.874097580019478e-33	1.0
26085	5.768785255133946e-133	1.0
26086	5.5454368992939915e-93	1.0
26087	1.8882588691392898e-53	1.0
26088	5.042640626882813e-87	1.0
26089	1.333885267153724e-181	1.0
26090	8.639816586024913e-57	1.0
26091	3.065863108064206e-113	1.0
26092	1.5523017126566273e-167	1.0
26093	0.0	1.0
26094	4.0648973811439827e-56	1.0
26095	1.1354395681638712e-217	1.0
26096	1.7995513580299976e-122	1.0
26097	1.5673451748009436e-206	1.0
26098	1.8761349008690758e-122	1.0
26099	0.0	1.0
26101	8.626886539857692e-117	1.0
26102	2.771568254717184e-216	1.0
26103	1.0044828412563742e-279	1.0
26104	7.124568638627155e-133	1.0
26105	5.04425913120831e-160	1.0
26106	0.0	1.0
26107	3.5361346834289203e-255	1.0
26108	8.297139582624725e-109	1.0
26109	2.3970078558638684e-70	1.0
26110	1.508788602993312e-90	1.0
26111	1.6263524807033625e-166	1.0
26112	2.8121259049101255e-136	1.0
26113	2.536195782037766e-148	1.0
26114	1.051829515986421e-228	1.0
26115	6.533130776480616e-218	1.0
26116	1.0870202170326584e-25	1.0
26117	3.410501517070434e-24	1.0
26118	7.633272032263841e-220	1.0
26119	0.0	1.0
26120	1.600200820939348e-29	1.0
26121	1.5829008330788798e-188	1.0
26122	3.9271060060166065e-185	1.0
26123	4.4934072215514477e-85	1.0
26124	1.4439884648592805e-97	1.0
26125	5.520942628710328e-44	1.0
26126	5.520942628710328e-44	1.0
26127	2.8003921893093232e-217	1.0
26128	2.4321662156122927e-192	1.0
26129	0.0	1.0
26131	7.992763872806314e-134	1.0
26132	2.9226534401766125e-137	1.0
26133	2.509894164899261e-35	1.0
26134	3.468019206202446e-45	1.0
26135	2.60911000645259e-125	1.0
26136	9.182626409933195e-206	1.0
26137	1.4953603074978733e-116	1.0
26138	3.3568472039283086e-113	1.0
26139	9.37707896485039e-287	1.0
26140	5.413910343516504e-102	1.0
26141	7.492263239337554e-199	1.0
26142	4.478152993131132e-23	1.0
26143	4.7337868012414694e-203	1.0
26144	1.537327542839925e-10	0.9999999998462672
26145	3.7104747163167525e-92	1.0
26146	6.870946673938946e-200	1.0
26147	1.7223193183042612e-23	1.0
26148	1.7223193183042612e-23	1.0
26149	2.5025249352135356e-33	1.0
26150	1.4969941793710952e-177	1.0
26151	0.8827438810396266	0.11725611896037347
26152	2.2337925940924394e-25	1.0
26153	3.50265740434073e-27	1.0
26154	1.2741307409184498e-24	1.0
26155	4.425750055747837e-50	1.0
26156	1.3555321775852256e-105	1.0
26157	1.709107630558056e-120	1.0
26158	1.7534164811426404e-169	1.0
26159	1.515912487279909e-32	1.0
26161	2.194280570829391e-291	1.0
26162	2.17559139301753e-174	1.0
26163	1.8165598254978385e-138	1.0
26164	4.0514755545854866e-30	1.0
26165	1.0804655603299278e-128	1.0
26166	4.910304582377497e-113	1.0
26167	6.1395622738587275e-120	1.0
26168	3.408060294034818e-114	1.0
26169	7.596247670289489e-140	1.0
26170	2.1689740158951975e-113	1.0
26171	1.4595730481053291e-173	1.0
26172	1.0261623892871017e-175	1.0
26173	9.321285346528029e-175	1.0
26174	5.039527339627444e-179	1.0
26175	1.330552019295777e-143	1.0
26176	2.02217752769527e-175	1.0
26177	5.818655350067203e-139	1.0
26178	2.650646741002315e-298	1.0
26179	3.800613820953455e-205	1.0
26180	7.337485330819217e-102	1.0
26181	3.168368985868351e-123	1.0
26182	9.454871315244433e-181	1.0
26183	3.958421400333478e-179	1.0
26184	4.078254188704562e-204	1.0
26185	8.368213215861446e-217	1.0
26186	0.0	1.0
26187	1.316655545898266e-10	0.9999999998683344
26188	8.386903975843435e-213	1.0
26189	0.0	1.0
26191	8.902063691645657e-164	1.0
26192	1.2829876729408428e-130	1.0
26193	8.660979914650042e-118	1.0
26194	4.341308470017445e-141	1.0
26195	2.5248781500622325e-189	1.0
26196	5.0885497918756995e-179	1.0
26197	6.25477144247688e-59	1.0
26198	6.8678051786473215e-124	1.0
26199	2.164106832533508e-203	1.0
26200	0.0	1.0
26201	1.1632741959085069e-199	1.0
26202	0.0	1.0
26203	0.0	1.0
26204	3.315837402259613e-68	1.0
26205	3.144811768856492e-184	1.0
26206	6.210714001529535e-16	0.9999999999999993
26207	1.856739492625531e-183	1.0
26208	3.9114850723452116e-117	1.0
26209	0.0	1.0
26210	1.9169756469475732e-167	1.0
26211	4.347781887086463e-130	1.0
26212	6.076845016862253e-100	1.0
26213	1.390600432871861e-82	1.0
26214	1.2227279468785724e-90	1.0
26215	0.0	1.0
26216	0.0	1.0
26217	0.0	1.0
26218	2.0534126518119716e-184	1.0
26219	1.2774828284030298e-84	1.0
26221	3.537587461336793e-106	1.0
26222	5.556272902465276e-54	1.0
26223	0.0	1.0
26224	4.9205452690760163e-135	1.0
26225	2.6944144908705063e-102	1.0
26226	1.9456813330122336e-193	1.0
26227	1.616283855236421e-135	1.0
26228	2.810418961836512e-53	1.0
26229	8.665618713019597e-129	1.0
26230	2.774285156941327e-39	1.0
26231	0.0	1.0
26232	2.6111132252269634e-62	1.0
26233	1.5592957606981716e-56	1.0
26234	2.8675774900939025e-119	1.0
26235	1.8285270683257052e-197	1.0
26236	8.5081429870155485e-103	1.0
26237	0.0	1.0
26238	1.949475428937751e-103	1.0
26239	0.0	1.0
26240	1.157956161896259e-152	1.0
26241	2.8666088269640655e-51	1.0
26242	9.890330433223286e-143	1.0
26243	8.754314915471095e-39	1.0
26244	2.759311499295346e-216	1.0
26245	0.0	1.0
26246	7.289166151687316e-45	1.0
26247	2.947859365655227e-122	1.0
26248	3.960181784964914e-121	1.0
26249	2.2443354209765842e-198	1.0
26251	5.328084996302399e-183	1.0
26252	1.0682954560868786e-28	1.0
26253	1.0181250066067743e-137	1.0
26254	2.2016889478636004e-141	1.0
26255	2.287555894564533e-112	1.0
26256	4.034441438501458e-28	1.0
26257	0.0	1.0
26258	2.807079882824048e-29	1.0
26259	1.3977752223326773e-57	1.0
26260	1.5244820365665606e-07	0.9999998475517963
26261	9.088806781928734e-182	1.0
26262	7.240709978385783e-27	1.0
26263	1.192521404887509e-30	1.0
26264	2.896754097575272e-99	1.0
26265	6.075457704622593e-227	1.0
26266	0.0	1.0
26267	3.441681262018133e-114	1.0
26268	3.281157552780038e-23	1.0
26269	4.424361241743518e-50	1.0
26270	2.8063400401749222e-288	1.0
26271	1.0381765970544049e-139	1.0
26272	1.2551484050993115e-127	1.0
26273	2.74619776527223e-178	1.0
26274	1.2317804682972068e-289	1.0
26275	7.091472672467395e-111	1.0
26276	2.0890096957509858e-127	1.0
26277	4.995197742914069e-127	1.0
26278	2.3051684251104673e-115	1.0
26279	5.363475506573166e-179	1.0
26281	1.068166866034574e-176	1.0
26282	5.481033656599263e-113	1.0
26283	6.124911935194882e-49	1.0
26284	3.429463919003222e-38	1.0
26285	3.4680192062025115e-47	1.0
26286	2.2226517907864527e-94	1.0
26287	6.0148946852265036e-182	1.0
26288	6.18594788237799e-37	1.0
26289	3.412167058438486e-36	1.0
26290	2.771239595066775e-178	1.0
26291	1.0466229477143076e-177	1.0
26292	3.754809066370851e-22	1.0
26293	6.508905741859718e-45	1.0
26294	1.85408209899706e-30	1.0
26295	6.7479836030997255e-25	1.0
26296	9.757684608118933e-121	1.0
26297	0.0	1.0
26298	5.789478390789206e-44	1.0
26299	4.5423543829056283e-48	1.0
26300	2.7914661241116883e-67	1.0
26301	9.051517957086102e-95	1.0
26302	1.2178227049942944e-07	0.9999998782177295
26303	2.581584105458835e-91	1.0
26304	2.573309805527838e-121	1.0
26305	4.059419268468058e-41	1.0
26306	0.0	1.0
26307	1.7145877178438833e-246	1.0
26308	4.324934542191298e-63	1.0
26309	8.072008880672133e-48	1.0
26311	8.410758448989003e-99	1.0
26312	3.650137949070637e-119	1.0
26313	0.0	1.0
26314	6.617750453879759e-25	1.0
26315	6.617750453879382e-25	1.0
26316	4.201088312913501e-95	1.0
26317	9.67941096470709e-32	1.0
26318	7.348019796342027e-48	1.0
26319	1.6279675189839273e-26	1.0
26320	0.0	1.0
26321	2.6049178492199585e-26	1.0
26322	3.620238349760877e-38	1.0
26323	1.2118111938143419e-276	1.0
26324	1.336346307091894e-92	1.0
26325	0.0	1.0
26326	0.0	1.0
26327	0.0	1.0
26328	5.96308400738292e-156	1.0
26329	2.4386601275207456e-177	1.0
26330	0.0	1.0
26331	3.7631193642778007e-171	1.0
26332	2.89965236117577e-94	1.0
26333	7.172859418986759e-45	1.0
26334	7.533948760425914e-39	1.0
26335	2.3922429138195643e-40	1.0
26336	2.3922429138195643e-40	1.0
26337	1.0008845069244985e-31	1.0
26338	1.0008845069244985e-31	1.0
26339	0.0	1.0
26341	2.5126736167050653e-108	1.0
26342	1.9349050928019618e-28	1.0
26343	9.120768197080867e-120	1.0
26344	1.5890134200499813e-133	1.0
26345	3.4603555701499234e-47	1.0
26346	3.292477290851896e-294	1.0
26347	2.1800278116692872e-114	1.0
26348	1.0027238845884889e-92	1.0
26349	1.8088764571540818e-181	1.0
26350	1.1961158014052517e-179	1.0
26351	9.069625007320272e-35	1.0
26352	3.273410837407742e-170	1.0
26353	5.475013519685251e-287	1.0
26354	2.976079845011109e-104	1.0
26355	7.771005633860199e-32	1.0
26356	8.367841842569809e-38	1.0
26357	8.95787560384922e-120	1.0
26358	1.5285688115560264e-279	1.0
26359	3.7566978838157624e-282	1.0
26360	0.0	1.0
26361	0.004454033829682058	0.9955459661703181
26362	2.6844016019543817e-111	1.0
26363	1.5043988219340144e-80	1.0
26364	1.6112655875785667e-102	1.0
26365	1.8374514912045714e-91	1.0
26366	1.6931707228539e-94	1.0
26367	3.376306795877363e-95	1.0
26368	0.0	1.0
26369	1.911496696617276e-90	1.0
26371	1.53781504245619e-28	1.0
26372	0.0	1.0
26373	0.0	1.0
26374	0.0	1.0
26375	3.765348308906719e-33	1.0
26376	1.5586113313259332e-236	1.0
26377	1.035532713495213e-39	1.0
26378	4.4886093662431234e-39	1.0
26379	1.0441069727954717e-188	1.0
26380	5.084533729990566e-83	1.0
26381	7.699655528067241e-49	1.0
26382	1.7179591226547724e-128	1.0
26383	4.0214404473918395e-141	1.0
26384	5.066818940706052e-96	1.0
26385	1.8865507613435595e-90	1.0
26386	3.624729782929281e-35	1.0
26387	0.08035061618636763	0.9196493838136323
26388	3.0658924868539205e-95	1.0
26389	1.4788938649904178e-38	1.0
26390	4.192368287549796e-164	1.0
26391	0.0	1.0
26392	3.816293806631364e-218	1.0
26393	1.0888000514692714e-48	1.0
26394	8.703750834482777e-88	1.0
26395	6.103108091270779e-92	1.0
26396	3.667771283460249e-48	1.0
26397	8.81340845410554e-40	1.0
26398	1.431717762201191e-84	1.0
26399	1.1331511126066234e-42	1.0
26401	2.8373618012511566e-46	1.0
26402	3.8231380707940364e-74	1.0
26403	9.0090838691386e-83	1.0
26404	2.1897984110643093e-64	1.0
26405	3.1081749447468295e-195	1.0
26406	1.2372933044634476e-69	1.0
26407	0.0	1.0
26408	1.783269051349428e-33	1.0
26409	1.818880029093571e-21	1.0
26410	3.1306243850119406e-26	1.0
26411	3.354262591046064e-33	1.0
26412	1.490783373798263e-33	1.0
26413	1.905130135044518e-44	1.0
26414	1.905130135044518e-44	1.0
26415	2.371441405590427e-28	1.0
26416	0.0	1.0
26417	7.21782912570281e-126	1.0
26418	3.579944329854098e-125	1.0
26419	1.2827372145977511e-105	1.0
26420	3.563079992597284e-87	1.0
26421	1.4966010800891384e-107	1.0
26422	1.3986653004164577e-77	1.0
26423	6.955003528513768e-79	1.0
26424	6.406882469090894e-103	1.0
26425	1.3300814628945436e-37	1.0
26426	6.642665126674321e-62	1.0
26427	7.352157197995092e-98	1.0
26428	4.5786141720454196e-113	1.0
26429	3.5984318586331114e-173	1.0
26431	2.1201780924475605e-63	1.0
26432	9.509070952930417e-39	1.0
26433	4.305528700396552e-168	1.0
26434	2.7955081834512583e-39	1.0
26435	1.333640617235664e-36	1.0
26436	1.2947072516513865e-134	1.0
26437	2.2200122817906683e-46	1.0
26438	2.2023856139525918e-34	1.0
26439	4.008933991385208e-285	1.0
26440	3.95946475097847e-36	1.0
26441	1.8847594382951916e-289	1.0
26442	3.641997823733202e-288	1.0
26443	2.898162902689116e-301	1.0
26444	2.3088860505372385e-285	1.0
26445	4.4064360693878496e-91	1.0
26446	8.008445173695189e-291	1.0
26447	0.0	1.0
26448	2.0863106045606467e-305	1.0
26449	4.5556203825369803e-125	1.0
26450	1.2875656091956105e-118	1.0
26451	4.985411409502071e-75	1.0
26452	1.5343199742503156e-106	1.0
26453	6.556990991681128e-34	1.0
26454	7.879499459224563e-21	1.0
26455	1.7575560427194484e-38	1.0
26456	3.861364472588223e-36	1.0
26457	3.4680192062025115e-47	1.0
26458	2.8239937853889227e-27	1.0
26459	5.1345011408896345e-101	1.0
26461	3.839107286729746e-35	1.0
26462	7.803043213955586e-47	1.0
26463	4.2901186173801734e-32	1.0
26464	9.390928421735323e-114	1.0
26465	0.0	1.0
26466	1.486293945515303e-47	1.0
26467	7.803043213955586e-47	1.0
26468	7.803043213955586e-47	1.0
26469	1.768613205926076e-136	1.0
26470	4.134645353662938e-92	1.0
26471	4.202663348710943e-51	1.0
26472	6.638752523230953e-82	1.0
26473	1.7730645166750405e-93	1.0
26474	6.159657040676803e-48	1.0
26475	2.524990167337379e-40	1.0
26476	4.3694065338641715e-52	1.0
26477	2.1644439749567626e-46	1.0
26478	3.0063403460317018e-49	1.0
26479	2.1623498153345062e-97	1.0
26480	5.014938717601082e-128	1.0
26481	1.3551999243664316e-111	1.0
26482	0.0	1.0
26483	1.8660158388436904e-121	1.0
26484	7.803043213955586e-47	1.0
26485	7.803043213955586e-47	1.0
26486	1.1492919138508946e-126	1.0
26487	3.6182980239207584e-143	1.0
26488	6.52934079668426e-140	1.0
26489	2.6219062950068138e-92	1.0
26491	3.1492726803149994e-135	1.0
26492	1.065404009575536e-49	1.0
26493	2.0767043316309737e-111	1.0
26494	7.803043213955586e-47	1.0
26495	2.5903383989799305e-50	1.0
26496	2.569096043938635e-35	1.0
26497	0.0	1.0
26498	0.0	1.0
26499	0.0	1.0
26500	8.331715998707855e-106	1.0
26501	6.455518805006227e-24	1.0
26502	5.798112038957806e-128	1.0
26503	3.6493865e-316	1.0
26504	7.803043213955586e-47	1.0
26505	5.273432576862695e-288	1.0
26506	0.0	1.0
26507	5.4825329215525453e-98	1.0
26508	1.5807969249493888e-104	1.0
26509	1.7532006650280304e-36	1.0
26510	7.076938766115944e-103	1.0
26511	2.751348570932387e-82	1.0
26512	6.393664588808637e-92	1.0
26513	7.408212889195125e-113	1.0
26514	7.914686559862048e-97	1.0
26515	1.2080976680063067e-101	1.0
26516	5.299280683249237e-53	1.0
26517	1.4181643668136624e-93	1.0
26518	1.956863936191459e-184	1.0
26519	3.4680192062025115e-47	1.0
26521	3.8316363655066844e-172	1.0
26522	5.484437288559556e-108	1.0
26523	1.0082811787059441e-168	1.0
26524	9.303590431548475e-179	1.0
26525	8.244436087995764e-179	1.0
26526	7.803043213955586e-47	1.0
26527	5.7291861361790084e-96	1.0
26528	1.0605544905004951e-90	1.0
26529	4.179392293777453e-286	1.0
26530	4.367489809452602e-24	1.0
26531	3.656414844423993e-30	1.0
26532	5.311644292851008e-37	1.0
26533	2.36483100569664e-132	1.0
26534	7.803043213955586e-47	1.0
26535	7.828163403058345e-23	1.0
26536	1.5861498961646053e-114	1.0
26537	1.515103164503166e-44	1.0
26538	1.3392630367654318e-31	1.0
26539	1.8943654687870105e-118	1.0
26540	1.2663764016484426e-91	1.0
26541	3.4680192062025115e-47	1.0
26542	1.8190927192919386e-159	1.0
26543	7.803043213955586e-47	1.0
26544	2.815663253038005e-90	1.0
26545	5.855464689381075e-33	1.0
26546	2.709290305757467e-136	1.0
26547	0.0	1.0
26548	1.2021140537099094e-132	1.0
26549	3.021364274891433e-144	1.0
26551	3.3909026823158234e-83	1.0
26552	9.476664090581727e-44	1.0
26553	4.094177791757323e-92	1.0
26554	4.360054206852676e-119	1.0
26555	0.0002355398920055476	0.9997644601079945
26556	1.567290897135967e-78	1.0
26557	4.4142597468103925e-92	1.0
26558	1.1637933016627923e-118	1.0
26559	5.242320736148053e-42	1.0
26560	3.4680192062025115e-47	1.0
26561	5.0284788879387566e-21	1.0
26562	1.8640603233339314e-46	1.0
26563	1.0435644103525928e-96	1.0
26564	6.6949736299871014e-43	1.0
26565	9.260671830572848e-42	1.0
26566	1.206743325387495e-28	1.0
26567	0.0	1.0
26568	1.9885676702323468e-133	1.0
26569	2.887857747097584e-65	1.0
26570	2.4126587874124942e-135	1.0
26571	2.5089122361138967e-30	1.0
26572	0.0	1.0
26573	0.0	1.0
26574	2.3718482142304765e-86	1.0
26575	2.5315381353391478e-21	1.0
26576	2.5315381353391478e-21	1.0
26577	1.8766291960526164e-43	1.0
26578	4.712769873779482e-09	0.99999999528723
26579	2.3759212129728855e-53	1.0
26581	1.032182536286768e-14	0.9999999999999898
26582	1.58336639193441e-61	1.0
26583	1.8940141036097652e-85	1.0
26584	9.306310890129506e-79	1.0
26585	1.1983244935717602e-46	1.0
26586	1.3476965668784386e-202	1.0
26587	3.420463808123162e-83	1.0
26588	2.1019203579812578e-23	1.0
26589	4.070461188710681e-186	1.0
26590	0.0	1.0
26591	5.871834003314117e-177	1.0
26592	6.962844914836857e-270	1.0
26593	2.8929730620179895e-31	1.0
26594	7.1805441394916814e-99	1.0
26595	1.2849419531060988e-91	1.0
26596	5.78427226676172e-73	1.0
26597	1.372223467377154e-38	1.0
26598	4.255660113182632e-79	1.0
26599	1.0057468502698453e-154	1.0
26600	0.0	1.0
26601	1.3128522333015888e-141	1.0
26602	0.0	1.0
26603	4.72932080545779e-23	1.0
26604	3.6902092390254973e-32	1.0
26605	0.0	1.0
26606	0.0	1.0
26607	1.4604634489535806e-150	1.0
26608	2.1807291845607947e-36	1.0
26609	1.1220786078264766e-31	1.0
26611	1.032291160529426e-130	1.0
26612	2.0245704524240815e-127	1.0
26613	2.8891535820680697e-117	1.0
26614	1.2562753497373596e-121	1.0
26615	4.615404337824726e-111	1.0
26616	1.5121342436922083e-120	1.0
26617	1.489496156702044e-107	1.0
26618	4.130063066022246e-108	1.0
26619	2.434479458998461e-123	1.0
26620	1.5418812528026055e-126	1.0
26621	9.172645809150956e-58	1.0
26622	1.4913636461391128e-122	1.0
26623	3.1937528650084156e-108	1.0
26624	1.869898194016094e-288	1.0
26625	3.511914228378544e-173	1.0
26626	2.287402555261893e-29	1.0
26627	1.9485583904843504e-33	1.0
26628	4.6168194104827806e-117	1.0
26629	1.0050763490073795e-131	1.0
26630	4.527806431260991e-31	1.0
26631	2.2420343044051998e-123	1.0
26632	0.0	1.0
26633	1.3230352438511792e-170	1.0
26634	1.841132187202492e-114	1.0
26635	0.0	1.0
26636	9.982322866045873e-113	1.0
26637	1.393933310119731e-175	1.0
26638	1.4383603389708218e-173	1.0
26639	8.367683689899945e-101	1.0
26641	2.6645710223435387e-282	1.0
26642	4.0977246324244025e-199	1.0
26643	0.0	1.0
26644	2.006496826445869e-46	1.0
26645	2.8885140375885354e-86	1.0
26646	2.2185977371008925e-115	1.0
26647	1.0249727191603208e-110	1.0
26648	3.681362200191158e-293	1.0
26649	3.4680192062025115e-47	1.0
26650	1.0141406160766118e-104	1.0
26651	1.300507202326067e-46	1.0
26652	2.6218316027620393e-194	1.0
26653	0.0	1.0
26654	2.4601825116236577e-87	1.0
26655	6.595605960086637e-135	1.0
26656	1.7084412302389822e-85	1.0
26657	5.726003064450997e-198	1.0
26658	1.2477463576053018e-90	1.0
26659	2.271270217677799e-94	1.0
26660	9.163037082874459e-169	1.0
26661	3.029980757288004e-98	1.0
26662	3.492790771960474e-46	1.0
26663	2.2103207349095513e-121	1.0
26664	4.097167452165924e-117	1.0
26665	3.1212172855826007e-46	1.0
26666	1.6363460095973903e-68	1.0
26667	0.0	1.0
26668	8.930951269775692e-35	1.0
26669	1.2404752389303451e-31	1.0
26671	6.463014954356654e-40	1.0
26672	1.0947132053485933e-82	1.0
26673	1.5554325371443181e-38	1.0
26674	1.0669850472824196e-92	1.0
26675	7.8512612614104e-126	1.0
26676	8.266204125792899e-138	1.0
26677	1.7895030671370822e-99	1.0
26678	2.890890374792299e-46	1.0
26679	2.954836267373401e-44	1.0
26680	4.0582071218609494e-50	1.0
26681	1.845778384494356e-18	1.0
26682	4.1530013651122665e-18	1.0
26683	9.637283360188382e-38	1.0
26684	1.5201759572989055e-161	1.0
26685	5.434026762755216e-42	1.0
26686	1.7477595383585876e-38	1.0
26687	3.9324589613072364e-38	1.0
26688	5.27483246843089e-45	1.0
26689	9.775773503332081e-51	1.0
26690	7.803043213955586e-47	1.0
26691	0.0	1.0
26692	4.769857458652229e-84	1.0
26693	1.9386528699367527e-44	1.0
26694	1.0083713046424854e-85	1.0
26695	3.4909771122875423e-63	1.0
26696	4.4413089706277916e-87	1.0
26697	3.823819292482561e-169	1.0
26698	0.0	1.0
26699	2.646045221419147e-90	1.0
26701	8.773313182935729e-82	1.0
26702	2.7864780404616858e-45	1.0
26703	3.330351362057378e-72	1.0
26704	2.3790961755286385e-39	1.0
26705	2.252939001969694e-40	1.0
26706	6.854661469500276e-39	1.0
26707	1.5907686864581008e-83	1.0
26708	9.929777661232069e-31	1.0
26709	2.147574047221078e-66	1.0
26710	4.616377392048479e-134	1.0
26711	5.584780987734826e-31	1.0
26712	8.707760941459253e-30	1.0
26713	6.310046808238186e-34	1.0
26714	3.6631996918410684e-102	1.0
26715	2.3551907015736225e-38	1.0
26716	1.4648692495564302e-30	1.0
26717	1.6222586293168839e-37	1.0
26718	5.260915807815258e-184	1.0
26719	4.70453035139391e-46	1.0
26720	7.706711908626005e-179	1.0
26721	3.1124440103722143e-288	1.0
26722	1.1671894410136893e-220	1.0
26723	4.03878291983437e-54	1.0
26724	6.182077838775154e-287	1.0
26725	1.9234188066117022e-31	1.0
26726	7.803043213955586e-47	1.0
26727	0.0	1.0
26728	8.917763673091899e-48	1.0
26729	4.2074497215215544e-107	1.0
26731	1.1795019758564216e-171	1.0
26732	2.4478829770510877e-183	1.0
26733	3.7932089829517355e-93	1.0
26734	7.803043213955586e-47	1.0
26735	9.359021984480067e-89	1.0
26736	4.131823346599163e-173	1.0
26737	1.3297181173367173e-102	1.0
26738	5.909552233797885e-38	1.0
26739	3.585891436967596e-88	1.0
26740	1.6068429306077281e-15	0.9999999999999984
26741	1.5181829538854985e-26	1.0
26742	2.686627981051059e-30	1.0
26743	1.3953022982650464e-132	1.0
26744	3.729053653742405e-30	1.0
26745	7.57218397462675e-89	1.0
26746	2.5560513924961817e-21	1.0
26747	8.828591911521064e-62	1.0
26748	3.509723085242302e-51	1.0
26749	0.0	1.0
26750	4.061272645019533e-61	1.0
26751	2.0269928856518852e-58	1.0
26752	8.589973111228318e-90	1.0
26753	2.6158596409316678e-11	0.9999999999738414
26754	2.427613444341987e-46	1.0
26755	0.0	1.0
26756	6.4645311305901624e-226	1.0
26757	0.0	1.0
26758	1.79945094983786e-85	1.0
26759	1.5340008979582469e-164	1.0
26761	2.833457919798955e-43	1.0
26762	0.0	1.0
26763	2.0331560349488945e-114	1.0
26764	3.805958341030076e-97	1.0
26765	2.222817373156415e-40	1.0
26766	1.1258201075878382e-44	1.0
26767	1.8774687487923046e-208	1.0
26768	1.6305048256376888e-98	1.0
26769	0.0	1.0
26770	6.31259881349309e-94	1.0
26771	7.98897532042094e-41	1.0
26772	7.481264153609889e-20	1.0
26773	8.245390544037816e-60	1.0
26774	1.7029490169034481e-34	1.0
26775	7.3367365597044e-311	1.0
26776	9.112186366626808e-37	1.0
26777	4.049860607389727e-37	1.0
26778	6.237428147453545e-86	1.0
26779	8.246203055103572e-81	1.0
26780	5.592024486107363e-42	1.0
26781	5.468315842228492e-95	1.0
26782	7.530034220750417e-111	1.0
26783	1.7404928129970065e-58	1.0
26784	8.61045228933314e-47	1.0
26785	0.0	1.0
26786	0.0	1.0
26787	1.0160244572043348e-102	1.0
26788	2.4533081071487848e-79	1.0
26789	1.1255033568038684e-259	1.0
26791	1.760093921977012e-82	1.0
26792	1.1826803919087025e-93	1.0
26793	2.603640133280264e-65	1.0
26794	8.358413124189623e-70	1.0
26795	9.020424494811947e-121	1.0
26796	0.6971825235288118	0.3028174764711882
26797	1.3431102169254e-106	1.0
26798	2.0744864937186488e-96	1.0
26799	7.919336162674398e-92	1.0
26800	1.3512589365385374e-55	1.0
26801	1.587569740226321e-11	0.9999999999841243
26802	7.803043213955586e-47	1.0
26803	6.720645526502207e-109	1.0
26804	1.3403656914154467e-211	1.0
26805	2.8519687032164937e-103	1.0
26806	1.140803628736329e-18	1.0
26807	5.0014016454923e-50	1.0
26808	0.0	1.0
26809	0.9496278735283127	0.05037212647168736
26810	2.3209187652132487e-32	1.0
26811	5.222067221729765e-32	1.0
26812	9.510338188671691e-121	1.0
26813	2.2601543550631012e-180	1.0
26814	2.9288184766414693e-37	1.0
26815	9.544802789729315e-151	1.0
26816	4.0325257711123584e-85	1.0
26817	0.0	1.0
26818	9.273758984598425e-70	1.0
26819	6.608887122658949e-95	1.0
26821	4.5102642660776086e-95	1.0
26822	0.0	1.0
26823	0.0	1.0
26824	6.205900474959361e-97	1.0
26825	3.4680192062025115e-47	1.0
26826	5.6671636207265e-96	1.0
26827	1.1985408306423411e-107	1.0
26828	1.734009603101154e-47	1.0
26829	3.0005526863571986e-116	1.0
26830	0.00848223342949678	0.9915177665705032
26831	2.386543221894421e-210	1.0
26832	0.0	1.0
26833	1.542085869963374e-58	1.0
26834	5.8014284461914924e-167	1.0
26835	9.422082254251379e-101	1.0
26836	7.803043213955586e-47	1.0
26837	7.614189763160935e-29	1.0
26838	1.2783346834476962e-81	1.0
26839	6.887418310098072e-28	1.0
26840	1.0138150050918126e-36	1.0
26841	5.704718051232762e-40	1.0
26842	2.9937939798357652e-170	1.0
26843	4.325942162795484e-36	1.0
26844	3.581028923554447e-39	1.0
26845	3.790590222288711e-37	1.0
26846	5.120608948786824e-212	1.0
26847	8.700036768469358e-173	1.0
26848	9.746970940537716e-126	1.0
26849	3.4680192062025115e-47	1.0
26851	1.0150826997089567e-62	1.0
26852	7.525526377126089e-42	1.0
26853	0.0	1.0
26854	0.0	1.0
26855	1.2653248567997502e-177	1.0
26856	5.615276834625712e-22	1.0
26857	2.8167513362082897e-97	1.0
26858	8.17921004945201e-30	1.0
26859	7.41187798197901e-34	1.0
26860	7.918995193106678e-48	1.0
26861	2.294482612341886e-27	1.0
26862	5.296841512563244e-56	1.0
26863	5.296841512563244e-56	1.0
26864	0.0	1.0
26865	2.387296857887028e-125	1.0
26866	3.3676710476906715e-124	1.0
26867	2.1834049322951413e-131	1.0
26868	0.0	1.0
26869	7.444338025291719e-91	1.0
26870	2.5022078911205796e-185	1.0
26871	5.100631848983396e-179	1.0
26872	3.299907396166564e-110	1.0
26873	7.138040482340953e-113	1.0
26874	1.510104472291104e-108	1.0
26875	0.0	1.0
26876	7.333882954119499e-20	1.0
26877	9.162138563461632e-46	1.0
26878	4.276617625293799e-109	1.0
26879	1.1498020435413e-98	1.0
26881	7.197498939039862e-96	1.0
26882	4.858696931481797e-96	1.0
26883	1.8856339131523028e-170	1.0
26884	2.801266626460507e-170	1.0
26885	1.3627888835410097e-168	1.0
26886	5.472428919059862e-187	1.0
26887	2.704170475391612e-28	1.0
26888	2.1478548791985257e-169	1.0
26889	6.227550127267415e-218	1.0
26890	0.0	1.0
26891	0.0	1.0
26892	2.8863650217158508e-179	1.0
26893	1.7781309762801312e-46	1.0
26894	0.0	1.0
26895	0.0	1.0
26896	2.859182355190936e-99	1.0
26897	4.008080631787876e-91	1.0
26898	1.480109004192122e-46	1.0
26899	7.164302658945554e-110	1.0
26900	8.439028899321654e-36	1.0
26901	1.5348003919692163e-74	1.0
26902	6.804304240262927e-307	1.0
26903	4.114528038860885e-33	1.0
26904	3.721736628462081e-39	1.0
26905	9.992339467105248e-307	1.0
26906	1.747633131836269e-61	1.0
26907	2.619570137760805e-237	1.0
26908	3.4963052007202087e-102	1.0
26909	1.099745318487686e-60	1.0
26911	1.2709756882194765e-90	1.0
26912	7.023867721419592e-128	1.0
26913	4.718306049396885e-37	1.0
26914	1.790826685269339e-59	1.0
26915	1.8635785318849552e-98	1.0
26916	2.5251877276747558e-30	1.0
26917	0.0	1.0
26918	3.176980241553523e-35	1.0
26919	8.838632304405748e-34	1.0
26920	3.21489496298098e-39	1.0
26921	2.1807633912593256e-34	1.0
26922	2.203330731251943e-93	1.0
26923	0.0	1.0
26924	7.015602514815585e-187	1.0
26925	1.870720695065605e-35	1.0
26926	3.384751574004707e-125	1.0
26927	1.1915554953261327e-79	1.0
26928	6.323413765857985e-109	1.0
26929	5.342679195531445e-81	1.0
26930	3.692942078760537e-20	1.0
26931	4.450659980805724e-105	1.0
26932	6.762149447659255e-20	1.0
26933	5.087323746774572e-113	1.0
26934	1.4230671444987175e-89	1.0
26935	1.3719026489610768e-26	1.0
26936	2.830924992184351e-34	1.0
26937	2.240277313123599e-52	1.0
26938	0.0	1.0
26939	1.6036128739014021e-29	1.0
26941	1.454427165313165e-88	1.0
26942	2.6174649916414698e-225	1.0
26943	5.7139737142011115e-177	1.0
26944	3.788228216876434e-164	1.0
26945	1.696340307475067e-73	1.0
26946	6.777195820870021e-20	1.0
26947	1.2051915474000053e-95	1.0
26948	9.164773854489894e-34	1.0
26949	1.8808440118478022e-104	1.0
26950	1.8939486272732608e-97	1.0
26951	1.6150658929758001e-93	1.0
26952	1.7423168608039367e-45	1.0
26953	2.749897006884323e-40	1.0
26954	9.212471477438615e-77	1.0
26955	1.2280311417701738e-17	1.0
26956	5.457916185645263e-18	1.0
26957	1.5499842279739353e-212	1.0
26958	2.61255604122499e-47	1.0
26959	1.626639420361567e-95	1.0
26960	4.4501617200436207e-97	1.0
26961	7.869029316348617e-106	1.0
26962	0.0	1.0
26963	4.28608196362662e-91	1.0
26964	3.862464929270152e-77	1.0
26965	2.0891890235063124e-24	1.0
26966	4.4346570107413685e-86	1.0
26967	4.67828280875209e-61	1.0
26968	9.709971813720737e-38	1.0
26969	5.379639810240622e-109	1.0
26971	6.729695702345527e-47	1.0
26972	1.3436224862712131e-120	1.0
26973	0.0	1.0
26974	4.24295964976984e-148	1.0
26975	3.517781994741227e-105	1.0
26976	1.656142271206921e-82	1.0
26977	2.255666361093865e-52	1.0
26978	5.481947467263997e-15	0.9999999999999944
26979	5.645935610749305e-41	1.0
26980	2.5336463590624052e-98	1.0
26981	2.5509723395235116e-143	1.0
26982	3.9715001590616966e-179	1.0
26983	4.4881070535587144e-30	1.0
26984	2.8931507818096507e-36	1.0
26985	2.1756958759375458e-301	1.0
26986	2.455610157370195e-93	1.0
26987	2.4164845409104305e-98	1.0
26988	0.0	1.0
26989	3.6607031406487886e-50	1.0
26990	4.604237965214776e-55	1.0
26991	2.891578600678802e-80	1.0
26992	1.7694476496335596e-152	1.0
26993	2.8025221364930226e-237	1.0
26994	8.536041787989722e-38	1.0
26995	8.536041787989722e-38	1.0
26996	1.617931928141775e-48	1.0
26997	5.916459454149673e-50	1.0
26998	8.28595650444479e-08	0.999999917140435
26999	6.038538485520837e-283	1.0
27001	3.6454718642739433e-32	1.0
27002	9.356547400416571e-116	1.0
27003	5.306788108583458e-159	1.0
27004	9.861577951032846e-99	1.0
27005	1.1524477162088671e-113	1.0
27006	2.909912835247637e-21	1.0
27007	2.9512049844505e-110	1.0
27008	1.0205771948383635e-104	1.0
27009	4.3236128982548014e-272	1.0
27010	0.0012803673610352368	0.9987196326389648
27011	2.0311437174971253e-107	1.0
27012	3.5746889721646386e-36	1.0
27013	1.1333062842364408e-221	1.0
27014	4.2942357840528374e-16	0.9999999999999996
27015	1.7999494647066607e-56	1.0
27016	8.938616368612505e-204	1.0
27017	6.344523176619652e-100	1.0
27018	1.746170185569818e-94	1.0
27019	5.353984971712562e-21	1.0
27020	2.207842782951054e-107	1.0
27021	9.984658498693162e-119	1.0
27022	3.132639628247582e-70	1.0
27023	4.482887724651857e-58	1.0
27024	8.467329420936545e-214	1.0
27025	1.8624912052641983e-101	1.0
27026	2.5933609945995617e-25	1.0
27027	0.0	1.0
27028	6.380191821799981e-66	1.0
27029	6.95494839259268e-43	1.0
27031	1.632745070169591e-39	1.0
27032	3.673676407881548e-39	1.0
27033	1.7859133982313304e-134	1.0
27034	1.626138977946631e-36	1.0
27035	1.1620138636049358e-25	1.0
27036	1.6381322684040407e-22	1.0
27037	1.833418684648347e-95	1.0
27038	0.12573794004936423	0.8742620599506359
27039	4.428375073002702e-31	1.0
27040	4.4216838860994865e-29	1.0
27041	1.3610234414023313e-41	1.0
27042	5.8660773859932395e-34	1.0
27043	3.5729458679273174e-60	1.0
27044	1.7309021200109595e-59	1.0
27045	0.0	1.0
27046	1.0221449258752231e-168	1.0
27047	8.960178597232042e-179	1.0
27048	4.2099713463398225e-29	1.0
27049	1.2241355492189865e-35	1.0
27050	3.5594341649069017e-172	1.0
27051	1.9854257621930005e-101	1.0
27052	2.318380676560542e-31	1.0
27053	2.3983102347085088e-35	1.0
27054	3.733441718014732e-77	1.0
27055	6.087288533438542e-61	1.0
27056	1.7756308109096077e-143	1.0
27057	6.156961538324776e-76	1.0
27058	5.102381693323343e-74	1.0
27059	5.102381693324503e-74	1.0
27061	1.0575053279018307e-26	1.0
27062	3.1139869713409357e-183	1.0
27063	2.6159513706288915e-121	1.0
27064	1.7837986344823875e-72	1.0
27065	7.893644287108062e-52	1.0
27066	0.0	1.0
27067	4.482898483221358e-76	1.0
27068	1.5754627649746157e-31	1.0
27069	1.753879797381259e-29	1.0
27070	6.368351858246142e-209	1.0
27071	5.184761460194094e-69	1.0
27072	3.176497811886807e-103	1.0
27073	4.786287511491519e-117	1.0
27074	1.3294412001914047e-13	0.999999999999867
27075	1.7821179784263593e-95	1.0
27076	2.1375925188548083e-22	1.0
27077	2.992807309117219e-107	1.0
27078	2.5259299198363106e-16	0.9999999999999998
27079	2.3106900799576675e-25	1.0
27080	0.0	1.0
27081	1.187048751484144e-173	1.0
27082	3.3084883717101116e-95	1.0
27083	1.973968915140903e-91	1.0
27084	1.7556856601885437e-23	1.0
27085	1.12880754760525e-29	1.0
27086	1.564863388333162e-42	1.0
27087	1.1417858264203688e-25	1.0
27088	2.1676061848049227e-107	1.0
27089	3.351209320143446e-129	1.0
27091	2.0199314663048454e-107	1.0
27092	1.3828536129850048e-39	1.0
27093	6.115553508569106e-38	1.0
27094	5.102381693323343e-74	1.0
27095	2.5830807322460737e-73	1.0
27096	1.9509556087486487e-107	1.0
27097	3.793796350217686e-38	1.0
27098	8.536041787989722e-38	1.0
27099	1.539427070917531e-62	1.0
27100	1.882194095704803e-71	1.0
27101	3.288835920366069e-86	1.0
27102	1.3180942590199548e-106	1.0
27103	1.6842096931368289e-189	1.0
27104	2.7067004951081247e-69	1.0
27105	1.8726900964806235e-94	1.0
27106	3.120574154817446e-39	1.0
27107	1.063321472148767e-39	1.0
27108	4.04786109007234e-260	1.0
27109	5.414823195506292e-55	1.0
27110	1.8566072208828835e-153	1.0
27111	2.729281922219498e-249	1.0
27112	2.2789724669927873e-181	1.0
27113	4.495818689874471e-182	1.0
27114	3.7488919742606065e-34	1.0
27115	7.221750618653168e-27	1.0
27116	1.4129715882461646e-181	1.0
27117	0.0	1.0
27118	3.7849426353605465e-29	1.0
27119	4.590716598035608e-23	1.0
27121	7.789400627643077e-197	1.0
27122	1.4483022274130834e-193	1.0
27123	0.0	1.0
27124	1.872866672321211e-48	1.0
27125	4.6385173055813376e-113	1.0
27126	1.4034088922028782e-106	1.0
27127	3.059881563283733e-103	1.0
27128	0.0	1.0
27129	1.2565052581768494e-70	1.0
27130	1.0538634480196314e-61	1.0
27131	7.399800845696544e-29	1.0
27132	0.0	1.0
27133	4.1142010989190393e-97	1.0
27134	1.643936992899605e-211	1.0
27135	2.620540172015156e-94	1.0
27136	6.977208886046533e-185	1.0
27137	2.049423337535964e-102	1.0
27138	1.1126027665034409e-88	1.0
27139	1.4674761133646154e-247	1.0
27140	2.609187507978864e-61	1.0
27141	1.071558880635406e-39	1.0
27142	1.1158598991729802e-97	1.0
27143	0.0	1.0
27144	5.7477642371336004e-39	1.0
27145	9.554531366868812e-60	1.0
27146	0.0	1.0
27147	9.177023484216859e-12	0.9999999999908229
27148	1.6267708064203604e-61	1.0
27149	4.832113619872817e-56	1.0
27151	1.7691752176522817e-34	1.0
27152	0.0	1.0
27153	8.800701094725607e-104	1.0
27154	3.988647410518226e-101	1.0
27155	1.2903200913732836e-112	1.0
27156	3.92213273007888e-41	1.0
27157	1.0891588619473626e-171	1.0
27158	8.874639562271831e-62	1.0
27159	5.247730694337797e-286	1.0
27160	9.730576093426307e-68	1.0
27161	4.7661015542039736e-92	1.0
27162	1.7209579951161457e-13	0.9999999999998279
27163	2.282727601771444e-29	1.0
27164	7.039040005428676e-38	1.0
27165	3.0625692387381467e-92	1.0
27166	2.3533662461642504e-149	1.0
27167	1.2037229072979365e-147	1.0
27168	1.3745081043020166e-32	1.0
27169	8.631655313327544e-28	1.0
27170	2.9931596431037666e-56	1.0
27171	7.259045620891913e-61	1.0
27172	5.817214351605798e-137	1.0
27173	2.388863568105511e-16	0.9999999999999998
27174	0.0	1.0
27175	1.2461811770996002e-78	1.0
27176	3.6021698688382126e-56	1.0
27177	4.371406473806606e-41	1.0
27178	1.177178590089487e-44	1.0
27179	2.1901251641674936e-29	1.0
27181	5.353093182853442e-116	1.0
27182	4.356998251745778e-58	1.0
27183	3.8598913425404966e-70	1.0
27184	4.6775986806500164e-61	1.0
27185	4.952360762453297e-55	1.0
27186	7.681819730150718e-87	1.0
27187	2.847740715314428e-138	1.0
27188	1.898267741169592e-09	0.9999999981017322
27189	2.165286210204176e-12	0.9999999999978346
27190	7.560299513765514e-10	0.9999999992439701
27191	1.759724666043612e-11	0.9999999999824027
27192	6.259921294311151e-16	0.9999999999999993
27193	5.545561162330606e-08	0.9999999445443883
27194	2.1832343514045556e-22	1.0
27195	2.971380883086442e-15	0.9999999999999971
27196	9.553602959932488e-14	0.9999999999999045
27197	1.033634699918425e-11	0.9999999999896636
27198	6.562198436915057e-09	0.9999999934378014
27199	8.23784845699763e-22	1.0
27200	6.296230886891795e-14	0.9999999999999369
27201	1.1579427519014812e-13	0.9999999999998843
27202	2.827429080592259e-09	0.9999999971725708
27203	6.697952810678028e-09	0.9999999933020471
27204	6.513697497688934e-53	1.0
27205	0.0	1.0
27206	3.5403014229942714e-233	1.0
27207	1.688648504723203e-40	1.0
27208	4.403587152558582e-110	1.0
27209	8.919006426931768e-69	1.0
27211	3.7679242353222786e-181	1.0
27212	1.4688749259987725e-108	1.0
27213	3.08270130687519e-19	1.0
27214	5.703774886393703e-44	1.0
27215	1.027961819674978e-102	1.0
27216	1.1944077958719046e-96	1.0
27217	2.409129430927041e-95	1.0
27218	1.0832790310498741e-90	1.0
27219	0.0	1.0
27220	2.876015390299842e-47	1.0
27221	2.125438686681172e-38	1.0
27222	9.294218867921616e-100	1.0
27223	4.242939298537914e-181	1.0
27224	1.349522617388205e-105	1.0
27225	2.2895572004425864e-106	1.0
27226	1.3919288497041383e-104	1.0
27227	0.001301057082507985	0.9986989429174921
27228	1.0824897957397443e-302	1.0
27229	9.445256204729216e-12	0.9999999999905547
27230	1.1026762325946e-310	1.0
27231	2.1766133403108365e-299	1.0
27232	6.322353070679915e-39	1.0
27233	7.171453243867712e-25	1.0
27234	3.6617718164873067e-273	1.0
27235	4.7503917733125596e-57	1.0
27236	0.0	1.0
27237	1.753665506063279e-59	1.0
27238	7.220053852766089e-23	1.0
27239	7.031816341281593e-259	1.0
27241	3.690063403422912e-19	1.0
27242	5.8508444912773e-311	1.0
27243	3.6156498170159586e-66	1.0
27244	6.338576759831807e-292	1.0
27245	2.1193023996739446e-78	1.0
27246	1.0007683111723984e-280	1.0
27247	1.159680331588266e-41	1.0
27248	2.498273491793471e-66	1.0
27249	4.089841069743528e-55	1.0
27250	1.1914312443597612e-248	1.0
27251	5.074554947555365e-248	1.0
27252	2.3660587365059132e-257	1.0
27253	1.113129688717497e-50	1.0
27254	3.234462535429641e-259	1.0
27255	1.5988555894053403e-261	1.0
27256	6.460417342126514e-29	1.0
27257	4.835562934482201e-206	1.0
27258	3.160351898349916e-30	1.0
27259	0.0	1.0
27260	1.4894936036240535e-308	1.0
27261	0.0	1.0
27262	1.6746683095551688e-299	1.0
27263	6.958121070790762e-97	1.0
27264	3.617592606203936e-49	1.0
27265	2.6563916918847286e-44	1.0
27266	1.0244794653844073e-53	1.0
27267	1.2052837407281848e-297	1.0
27268	1.4814173794508272e-20	1.0
27269	8.2466643759253e-07	0.9999991753335624
27271	1.0933521195327284e-19	1.0
27272	1.0933521195327284e-19	1.0
27273	0.0	1.0
27274	3.264146122491295e-08	0.9999999673585389
27275	5.627431233785145e-263	1.0
27276	5.996007206035491e-66	1.0
27277	9.963186412282084e-12	0.9999999999900369
27278	1.2555878575565563e-300	1.0
27279	1.8900703379134058e-06	0.9999981099296621
27280	1.1425899146440489e-263	1.0
27281	2.2406997377188978e-294	1.0
27282	2.5118355142624523e-237	1.0
27283	0.0	1.0
27284	5.744100498944419e-102	1.0
27285	3.207835146540798e-35	1.0
27286	1.3037313219914764e-232	1.0
27287	3.3696719176987304e-265	1.0
27288	6.380977078268968e-301	1.0
27289	4.375980754074871e-292	1.0
27290	1.9093155570475012e-296	1.0
27291	2.870914489891264e-265	1.0
27292	2.986842021355551e-44	1.0
27293	4.1204617452588113e-283	1.0
27294	1.05790926157686e-304	1.0
27295	3.0821332491189726e-66	1.0
27296	5.142320539105806e-279	1.0
27297	3.211057358171206e-263	1.0
27298	1.7267025510565945e-64	1.0
27299	3.487413976070538e-291	1.0
27301	1.331988736347583e-44	1.0
27302	6.102278951308498e-32	1.0
27303	6.102278951308498e-32	1.0
27304	3.466478278608779e-38	1.0
27305	2.7535935301357655e-72	1.0
27306	3.290294234943668e-51	1.0
27307	1.8035370808081237e-280	1.0
27308	1.2753680627001338e-49	1.0
27309	4.306586319837219e-276	1.0
27310	2.6003534918657674e-51	1.0
27311	2.7207878966249957e-44	1.0
27312	3.5596621518091204e-44	1.0
27313	6.770803877740646e-52	1.0
27314	4.0882163447235204e-265	1.0
27315	7.727568384744763e-38	1.0
27316	2.0629661962857184e-45	1.0
27317	8.136792962768724e-183	1.0
27318	5.069189658576442e-22	1.0
27319	9.711387289886517e-55	1.0
27320	4.419388682159403e-259	1.0
27321	1.3766177582291951e-73	1.0
27322	9.728938938867746e-48	1.0
27323	1.0933521195327284e-19	1.0
27324	8.450537806340766e-35	1.0
27325	1.0663352072647589e-19	1.0
27326	6.826226159157741e-35	1.0
27327	3.7869292536916925e-264	1.0
27328	2.16489677298611e-18	1.0
27329	8.88629904714611e-284	1.0
27331	6.204655427603951e-273	1.0
27332	5.3921912012185064e-86	1.0
27333	4.306158053645035e-28	1.0
27334	1.003731306e-315	1.0
27335	8.263722442887198e-300	1.0
27336	7.698409638901008e-43	1.0
27337	0.0	1.0
27338	5.623329804714458e-262	1.0
27339	1.734964165464125e-50	1.0
27340	1.1812761411401096e-16	0.9999999999999998
27341	7.534679970479118e-36	1.0
27342	6.959406406002847e-265	1.0
27343	9.285745501330304e-62	1.0
27344	9.70403246745637e-21	1.0
27345	3.383683619496803e-54	1.0
27346	6.620097033599383e-28	1.0
27347	4.530759876614613e-31	1.0
27348	2.0743654500493663e-217	1.0
27349	0.0	1.0
27350	2.7966843229142414e-292	1.0
27351	1.250385112316542e-22	1.0
27352	0.0	1.0
27353	1.123066781634842e-26	1.0
27354	2.5096494469049465e-48	1.0
27355	3.799327331556549e-20	1.0
27356	6.04651645681019e-229	1.0
27357	8.72637723507526e-12	0.9999999999912736
27358	1.6663148379872774e-292	1.0
27359	4.2655286100202465e-32	1.0
27361	0.0	1.0
27362	2.3423229032508872e-17	1.0
27363	1.1678898370513439e-35	1.0
27364	8.547424582826307e-307	1.0
27365	1.047240925379636e-55	1.0
27366	5.228668465085516e-22	1.0
27367	3.3375573540989624e-56	1.0
27368	0.0	1.0
27369	1.975277993004432e-20	1.0
27370	9.465930042878405e-36	1.0
27371	2.0746784687805616e-66	1.0
27372	4.1469679763981285e-256	1.0
27373	1.3306144662586265e-295	1.0
27374	3.75e-322	1.0
27375	6.584701594035901e-21	1.0
27376	1.3393556019996515e-09	0.9999999986606445
27377	4.554858304000304e-33	1.0
27378	1.373226250349022e-302	1.0
27379	2.1348273107202952e-23	1.0
27380	9.62495919693363e-310	1.0
27381	1.7598360739922844e-14	0.9999999999999825
27382	6.390732114909003e-300	1.0
27383	6.671968611832998e-288	1.0
27384	7.205042173680906e-23	1.0
27385	3.052786764253428e-62	1.0
27386	1.7611628339325674e-300	1.0
27387	3.965602309670385e-33	1.0
27388	1.133078885739189e-22	1.0
27389	1.1851334383106666e-41	1.0
27391	1.4156993399227378e-35	1.0
27392	9.463335704634737e-48	1.0
27393	2.927476182918759e-31	1.0
27394	5.2889311355843165e-19	1.0
27395	2.5387596750000396e-62	1.0
27396	1.36133627178664e-22	1.0
27397	6.018323146822944e-287	1.0
27398	2.790798961564621e-22	1.0
27399	2.7254933400777327e-47	1.0
27400	7.1920381110465e-310	1.0
27401	4.172790380391421e-56	1.0
27402	2.232585016016274e-53	1.0
27403	1.866855175568562e-57	1.0
27404	1.2198477247344138e-27	1.0
27405	4.75771954894e-313	1.0
27406	7.072420618094411e-54	1.0
27407	1.0581616168402796e-35	1.0
27408	2.9166759150422703e-261	1.0
27409	1.322926729078526e-256	1.0
27410	1.5499951326703294e-208	1.0
27411	2.362324614440102e-18	1.0
27412	1.1442824055066414e-30	1.0
27413	1.0555732974988599e-36	1.0
27414	1.0972094489727848e-119	1.0
27415	7.8665e-320	1.0
27416	1.322171918028994e-100	1.0
27417	4.572911389881516e-105	1.0
27418	7.578102197792921e-257	1.0
27419	0.0	1.0
27421	0.0	1.0
27422	7.074775755753076e-91	1.0
27423	6.027692442052877e-49	1.0
27424	9.419435294443178e-172	1.0
27425	5.714752229172858e-97	1.0
27426	4.604888090205276e-41	1.0
27427	2.694997060023679e-38	1.0
27428	2.1917868055354148e-95	1.0
27429	1.719444585375964e-48	1.0
27430	7.158616317086074e-183	1.0
27431	3.5224692358905807e-28	1.0
27432	7.409348737334053e-23	1.0
27433	6.324171963959648e-59	1.0
27434	9.949687379237668e-64	1.0
27435	1.6718579256677162e-50	1.0
27436	5.946951934725253e-38	1.0
27437	0.0	1.0
27438	9.590100535205504e-32	1.0
27439	4.2622669045358155e-32	1.0
27440	8.663163375438015e-260	1.0
27441	1.2734106004872264e-73	1.0
27442	1.2734106004872264e-73	1.0
27443	1.5381953806905182e-35	1.0
27444	7.958323741584338e-305	1.0
27445	1.76580892466356e-120	1.0
27446	0.0	1.0
27447	1.6623329214328203e-91	1.0
27448	1.643267421522397e-70	1.0
27449	4.522189206557871e-50	1.0
27451	0.0	1.0
27452	4.410969928445373e-22	1.0
27453	8.234203024283898e-28	1.0
27454	1.184040358141118e-68	1.0
27455	9.69438310689184e-94	1.0
27456	7.537859664855387e-198	1.0
27457	0.0	1.0
27458	1.2393881294429249e-26	1.0
27459	7.029297694153917e-117	1.0
27460	2.6889880086210476e-20	1.0
27461	1.3942100716000822e-28	1.0
27462	3.3921632490916467e-31	1.0
27463	2.6214937652329984e-80	1.0
27464	3.111725919759186e-101	1.0
27465	7.367209712741269e-17	1.0
27466	7.367209712741269e-17	1.0
27467	2.652612277406759e-85	1.0
27468	5.3223158556464e-16	0.9999999999999996
27469	2.4869191490893585e-30	1.0
27470	2.4869191490893585e-30	1.0
27471	4.0228992878253095e-24	1.0
27472	6.80187020552945e-265	1.0
27473	3.5853130397146182e-143	1.0
27474	9.44079805471373e-30	1.0
27475	0.0	1.0
27476	5.474434740638288e-18	1.0
27477	1.7490909062458508e-94	1.0
27478	8.937819825423855e-259	1.0
27479	1.071130293607771e-29	1.0
27481	0.0	1.0
27482	1.3437124984869158e-109	1.0
27483	0.8223072617048625	0.1776927382951376
27484	0.0	1.0
27485	3.981790197590801e-37	1.0
27486	7.18731934326138e-216	1.0
27487	5.883252630368251e-85	1.0
27488	7.307364571055701e-63	1.0
27489	1.0605205801376406e-28	1.0
27490	2.1450969097433282e-47	1.0
27491	1.8910926296492836e-25	1.0
27492	7.488200354535014e-212	1.0
27493	4.02457463744188e-91	1.0
27494	2.39597602374142e-171	1.0
27495	1.0481441484641134e-54	1.0
27496	6.634327343048803e-29	1.0
27497	1.431978250915836e-28	1.0
27498	4.5281998934285e-26	1.0
27499	2.0688131067057205e-81	1.0
27500	1.300036722999213e-46	1.0
27501	0.0	1.0
27502	1.3669716907115359e-71	1.0
27503	1.9947675473013068e-185	1.0
27504	2.3242558247718714e-117	1.0
27505	0.0	1.0
27506	1.6907451275508037e-108	1.0
27507	5.118439103338232e-302	1.0
27508	5.712860811388891e-54	1.0
27509	5.810972273202939e-41	1.0
27511	4.223146232502422e-103	1.0
27512	0.0	1.0
27513	0.0	1.0
27514	2.93356104187581e-64	1.0
27515	1.0504156061044917e-97	1.0
27516	2.3858670633230817e-39	1.0
27517	1.6091771712223226e-15	0.9999999999999984
27518	8.030477180772336e-74	1.0
27519	3.881116006651715e-34	1.0
27520	8.973610637472971e-47	1.0
27521	0.0	1.0
27522	8.604974216603278e-14	0.9999999999999138
27523	1.7486238270253438e-196	1.0
27524	5.681891850530342e-88	1.0
27525	0.0	1.0
27526	2.035292068635742e-45	1.0
27527	0.0	1.0
27528	4.747229255216824e-50	1.0
27529	2.0297710693674155e-33	1.0
27530	1.0487693702294415e-36	1.0
27531	6.152098110176684e-154	1.0
27532	7.364552764769786e-175	1.0
27533	3.566711631042293e-98	1.0
27534	6.061133693574487e-87	1.0
27535	1.1635018729202475e-144	1.0
27536	2.3185748469072164e-42	1.0
27537	2.129263406791416e-35	1.0
27538	1.594937459201121e-47	1.0
27539	1.5273087436134314e-192	1.0
27541	6.249780765149767e-33	1.0
27542	1.4234026965171409e-31	1.0
27543	1.0008845069244985e-31	1.0
27544	1.0008845069244985e-31	1.0
27545	1.7142090470982043e-50	1.0
27546	6.616716558884263e-182	1.0
27547	1.8229853317682578e-128	1.0
27548	2.5108921625822805e-76	1.0
27549	2.352413529230674e-106	1.0
27550	5.935018192174905e-21	1.0
27551	0.0	1.0
27552	0.0	1.0
27553	1.2283588228809016e-80	1.0
27554	1.4849111914717231e-270	1.0
27555	1.9571154562293847e-156	1.0
27556	6.896663900132371e-22	1.0
27557	6.12174387206872e-186	1.0
27558	1.605814239013974e-207	1.0
27559	2.856034627840207e-199	1.0
27560	1.0245354726619602e-34	1.0
27561	4.742252641930118e-31	1.0
27562	4.421257906935718e-73	1.0
27563	5.6462942568679224e-179	1.0
27564	2.07795698884551e-38	1.0
27565	7.093512774638831e-72	1.0
27566	0.0	1.0
27567	1.590446900508892e-76	1.0
27568	3.4010323598159344e-66	1.0
27569	1.586888162517866e-70	1.0
27571	6.512186296783732e-36	1.0
27572	1.298790843690046e-97	1.0
27573	1.0466018519231444e-24	1.0
27574	0.0	1.0
27575	2.593889756675934e-37	1.0
27576	5.836251952520802e-37	1.0
27577	2.077012965759014e-85	1.0
27578	6.720549508773797e-25	1.0
27579	5.561536800897712e-168	1.0
27580	2.970344053489155e-50	1.0
27581	1.0356040021144556e-39	1.0
27582	1.7366145044645206e-174	1.0
27583	1.1752074681496655e-35	1.0
27584	0.0	1.0
27585	1.5266273469288573e-31	1.0
27586	2.0857186649985783e-186	1.0
27587	1.2431675063308413e-184	1.0
27588	0.0	1.0
27589	2.454852448830788e-188	1.0
27590	2.590586624826639e-190	1.0
27591	0.0	1.0
27592	8.984682915161055e-188	1.0
27593	1.9105588208947607e-186	1.0
27594	1.474580824490173e-188	1.0
27595	3.6116937620138745e-183	1.0
27596	2.4751643167582526e-34	1.0
27597	1.496730086580395e-192	1.0
27598	1.7660212546581732e-41	1.0
27599	1.6176368869187826e-186	1.0
27601	3.1152152209127983e-55	1.0
27602	1.5252151628063264e-190	1.0
27603	0.0	1.0
27604	3.3261490005472075e-44	1.0
27605	8.211230954300024e-196	1.0
27606	3.074782313862441e-187	1.0
27607	1.1105225878134948e-35	1.0
27608	8.504270379560636e-131	1.0
27609	8.669991080982273e-51	1.0
27610	1.0619298856348449e-116	1.0
27611	1.288523943571836e-31	1.0
27612	0.0	1.0
27613	4.8346497664729066e-135	1.0
27614	9.607441854954183e-188	1.0
27615	0.0	1.0
27616	9.508106406257416e-37	1.0
27617	6.52999321855091e-196	1.0
27618	4.589949650612686e-190	1.0
27619	1.3255124377397195e-72	1.0
27620	3.1048468161893487e-189	1.0
27621	2.7275642400843948e-192	1.0
27622	1.0221449258752231e-168	1.0
27623	2.091524993351117e-116	1.0
27624	7.744056942094081e-75	1.0
27625	2.0217360356667495e-30	1.0
27626	3.0175692791099836e-190	1.0
27627	2.0482114588399946e-43	1.0
27628	1.0995222706108996e-184	1.0
27629	0.0	1.0
27631	2.9621086101029535e-186	1.0
27632	1.2973384249339188e-176	1.0
27633	1.2061716941043182e-188	1.0
27634	2.277955942351391e-178	1.0
27635	0.0	1.0
27636	0.0	1.0
27637	1.9523929514233303e-40	1.0
27638	8.50120145316913e-186	1.0
27639	3.071747562616041e-195	1.0
27640	6.991863491686374e-193	1.0
27641	1.2298805094537583e-188	1.0
27642	9.722865069719217e-194	1.0
27643	0.0	1.0
27644	2.6712879535951808e-192	1.0
27645	1.9283304924029475e-188	1.0
27646	9.553317045225223e-160	1.0
27647	1.900832237360043e-187	1.0
27648	2.153653467236338e-187	1.0
27649	2.8687430287630577e-192	1.0
27650	9.31442981153643e-187	1.0
27651	8.443300250746954e-115	1.0
27652	3.250119294128852e-177	1.0
27653	2.475044175156318e-188	1.0
27654	6.192149948975756e-185	1.0
27655	4.791001212247179e-192	1.0
27656	2.747959404480568e-190	1.0
27657	4.6760303514505365e-185	1.0
27658	1.8675269339434314e-178	1.0
27659	9.368883588618532e-192	1.0
27661	2.592046804796678e-193	1.0
27662	2.1583376553231993e-190	1.0
27663	2.6270567915779964e-190	1.0
27664	6.390925887855846e-31	1.0
27665	3.656962229413785e-187	1.0
27666	2.1786275051393317e-48	1.0
27667	2.68354121792384e-37	1.0
27668	8.255547531300802e-190	1.0
27669	3.6822600644987544e-193	1.0
27670	7.357728004241007e-34	1.0
27671	2.5649346994976746e-191	1.0
27672	3.6974309390007796e-95	1.0
27673	0.0	1.0
27674	1.0452402212837842e-181	1.0
27675	5.822267040467807e-194	1.0
27676	1.2107183440680138e-190	1.0
27677	7.87797449030181e-183	1.0
27678	5.648306306832402e-13	0.9999999999994351
27679	3.415335718781072e-185	1.0
27680	4.2738652454772416e-54	1.0
27681	3.374969113570635e-213	1.0
27682	2.47837323803916e-32	1.0
27683	1.210604264373838e-35	1.0
27684	9.740199629779699e-25	1.0
27685	8.274996576278157e-34	1.0
27686	8.274996576278157e-34	1.0
27687	4.2622669045358155e-32	1.0
27688	7.880696001453718e-17	1.0
27689	0.0	1.0
27691	0.0	1.0
27692	0.0	1.0
27693	0.0	1.0
27694	1.3627888835410097e-168	1.0
27695	3.817378863494122e-40	1.0
27696	1.3627888835410097e-168	1.0
27697	4.3032615406955574e-194	1.0
27698	0.0	1.0
27699	2.489126611730757e-186	1.0
27700	1.0014914204040197e-189	1.0
27701	6.119053053764836e-188	1.0
27702	1.2665213052539171e-194	1.0
27703	4.5459541597034025e-188	1.0
27704	8.43377887224897e-181	1.0
27705	1.707452342828338e-190	1.0
27706	3.382757068021167e-10	0.9999999996617244
27707	9.405570324047492e-193	1.0
27708	1.2886986374380646e-28	1.0
27709	3.72379995450559e-192	1.0
27710	5.671995364025389e-23	1.0
27711	3.1602257321593045e-195	1.0
27712	1.3717385590985183e-192	1.0
27713	3.887844618251362e-30	1.0
27714	1.231069076847969e-24	1.0
27715	9.072487243172169e-183	1.0
27716	1.0	0.0
27717	1.0	9.908160422318172e-29
27718	1.0	0.0
27719	1.0	1.514178155049467e-26
27721	1.0	7.981331344330838e-159
27722	0.9999999999999998	1.5433890114742928e-16
27723	1.0	0.0
27724	1.0	4.884745478633677e-39
27725	1.0	5.662644668587847e-65
27726	1.0	5.309065024616504e-24
27727	1.0	1.5620576680136186e-203
27728	1.0	2.1220082842673259e-78
27729	1.0	0.0
27730	1.0	7.113816429583394e-201
27731	1.0	3.6292834932823997e-96
27732	1.0	2.5501687776444858e-82
27733	1.0	0.0
27734	1.0	0.0
27735	1.0	1.4307165730180209e-103
27736	1.0	2.1133978742958677e-67
27737	1.0	2.8217263526521746e-62
27738	1.0	4.615214716630343e-128
27739	1.0	1.4309658343198454e-90
27740	1.0	0.0
27741	1.0	0.0
27742	1.0	0.0
27743	1.0	3.8304779923452537e-29
27744	1.0	4.8233602310292527e-132
27745	0.9989426287598073	0.0010573712401927555
27746	1.0	5.367989964462455e-77
27747	1.0	9.272051583605864e-19
27748	1.0	6.025081949902214e-47
27749	1.0	5.064122307378734e-109
27751	1.0	0.0
27752	1.0	1.6669787918598636e-185
27753	1.0	4.144344852984003e-120
27754	1.0	1.44828989981967e-306
27755	1.0	2.3109573508176474e-131
27756	1.0	6.937580449231905e-184
27757	1.0	2.5859179187007625e-54
27758	1.0	0.0
27759	1.0	0.0
27760	1.0	8.180373531842156e-54
27761	1.0	1.1452136605557686e-21
27762	1.0	1.9129375048512592e-29
27763	1.0	3.5201190606746216e-80
27764	0.9999999999088733	9.112655886582337e-11
27765	1.0	3.9156343893368435e-54
27766	1.0	0.0
27767	1.0	7.262055896574317e-56
27768	1.0	5.202411534249427e-81
27769	1.0	2.8036577594284985e-45
27770	1.0	6.677507393248238e-64
27771	0.9999999999645797	3.542032556250527e-11
27772	1.0	0.0
27773	1.0	2.326851844538993e-35
27774	1.0	3.745527008665021e-135
27775	1.0	2.1237282327033104e-60
27776	1.0	2.6727822523386286e-101
27777	1.0	1.848125045262113e-167
27778	1.0	1.904900006195836e-123
27779	1.0	1.2638251768439414e-71
27781	1.0	3.286916030994188e-101
27782	1.0	5.260201534140639e-23
27783	1.0	0.0
27784	1.0	2.430733938077449e-157
27785	1.0	0.0
27786	1.0	4.471444915967186e-45
27787	1.0	0.0
27788	1.0	2.090397e-318
27789	1.0	2.21935180523027e-154
27790	1.0	1.5658754601930447e-109
27791	0.9999999999808615	1.913842461110195e-11
27792	1.0	1.6612123589325623e-96
27793	1.0	5.0627793916361245e-93
27794	1.0	5.981941307104495e-124
27795	1.0	1.1732927858370723e-145
27796	1.0	3.3471226998270026e-111
27797	1.0	6.210380759792636e-81
27798	1.0	4.1320415683968075e-34
27799	1.0	2.1112514443276626e-124
27800	1.0	1.3460308749791837e-181
27801	1.0	2.4178827932645234e-167
27802	1.0	1.005448949897094e-37
27803	1.0	6.268076881168626e-112
27804	1.0	9.046280351519975e-133
27805	1.0	0.0
27806	1.0	3.7124624537576983e-63
27807	1.0	3.79423077910041e-62
27808	1.0	7.91899075408321e-257
27809	1.0	9.09661137695564e-165
27811	1.0	6.292838377226646e-52
27812	1.0	1.2834839607367697e-90
27813	1.0	0.0
27814	1.0	4.968806121057967e-100
27815	1.0	0.0
27816	1.0	2.8029986506038456e-250
27817	1.0	0.0
27818	1.0	2.585298129605572e-122
27819	1.0	0.0
27820	1.0	0.0
27821	1.0	0.0
27822	1.0	9.365149231834748e-48
27823	1.0	5.1821169630000974e-64
27824	1.0	0.0
27825	1.0	1.969229944440862e-38
27826	1.0	4.5299708405225054e-39
27827	1.0	5.442639020949914e-41
27828	1.0	8.793627390145039e-20
27829	1.0	1.5243227412438828e-86
27830	1.0	5.0468088149654206e-36
27831	0.9999999999990934	9.066519403101344e-13
27832	1.0	5.978904645481349e-33
27833	0.9999900096695511	9.990330448882542e-06
27834	1.0	1.971891530769864e-51
27835	1.0	2.3599725017973117e-22
27836	1.0	1.1398661792098851e-42
27837	1.0	0.0
27838	1.0	0.0
27839	1.0	0.0
27841	1.0	4.054153344318594e-224
27842	1.0	0.0
27843	1.0	1.1400468959969493e-130
27844	1.0	1.2114496358374036e-36
27845	1.0	7.041865009828068e-126
27846	1.0	5.948251446521599e-35
27847	0.9737101471766562	0.026289852823343875
27848	1.0	2.7697299625785828e-303
27849	1.0	5.365225209443079e-101
27850	0.9999999999999754	2.4650552889546204e-14
27851	1.0	4.4414715063715654e-150
27852	0.9999999999977831	2.216985218289484e-12
27853	1.0	2.3996935988490753e-41
27854	1.0	0.0
27855	1.0	0.0
27856	1.0	9.181692421508528e-221
27857	1.0	1.3163219158046596e-132
27858	1.0	3.8268190091805e-42
27859	0.9999834709547926	1.652904520751026e-05
27860	1.0	4.860126687681458e-51
27861	1.0	3.682322056470408e-41
27862	1.0	1.693625655895742e-40
27863	1.0	1.804606524413019e-51
27864	1.0	4.3452731629238795e-23
27865	1.0	0.0
27866	1.0	1.9315321227362337e-204
27867	1.0	1.0988417832485763e-93
27868	1.0	2.56667992594651e-134
27869	1.0	2.0816840295982022e-227
27871	1.0	3.826061454176282e-183
27872	1.0	0.0
27873	1.0	0.0
27874	1.0	2.6088054725579053e-212
27875	1.0	3.926794481430327e-26
27876	1.0	5.987428183547668e-79
27877	1.0	0.0
27878	1.0	1.2701006177430516e-31
27879	0.9999999346622308	6.533776924571319e-08
27880	0.9988757867889179	0.0011242132110821448
27881	1.0	0.0
27882	1.0	8.694738220328161e-212
27883	0.9996801953330133	0.00031980466698665143
27884	1.0	1.611345186883665e-44
27885	0.9999999995879434	4.120565329076928e-10
27886	1.0	2.866255836056582e-51
27887	1.0	3.426169090129612e-69
27888	1.0	2.0274722072864724e-206
27889	1.0	2.8836577415780107e-136
27890	1.0	1.5544106412925776e-103
27891	1.0	7.410677219998868e-79
27892	1.0	1.8072495524463088e-243
27893	1.0	1.0784727133452352e-52
27894	1.0	2.236512173527503e-45
27895	1.0	4.34885796174336e-160
27896	1.0	0.0
27897	1.0	0.0
27898	1.0	2.432597355e-315
27899	1.0	0.0
27901	1.0	8.616815836034625e-67
27902	0.9999999878636655	1.21363345577973e-08
27903	1.0	1.322307e-318
27904	1.0	4.025748961937504e-103
27905	1.0	1.2527651960590151e-183
27906	1.0	8.64914151089805e-30
27907	1.0	4.11361597231973e-269
27908	1.0	5.636716032676219e-144
27909	1.0	2.1682127710860563e-42
27910	1.0	1.0413517306583726e-46
27911	0.643665661387054	0.3563343386129461
27912	1.0	2.898142633577616e-161
27913	0.9999999999999969	3.0833653430204734e-15
27914	1.0	2.9184769147517924e-302
27915	1.0	1.0239464505256143e-88
27916	1.0	4.94497996332814e-154
27917	1.0	1.9487757800781734e-58
27918	1.0	0.0
27919	1.0	1.1409991106777807e-78
27920	1.0	2.594838408534795e-210
27921	1.0	0.0
27922	1.0	0.0
27923	1.0	7.765803621225422e-29
27924	1.0	1.5927548644576765e-248
27925	1.0	0.0
27926	1.0	3.475664150419632e-39
27927	1.0	2.8186764865222686e-277
27928	1.0	1.5545563470486134e-17
27929	1.0	0.0
27931	1.0	0.0
27932	1.0	0.0
27933	1.0	2.405050197009186e-160
27934	1.0	3.714245928896884e-167
27935	1.0	0.0
27936	1.0	0.0
27937	1.0	3.24931420894953e-185
27938	1.0	1.0790574147222436e-127
27939	1.0	2.983838957427759e-60
27940	1.0	1.1332848704175082e-64
27941	1.0	1.0135172460245038e-62
27942	1.0	1.3111967777208988e-64
27943	1.0	0.0
27944	1.0	0.0
27945	1.0	3.9138585030750515e-152
27946	1.0	3.273260257023409e-29
27947	1.0	2.868148141934529e-187
27948	1.0	0.0
27949	0.9999999999999887	1.1257971212355433e-14
27950	1.0	1.8995126659881156e-40
27951	1.0	6.458519422362587e-159
27952	1.0	0.0
27953	0.9999999999925822	7.417838053087632e-12
27954	1.0	3.296493804e-313
27955	1.0	1.2370183212590694e-21
27956	1.0	4.561927482358027e-147
27957	1.0	0.0
27958	1.0	1.3719290676484156e-113
27959	1.0	4.8082158349749836e-42
27961	1.0	1.9748549524257e-77
27962	1.0	5.564170224018964e-72
27963	0.9999999999988787	1.1212518916209724e-12
27964	1.0	5.453439455844406e-214
27965	1.0	0.0
27966	1.0	0.0
27967	1.0	4.5043136184310955e-145
27968	1.0	1.8872842098726302e-138
27969	0.9999999989696566	1.030343357491203e-09
27970	1.0	0.0
27971	0.17620005680298276	0.8237999431970172
27972	1.0	3e-323
27973	1.0	3.1629312353577514e-102
27974	1.0	9.452702337422372e-41
27975	1.0	7.338741682891655e-186
27976	0.9999999878636655	1.21363345577973e-08
27977	0.9999999999999998	1.835217291612766e-16
27978	0.9999999999996287	3.712182190295853e-13
27979	1.0	5.7513165083530014e-216
27980	1.0	2.0149025950000872e-21
27981	1.0	1e-323
27982	0.9999999914474037	8.552596399284705e-09
27983	1.0	2.1725019390476888e-69
27984	1.0	5.764733158442774e-58
27985	1.0	6.608857737851538e-216
27986	1.0	0.0
27987	1.0	5.567586678647178e-98
27988	1.0	0.0
27989	1.0	0.0
27991	1.0	0.0
27992	1.0	5.679838482091895e-20
27993	1.0	5.70303899962423e-141
27994	1.0	7.792006078668826e-64
27995	1.0	7.550013275427041e-73
27996	1.0	0.0
27997	0.9999999999996172	3.8276118767823133e-13
27998	1.0	6.08257662981862e-62
27999	0.018321934678301684	0.9816780653216983
28000	1.0	7.978548647989869e-24
28001	1.0	1.790534358836345e-144
28002	1.0	1.7016262685971532e-70
28003	1.0	7.495211809368782e-79
28004	0.9999999162916658	8.370833418024561e-08
28005	1.0	2.5185083157367432e-136
28006	1.0	5.7732124784802195e-64
28007	1.0	1.828120249047965e-288
28008	1.0	6.5230790612431776e-195
28009	1.0	6.550126656185251e-22
28010	1.0	8.803360327772109e-160
28011	1.0	1.6755659902789633e-108
28012	1.0	0.0
28013	1.0	3.869381406522815e-82
28014	1.0	3.757574470614805e-138
28015	1.0	4.794855669627974e-75
28016	1.0	2.263187717331069e-17
28017	1.0	8.238606776887137e-90
28018	1.0	0.0
28019	1.0	0.0
28021	1.0	1.2683885862686628e-267
28022	1.0	2.44739281271425e-309
28023	1.0	0.0
28024	1.0	2.5305686437717505e-88
28025	1.0	2.3054842598404216e-281
28026	1.0	3.573553956299778e-108
28027	1.0	1.7305914800521403e-72
28028	0.9999999999601215	3.9878515618973214e-11
28029	1.0	8.165048482717023e-57
28030	1.0	5.369293911641999e-38
28031	1.0	0.0
28032	1.0	1.0227162779241105e-59
28033	1.0	0.0
28034	1.0	1.8302459711174303e-106
28035	0.9999998593267516	1.4067324832812617e-07
28036	1.0	0.0
28037	1.0	6.011809849947418e-44
28038	1.0	0.0
28039	1.0	1.630835663476365e-181
28040	1.0	5.621208442734981e-135
28041	1.0	4.0124188765032035e-234
28042	1.0	8.192153237594962e-58
28043	1.0	2.976456389997253e-209
28044	1.0	3.2873634977669645e-59
28045	1.0	1.1066214129481314e-149
28046	1.0	2.4164788850908417e-260
28047	1.0	6.062418618078272e-300
28048	1.0	5.839630148022084e-26
28049	1.0	2.5778166851854618e-24
28051	1.0	2.6731858679205136e-236
28052	1.0	3.666137298244061e-76
28053	1.0	2.0302792324525204e-142
28054	1.0	9.005969740741965e-90
28055	1.0	7.742824289738316e-113
28056	1.0	1.3267170170669508e-94
28057	1.0	1.7479916374456646e-66
28058	1.0	6.552335696552567e-304
28059	1.0	4.11676966531162e-227
28060	1.0	1.474082102586616e-44
28061	1.0	0.0
28062	1.0	2.9351763026775034e-72
28063	1.0	6.189307950525444e-76
28064	1.0	1.6737775747399468e-220
28065	1.0	0.0
28066	1.0	0.0
28067	1.0	1.4112524310969697e-53
28068	1.0	0.0
28069	1.0	4.324926161396633e-22
28070	1.0	0.0
28071	1.0	1.5636730440981715e-57
28072	1.0	7.396303925894207e-121
28073	0.9864232839861875	0.013576716013812558
28074	1.0	1.1025644752608955e-256
28075	1.0	1.2015331951781335e-290
28076	1.0	6.304254211142666e-23
28077	1.0	0.0
28078	1.0	0.0
28079	1.0	1.1997207039545486e-297
28081	1.0	2.304139359683035e-162
28082	1.0	0.0
28083	1.0	1.7141551906587668e-114
28084	1.0	2.9739850169716266e-140
28085	1.0	2.573908889198568e-138
28086	1.0	7.05841369549372e-129
28087	1.0	2.0659687911462985e-187
28088	1.0	1.6646028631272337e-86
28089	1.0	2.429169838415536e-50
28090	1.0	8.98552994427113e-45
28091	1.0	4.2504435754680213e-100
28092	1.0	2.0933216204286314e-80
28093	1.0	5.122945664648482e-64
28094	1.0	3.8754762851166956e-209
28095	1.0	2.829532022841582e-23
28096	1.0	7.200733998234688e-108
28097	1.0	1.912848903356851e-117
28098	1.0	2.6863401388653037e-99
28099	1.0	8.757972828846115e-292
28100	1.0	1.4826516722218598e-28
28101	1.0	0.0
28102	1.0	4.5473819000447726e-38
28103	1.0	8.894883133138214e-91
28104	1.0	3.759469779534743e-42
28105	1.0	5.686588543763284e-88
28106	1.0	6.676089382307102e-232
28107	1.0	7.001778516133142e-45
28108	1.0	6.006510881638247e-62
28109	0.9999996725345959	3.274654040348711e-07
28111	1.0	0.0
28112	1.0	3.706754944101221e-21
28113	1.0	0.0
28114	1.0	1.5267730428007357e-36
28115	1.0	0.0
28116	1.0	2.758641186823593e-97
28117	1.0	0.0
28118	1.0	4.617754238064616e-294
28119	1.0	5.062158899025944e-103
28120	1.0	3.494395580097732e-137
28121	1.0	6.04322336121279e-273
28122	1.0	1.3309490767539512e-152
28123	1.0	1.2928565899882937e-35
28124	1.0	2.4374731684498688e-231
28125	1.0	1.5285105340968367e-64
28126	1.0	3.048825243696485e-132
28127	1.0	3.8232317865206984e-207
28128	0.8821297613321846	0.11787023866781551
28129	1.0	4.132817146866784e-96
28130	1.0	3.715413285282647e-38
28131	1.0	0.0
28132	1.0	2.03605274318315e-310
28133	1.0	4.9155088034298216e-111
28134	1.0	0.0
28135	1.0	0.0
28136	1.0	1.5698499138958886e-110
28137	1.0	0.0
28138	1.0	0.0
28139	1.0	5.7388843547675626e-58
28141	1.0	5.181684319165411e-296
28142	1.0	2.064298451921531e-57
28143	1.0	2.3276491008676405e-302
28144	1.0	2.0025600893127842e-216
28145	1.0	1.463651501717932e-230
28146	1.0	7.288558975492696e-206
28147	1.0	7.629220230872671e-77
28148	1.0	7.283594116244153e-199
28149	1.0	1.9867738982125068e-63
28150	1.0	2.19879458096912e-91
28151	1.0	2.0834049956900547e-105
28152	1.0	1.433174539909992e-104
28153	1.0	5.273090841559196e-283
28154	1.0	0.0
28155	1.0	3.527883511637493e-22
28156	1.0	1.642792157444308e-55
28157	1.0	3.631082814900259e-90
28158	1.0	1.4428259743297108e-294
28159	1.0	0.0
28160	1.0	5.2852759254491875e-19
28161	1.0	3.55045072398091e-80
28162	1.0	1.0165948997510484e-240
28163	1.0	1.671736451770704e-291
28164	1.0	3.1459170481077348e-74
28165	1.0	0.0
28166	1.0	7.82558271453365e-144
28167	1.0	1.1048989263832164e-70
28168	1.0	3.3703217646294477e-62
28169	0.9999999711917352	2.880826466819945e-08
28171	1.0	0.0
28172	1.0	2.8116644038309587e-42
28173	1.0	2.0788112413581207e-259
28174	1.0	4.183235261825376e-152
28175	1.0	5.370889091200085e-39
28176	1.0	2.1080300950151208e-25
28177	1.0	1.073237374629627e-258
28178	1.0	5.955144023530012e-30
28179	1.0	4.5432701038567234e-42
28180	1.0	2.9810779649304577e-263
28181	1.0	7.112090156933781e-78
28182	1.0	2.816057200859154e-148
28183	1.0	8.440974447370875e-183
28184	1.0	0.0
28185	1.0	0.0
28186	1.0	2.5831141464325445e-103
28187	0.9999999999999971	2.8449892109602645e-15
28188	1.0	1.123212377e-315
28189	1.0	2.2382020975423987e-294
28190	1.0	4.52580451458689e-288
28191	1.0	2.919744267793109e-18
28192	1.0	2.435612498333224e-268
28193	1.0	0.0
28194	1.0	0.0
28195	1.0	2.522059579620869e-130
28196	1.0	1.730432578797092e-212
28197	1.0	1.4618542557330133e-158
28198	1.0	1.4459729622294295e-58
28199	1.0	4.724171339848515e-61
28201	1.0	4.748460149364299e-159
28202	1.0	1.2816102396422673e-55
28203	1.0	3.9755161477021864e-104
28204	1.0	1.0272580701921124e-265
28205	1.0	2.1029181624999592e-44
28206	1.0	0.0
28207	1.0	5.688486508018551e-238
28208	1.0	5.5908318705303844e-58
28209	0.9999999999999991	8.95407515902939e-16
28210	1.0	1.5657344237144957e-30
28211	1.0	5.800457198045994e-27
28212	1.0	0.0
28213	1.0	3.437841952946672e-300
28214	1.0	1.944808750605224e-18
28215	1.0	3.2712149918730066e-143
28216	1.0	0.0
28217	0.9999999382762663	6.17237337492541e-08
28218	1.0	4.7545426664861054e-303
28219	1.0	8.064848477859554e-161
28220	1.0	0.0
28221	1.0	0.0
28222	1.0	3.563297447260999e-68
28223	1.0	2.0167329018358776e-142
28224	1.0	4.242497608217325e-52
28225	1.0	3.713894671729703e-151
28226	1.0	5.040948697348143e-32
28227	1.0	0.0
28228	1.0	0.0
28229	1.0	2.1026955064221557e-45
28231	1.0	0.0
28232	1.0	0.0
28233	1.0	5.630573599966682e-146
28234	0.9999999999999445	5.553697672333567e-14
28235	1.0	5.908094149915953e-190
28236	1.0	2.0498676106621645e-137
28237	1.0	2.0695789032825275e-134
28238	1.0	2.0138150803110107e-52
28239	1.0	0.0
28240	1.0	0.0
28241	1.0	6.133475458028519e-20
28242	1.0	1.5045405292639802e-146
28243	1.0	0.0
28244	1.0	4.503138750718118e-114
28245	1.0	2.9375872145483023e-235
28246	1.0	1.132586156979238e-174
28247	1.0	0.0
28248	1.0	8.218495968791161e-220
28249	1.0	0.0
28250	1.0	6.510357460762324e-168
28251	1.0	1.1185894918776356e-119
28252	1.0	0.0
28253	1.0	5.668986704461821e-44
28254	1.0	2.4893469235943443e-27
28255	1.0	5.554445116390165e-156
28256	0.9999981485302554	1.8514697445826171e-06
28257	1.0	0.0
28258	1.0	0.0
28259	1.0	3.0293861233775236e-241
28261	1.0	6.46738632083012e-166
28262	1.0	3.63016699599299e-58
28263	1.0	5.680818392577228e-28
28264	1.0	0.0
28265	1.0	0.0
28266	1.0	2.0075386842004213e-86
28267	1.0	0.0
28268	1.0	5.454631202773427e-20
28269	1.0	0.0
28270	1.0	9.8e-322
28271	1.0	1.7962730156038592e-22
28272	1.0	0.0
28273	0.9999999878636655	1.21363345577973e-08
28274	1.0	1.823372969279096e-39
28275	1.0	0.0
28276	1.0	0.0
28277	1.0	0.0
28278	1.0	9.491244298885562e-47
28279	1.0	4.722319943450706e-190
28280	1.0	7.110068359811724e-27
28281	1.0	1.5033224445800437e-203
28282	1.0	0.0
28283	1.0	7.183479391799667e-43
28284	1.0	2.4937931654444636e-142
28285	1.0	0.0
28286	1.0	8.327105199862062e-83
28287	1.0	1.7436840963673606e-28
28288	1.0	0.0
28289	1.0	0.0
28291	1.0	5.249701069706341e-95
28292	1.0	2.84978139300532e-252
28293	1.0	0.0
28294	1.0	1.4975666229638064e-236
28295	1.0	9.233262556966677e-204
28296	1.0	5.31779356758872e-56
28297	1.0	6.143395364418363e-152
28298	1.0	0.0
28299	1.0	1.2143846638786082e-131
28300	1.0	0.0
28301	1.0	0.0
28302	0.11059864458165979	0.8894013554183401
28303	1.0	5.331547782660703e-20
28304	1.0	1.4269465308588558e-157
28305	1.0	2.168510049064278e-180
28306	1.0	1.3514009167732498e-167
28307	1.0	9.26655485586694e-47
28308	0.9999939909119231	6.009088076996912e-06
28309	1.0	2.912582408524365e-185
28310	1.0	1.726091485395549e-185
28311	1.0	1.2316046767500058e-20
28312	1.0	8.347288336638498e-32
28313	1.0	5.942386221311119e-100
28314	1.0	1.9692608287630442e-227
28315	1.0	4.945538666611715e-58
28316	1.0	1.55982112249181e-23
28317	1.0	1.430239095127828e-160
28318	1.0	0.0
28319	0.9999999995899747	4.1002530289452777e-10
28321	1.0	1.0158451737441927e-36
28322	1.0	9.114362210946326e-25
28323	1.0	0.0
28324	1.0	4.083790831007725e-74
28325	1.0	2.0289443758559462e-42
28326	1.0	0.0
28327	1.0	6.769982981447071e-20
28328	1.0	0.0
28329	1.0	1.7784016464370743e-296
28330	1.0	4.018785488083336e-268
28331	1.0	6.273970392426163e-70
28332	1.0	8.172806293313959e-67
28333	1.0	3.1968915385936274e-81
28334	1.0	2.7475856993692905e-20
28335	1.0	4.268625076113998e-37
28336	1.0	3.648045506266799e-266
28337	0.9999999994102267	5.897734508511013e-10
28338	1.0	5.923511235808058e-54
28339	1.0	8.451056820395213e-20
28340	1.0	0.0
28341	1.0	5.053916407963923e-25
28342	1.0	8.388662155279414e-245
28343	1.0	0.0
28344	1.0	0.0
28345	1.0	2.697208807753206e-57
28346	1.0	4.90376760830078e-123
28347	1.0	2.8404899032362318e-297
28348	1.0	1.5992379888583657e-17
28349	1.0	9.178720597362245e-89
28351	1.0	9.57374653712051e-59
28352	1.0	0.0
28353	1.0	1.8625184741031458e-197
28354	1.0	1.6445862712838108e-62
28355	1.0	1.5170461097057686e-20
28356	1.0	9.977852973954041e-21
28357	1.0	3.363956315124751e-77
28358	1.0	0.0
28359	1.0	0.0
28360	1.0	0.0
28361	1.0	2.556932948261158e-88
28362	1.0	7.144435285432316e-23
28363	0.9999999999998854	1.145647937708076e-13
28364	1.0	3.697919410689387e-21
28365	1.0	2.4977301326332166e-205
28366	1.0	0.0
28367	1.0	3.2491783817381923e-100
28368	1.0	2.3071086436295253e-58
28369	1.0	1.4478864827471361e-130
28370	1.0	3.3600610050849505e-95
28371	1.0	1.7238951095111093e-181
28372	1.0	0.0
28373	1.0	7.166433498762894e-41
28374	1.0	1.4176145935144738e-51
28375	1.0	8.665590488768652e-23
28376	1.0	0.0
28377	1.0	0.0
28378	1.0	0.0
28379	1.0	5.145479437778321e-268
28381	1.0	0.0
28382	1.0	2.1392504284924004e-80
28383	1.0	7.100302109225662e-36
28384	1.0	3.8835283451096906e-50
28385	1.0	3.1755048774877093e-81
28386	1.0	7.430678351469247e-245
28387	1.0	6.695524372279934e-256
28388	1.0	2.161855903739205e-146
28389	1.0	4.791038387083135e-156
28390	1.0	6.585479688609937e-17
28391	1.0	4.791038387083135e-156
28392	1.0	1.1286135868238722e-20
28393	1.0	1.9331608086983468e-28
28394	1.0	7.766063025659173e-96
28395	1.0	0.0
28396	1.0	1.5621176844068857e-37
28397	1.0	0.0
28398	1.0	8.94942302019418e-96
28399	1.0	0.0
28400	1.0	1.7576306227829892e-62
28401	1.0	1.7576306227829892e-62
28402	1.0	1.540682305157346e-20
28403	1.0	2.1943279548562762e-43
28404	1.0	0.0
28405	1.0	1.655915082216073e-180
28406	1.0	0.0
28407	1.0	1.621679022035532e-93
28408	1.0	1.621679022035532e-93
28409	1.0	0.0
28411	1.0	1.9677850209003262e-113
28412	1.0	3.756094664291554e-85
28413	1.0	1.4981467984935262e-71
28414	1.0	8.176499886429745e-129
28415	1.0	0.0
28416	1.0	0.0
28417	1.0	5.128811505857123e-103
28418	1.0	2.2847716883976738e-186
28419	1.0	0.0
28420	1.0	2.2907834437960693e-56
28421	1.0	5.1523840919205755e-23
28422	1.0	0.0
28423	1.0	0.0
28424	1.0	2.2847716883976738e-186
28425	1.0	1.4212541778526355e-89
28426	1.0	2.869344874849195e-154
28427	1.0	2.7887026889059893e-169
28428	1.0	4.696610026562823e-71
28429	1.0	1.9150642554097218e-20
28430	1.0	1.9150642554097218e-20
28431	1.0	5.1523840919205755e-23
28432	1.0	0.0
28433	1.0	2.1382024719867388e-88
28434	1.0	1.1199642153687525e-101
28435	1.0	3.470208855647326e-207
28436	1.0	1.062157e-318
28437	1.0	0.0
28438	1.0	9.055215163489308e-22
28439	1.0	7.810582479959392e-96
28441	1.0	4.19732384878386e-309
28442	1.0	0.0
28443	1.0	7.320891784027705e-74
28444	1.0	1.8582483514718425e-222
28445	1.0	1.1035070051388521e-23
28446	1.0	5.665995542202343e-29
28447	1.0	1.1035070051388521e-23
28448	1.0	2.2477209760693557e-28
28449	1.0	1.99283522830661e-23
28450	1.0	1.8126892896993797e-304
28451	1.0	6.19003721710133e-139
28452	1.0	6.689030637299798e-176
28453	1.0	1.1538390236293031e-17
28454	1.0	0.0
28455	1.0	3.2438760611456123e-171
28456	1.0	4.403399689863221e-26
28457	1.0	1.4559796758905624e-37
28458	1.0	3.2438760611456123e-171
28459	1.0	3.066815068171187e-22
28460	0.9999999999999485	5.1517949058339307e-14
28461	1.0	2.159665278533391e-57
28462	1.0	0.0
28463	1.0	2.4511660080533813e-32
28464	1.0	3.138508521932656e-61
28465	1.0	8.383529291097276e-24
28466	1.0	4.0386201085960006e-78
28467	1.0	0.0
28468	1.0	5.311002443066995e-55
28469	1.0	7.759466033083512e-25
28471	1.0	1.6808382662655708e-77
28472	1.0	1.0163410194036723e-269
28473	1.0	5.664157306358994e-225
28474	1.0	5.664157306358994e-225
28475	1.0	9.942564112512721e-219
28476	1.0	8.557834934177265e-70
28477	1.0	0.0
28478	1.0	4.1067942706204067e-25
28479	1.0	1.8414327294615727e-94
28480	1.0	6.0561453768435674e-90
28481	1.0	8.034545605155464e-67
28482	1.0	5.5792258913799536e-36
28483	1.0	5.064286590605e-311
28484	1.0	0.0
28485	1.0	0.0
28486	1.0	0.0
28487	1.0	2.866686546174668e-25
28488	1.0	1.2942805690091196e-83
28489	1.0	0.0
28490	1.0	7.147290342960525e-25
28491	1.0	6.751037182632377e-20
28492	1.0	5.758765940304306e-65
28493	1.0	7.708067559795375e-121
28494	1.0	0.0
28495	1.0	9.833225089788658e-18
28496	1.0	7.799586990450576e-150
28497	1.0	0.0
28498	1.0	4.433232216577874e-298
28499	1.0	1.6032870423295847e-164
28501	0.9999999999994287	5.71406556891392e-13
28502	1.0	1.3936727874263316e-149
28503	1.0	8.58664434327849e-52
28504	1.0	9.767320302240558e-65
28505	1.0	2.6189699121428482e-228
28506	1.0	1.7836068028311128e-89
28507	1.0	4.5865180245773945e-71
28508	0.9992641484442879	0.0007358515557121309
28509	1.0	1.9220557954448953e-55
28510	1.0	1.9846243041704946e-70
28511	1.0	1.211362411242861e-117
28512	1.0	7.630325067162096e-192
28513	0.9999999958931416	4.10685842660915e-09
28514	1.0	2.369003213011775e-140
28515	1.0	1.4789082526914448e-42
28516	1.0	1.9745366411602482e-173
28517	1.0	2.242428160517899e-199
28518	0.7148244288379313	0.28517557116206876
28519	1.0	0.0
28520	3.212707449221604e-08	0.9999999678729256
28521	0.9999999999998406	1.5933905150284751e-13
28522	1.0	2.5557362826424492e-113
28523	0.9999999999999947	5.284135392348814e-15
28524	1.0	1.471673451386996e-221
28525	0.7148244288379313	0.28517557116206876
28526	1.0	2.5975121581786493e-56
28527	1.0	1.1426018911961867e-82
28528	1.0	4.2775640548355754e-70
28529	1.0	8.800978772130404e-305
28531	1.0	1.2263013032512105e-155
28532	1.0	9.34123042109251e-130
28533	1.0	9.910430114385325e-28
28534	1.0	1.8478587814773987e-135
28535	1.0	6.678428441093463e-176
28536	1.0	7.845711412833126e-213
28537	1.0	0.0
28538	1.0	0.0
28539	1.0	9.59273981175263e-182
28540	1.0	4.202650519815063e-31
28541	1.0	7.508819253482276e-113
28542	1.0	9.798454515186655e-147
28543	1.0	9.042257160036608e-154
28544	1.0	5.540022245089034e-191
28545	0.41799557401573545	0.5820044259842646
28546	1.0	0.0
28547	1.0	0.0
28548	1.0	6.220795375020833e-155
28549	1.0	4.548687064044245e-61
28550	1.0	0.0
28551	1.0	2.0727107257062747e-305
28552	1.0	1.4329315666926152e-109
28553	1.0	2.157069726857188e-69
28554	1.0	9.909877839847474e-87
28555	0.9999999999952884	4.711598428643157e-12
28556	1.0	4.553886034820765e-81
28557	1.0	1.2287673132677239e-40
28558	0.9999996874974844	3.12502515586573e-07
28559	0.9999999999995011	4.9893790269541e-13
28561	1.0	0.0
28562	1.0	2.892234527556934e-198
28563	1.0	0.0
28564	1.0	1.2752779269908891e-24
28565	1.0	1.3101597090623381e-306
28566	1.0	7.804868796834378e-73
28567	1.0	0.0
28568	1.0	1.974732881699108e-27
28569	1.0	0.0
28570	1.0	1.7799251566227283e-76
28571	1.0	0.0
28572	1.0	0.0
28573	1.0	0.0
28574	1.0	0.0
28575	1.0	1.328091263940088e-90
28576	1.0	3.0593910929836396e-23
28577	1.0	2.4580616310422892e-116
28578	1.0	1.9367778677269344e-55
28579	1.0	2.4111004509188985e-47
28580	1.0	9.390437682205879e-56
28581	1.0	1.0798141964075534e-306
28582	1.0	1.5119936190499143e-49
28583	1.0	1.3470357862418466e-35
28584	0.9999999999999996	3.6332284375428365e-16
28585	1.0	2.3855041771662314e-28
28586	0.9999999978476934	2.1523066520315636e-09
28587	1.0	1.4391364875902035e-92
28588	1.0	0.0
28589	1.0	6.487353478293349e-35
28591	1.0	5.796657354468333e-42
28592	1.0	1.35224439030635e-309
28593	0.9999999792361329	2.0763867174845703e-08
28594	1.0	1.2984946395704412e-208
28595	1.0	2.1019773983827785e-242
28596	1.0	5.4896575318361425e-189
28597	1.0	4.930578677721271e-140
28598	1.0	5.4195487988812715e-40
28599	1.0	2.1161270959948315e-30
28600	1.0	4.4666277214337825e-79
28601	1.0	1.2200828526506831e-306
28602	1.0	1.4499783223748235e-149
28603	1.0	1.695945907352496e-78
28604	0.9999999995931699	4.0683012871829356e-10
28605	1.0	6.7178099616291e-53
28606	1.0	2.7206687246131655e-140
28607	1.0	1.333304547154008e-37
28608	1.0	1.7363005398807004e-305
28609	1.0	1.2201334716328193e-130
28610	1.0	2.6148602608262388e-141
28611	1.0	4.443174427333502e-193
28612	1.0	8.92463467259125e-60
28613	1.0	3.524076759138399e-171
28614	1.0	3.53029925096887e-61
28615	1.0	0.0
28616	1.0	0.0
28617	1.0	2.1824426643523862e-45
28618	1.0	1.5772040338772747e-28
28619	1.0	7.357732923231712e-154
28621	1.0	1.9968239991872722e-87
28622	1.0	3.1143867760385855e-39
28623	1.0	2.989988193362936e-50
28624	1.0	4.3225770006508146e-70
28625	1.0	0.0
28626	1.0	5.191211851708828e-38
28627	1.0	5.68929852236813e-17
28628	1.0	7.62127799282274e-103
28629	1.0	6.076094992609137e-50
28630	1.0	2.447696502564338e-48
28631	1.0	6.122919147773051e-72
28632	1.0	1.1351812687559587e-60
28633	1.0	2.3319398424531224e-102
28634	1.0	1.5424309198824005e-35
28635	1.0	1.2814128154521062e-45
28636	1.0	9.87031741770591e-163
28637	1.0	8.481075407822326e-145
28638	1.0	1.445158443081529e-57
28639	1.0	9.671366087374647e-211
28640	1.0	2.6033929632672988e-304
28641	1.0	1.9257099457983763e-23
28642	0.006636638266575509	0.9933633617334245
28643	1.0	1.634478169044555e-56
28644	1.0	2.9486257950976056e-164
28645	1.0	5.070104768429423e-63
28646	1.0	4.133443939289031e-39
28647	1.0	0.0
28648	1.0	6.238552101714e-312
28649	1.0	2.018530647283e-312
28651	0.5058518862581228	0.4941481137418771
28652	1.0	1.3555107294775906e-246
28653	1.0	0.0
28654	1.0	1.6615517682143617e-300
28655	1.0	9.621587574568345e-141
28656	1.0	5.754547898371437e-37
28657	1.0	5.3862840195391555e-120
28658	1.0	2.389331109950737e-173
28659	1.0	8.458945221236174e-225
28660	1.0	1.0509435656221321e-91
28661	1.0	0.0
28662	0.9999999999999487	5.124636632589429e-14
28663	1.0	1.8939795358688197e-304
28664	1.0	2.6590514774721298e-70
28665	2.4358323517614222e-11	0.9999999999756417
28666	1.0	7.76778483945584e-47
28667	1.0	1.543857917659347e-54
28668	1.0	4.994121683411678e-40
28669	1.0	1.361395180344749e-103
28670	1.0	0.0
28671	0.16732804337509774	0.8326719566249022
28672	1.0	3.1149565759520688e-27
28673	1.0	8.007635976948754e-176
28674	1.0	9.943033623402352e-149
28675	1.0	1.2930289508685453e-108
28676	1.0	4.357454653453406e-100
28677	1.0	8.802113325903786e-84
28678	1.0	6.852827414987536e-226
28679	1.0	3.8816904868810825e-38
28681	1.0	9.21988412955729e-134
28682	1.0	5.29482e-318
28683	1.0	0.0
28684	0.9999999878636655	1.21363345577973e-08
28685	1.0	7.936024508379547e-117
28686	1.0	1.1133176263014e-310
28687	1.0	3.946305366215315e-86
28688	1.0	0.0
28689	1.0	1.9453510291810108e-174
28690	1.0	8.812796265531032e-48
28691	1.0	9.40596325021764e-165
28692	1.0	1.8440678980105448e-203
28693	1.0	5.6142684646816495e-121
28694	1.0	6.718992593984733e-120
28695	1.0	0.0
28696	1.0	6.980179757006528e-260
28697	1.0	9.562711275306183e-112
28698	1.0	0.0
28699	1.0	5.816213289976326e-36
28700	1.0	1.0050093120141748e-64
28701	0.9999999999998037	1.962638158549862e-13
28702	1.0	0.0
28703	1.0	2.3460198628105257e-166
28704	1.0	2.299578305796061e-47
28705	0.00023586550736877645	0.9997641344926312
28706	0.9999999999999662	3.3696798876754815e-14
28707	1.0	1.829227777887359e-30
28708	1.0	1.0987587522932527e-83
28709	1.0	0.0
28711	0.9999999999964426	3.5573117110779163e-12
28712	1.0	1.2647521182071263e-232
28713	1.0	1.3004178417705283e-186
28714	1.0	1.2365010515323556e-22
28715	1.0	4.3094757283716256e-26
28716	1.0	3.386587698649513e-188
28717	1.0	1.5959394716826852e-76
28718	1.0	0.0
28719	1.0	2.3525956818978332e-174
28720	1.0	8.774382212469784e-289
28721	1.0	1.9905083229936212e-47
28722	0.9999990231368837	9.76863116267352e-07
28723	1.0	2.0880279542077764e-287
28724	1.0	5.320292393000765e-22
28725	1.0	3.242568774052258e-193
28726	1.0	1.0047922315303884e-246
28727	1.0	0.0
28728	1.0	3.40194909344011e-135
28729	1.0	1.1598571551727944e-306
28730	1.0	5.018797721021758e-226
28731	1.0	0.0
28732	1.0	1.3394654960674763e-127
28733	1.0	7.527295941867323e-59
28734	1.0	1.6057626827686928e-52
28735	1.0	1.7135624610820218e-274
28736	1.0	1.1204606435454273e-22
28737	1.0	1.9797273694371757e-153
28738	1.0	0.0
28739	1.0	5.88814730525026e-95
28741	1.0	0.0
28742	1.0	0.0
28743	0.9999999999982212	1.7787485910944645e-12
28744	1.0	5.52201480734836e-35
28745	1.0	5.925545615623138e-276
28746	1.0	8.36026187175754e-118
28747	1.0	6.242958481326472e-174
28748	1.0	0.0
28749	1.0	3.4484014828156535e-55
28750	1.0	0.0
28751	1.0	1.4056677414742489e-170
28752	1.0	2.7527862125438703e-87
28753	1.0	4.325435697728015e-98
28754	1.0	1.4876877233151413e-45
28755	1.0	1.1230432582430664e-300
28756	1.0	7.391848372307829e-33
28757	1.0	2.2955388594516207e-153
28758	1.0	2.9174056973818523e-138
28759	1.0	1.8328349676838765e-25
28760	1.0	0.0
28761	1.0	8.74630192e-315
28762	1.0	6.202262903556086e-62
28763	1.0	1.455780906800832e-29
28764	1.0	7.838249909473109e-144
28765	1.0	1.316400630349359e-152
28766	1.0	1.4550149246569642e-152
28767	1.0	6.024232748572777e-190
28768	1.0	2.7878535115030025e-55
28769	1.0	4.788707429845276e-158
28771	1.0	2.3447041443382643e-90
28772	1.0	3.605345293197916e-36
28773	1.0	3.10338597394011e-17
28774	1.0	1.740931645080718e-27
28775	1.0	0.0
28776	1.0	1.4540044698957241e-47
28777	1.0	0.0
28778	1.0	5.4204857235639185e-76
28779	1.0	4.2743140936446003e-187
28780	1.0	1.1448231101568341e-80
28781	1.0	1.8643339498902312e-86
28782	1.0	3.9217040113757683e-215
28783	1.0	1.4888413824094073e-36
28784	1.0	2.4662788284150764e-304
28785	0.9999999999972395	2.7604097042021997e-12
28786	1.0	4.0749008098728374e-35
28787	1.0	4.65501784302091e-81
28788	1.0	0.0
28789	1.0	7.895128920784945e-100
28790	1.0	1.3081316562289677e-115
28791	1.0	0.0
28792	1.0	1.3860058924914375e-36
28793	1.0	0.0
28794	1.0	4.170557284836065e-48
28795	1.0	8.277658209961292e-27
28796	1.0	1.9886050644250486e-200
28797	1.0	6.300796458055169e-67
28798	1.0	1.5358341690913544e-151
28799	1.0	0.0
28801	0.9999999848584875	1.514151254322888e-08
28802	1.0	4.83204387938151e-152
28803	1.0	1.9003585637657138e-41
28804	1.0	0.0
28805	1.0	2.2730758885952097e-241
28806	1.0	7.331360933079436e-30
28807	1.0	0.0
28808	1.0	4.577687454150259e-178
28809	1.0	0.0
28810	1.0	0.0
28811	1.0	0.0
28812	1.0	1.4250583446721036e-288
28813	1.0	1.2885130006963088e-140
28814	1.0	7.809300573456023e-51
28815	1.0	2.0223046244921927e-270
28816	1.0	8.429979739011509e-21
28817	1.0	1.1513198696874094e-137
28818	1.0	8.43083389418688e-279
28819	1.0	0.0
28820	1.0	2.7702581743436858e-67
28821	1.0	1.2869784630464613e-27
28822	1.0	1.8754379838390335e-164
28823	1.0	1.8086081042573127e-160
28824	1.0	2.6177273977590127e-118
28825	1.0	1.418593554803938e-274
28826	1.0	3.335217482477931e-285
28827	1.0	3.2791491319754595e-223
28828	1.0	9.492072404299096e-149
28829	0.9999999726417473	2.735825265489121e-08
28831	1.0	1.2763965422098998e-37
28832	1.0	0.0
28833	1.0	2.2640422463183988e-294
28834	1.0	1.3412508314830906e-77
28835	1.0	4.028896031210839e-57
28836	1.0	1.4137524274612072e-77
28837	1.0	2.060856636035095e-46
28838	1.0	8.712860733736693e-147
28839	1.0	8.263137248769667e-52
28840	1.0	4.52713752916722e-101
28841	1.0	0.0
28842	1.0	7.351253354047963e-160
28843	1.0	5.031097864455604e-41
28844	1.0	0.0
28845	1.0	6.019563700988847e-151
28846	1.0	6.818377612760858e-113
28847	1.0	4.156810665937772e-180
28848	1.0	2.317026109446128e-79
28849	1.0	4.3148905445721655e-68
28850	1.0	0.0
28851	1.0	0.0
28852	1.0	6.886520495465056e-155
28853	1.0	3.10602131765467e-75
28854	1.0	1.7395743561905779e-149
28855	1.0	1.9230416122084994e-80
28856	1.0	2.622217737506311e-52
28857	1.0	5.269154872170554e-58
28858	1.0	4.253578567009122e-116
28859	1.0	4.245701698540703e-177
28861	1.0	0.0
28862	1.0	1.6065485699708779e-282
28863	1.0	9.109298318967066e-38
28864	1.0	1.0322409736599392e-123
28865	0.0001877705796366399	0.9998122294203634
28866	1.0	0.0
28867	1.0	4.0145132457057077e-75
28868	1.0	1.9662233336850872e-57
28869	1.0	6.573182276468256e-113
28870	1.0	1.4044437014078472e-164
28871	1.0	2.1017596473372453e-102
28872	1.0	0.0
28873	1.0	1.4713896570529695e-289
28874	1.0	1.8369518132883877e-31
28875	1.0	1.0470191382159288e-174
28876	1.0	0.0
28877	1.0	8.638376851923111e-87
28878	1.0	0.0
28879	1.0	0.0
28880	1.0	1.3851721768660505e-36
28881	1.0	1.7093376453905706e-286
28882	1.0	2.6142084573337217e-20
28883	1.0	6.853453630389984e-239
28884	1.0	6.522493659641752e-169
28885	1.0	2.041956641444991e-84
28886	1.0	0.0
28887	1.0	9.63244051860894e-116
28888	1.0	3.710206833460624e-38
28889	1.0	6.568522952411407e-25
28891	0.9999999999999989	1.0875444522201714e-15
28892	1.0	1.6854134008525384e-288
28893	1.0	5.420179762525154e-26
28894	1.0	1.196775882756928e-23
28895	1.0	0.0
28896	1.0	9.256358608787354e-76
28897	1.0	0.0
28898	0.9394946680655043	0.0605053319344957
28899	1.0	1.4440749845696295e-87
28900	1.0	7.181505203710572e-52
28901	1.0	9.642184282255853e-149
28902	1.0	1.0422206421111134e-59
28903	1.0	7.714487386610589e-100
28904	1.0	1.970194142562862e-39
28905	1.0	2.148662406247222e-116
28906	1.0	3.104683257295719e-23
28907	1.0	9.209375020152168e-286
28908	1.0	0.0
28909	1.0	8.652657967528542e-58
28910	1.0	6.149773634791307e-159
28911	1.0	3.6353928563854714e-38
28912	1.0	6.349837497451291e-53
28913	1.0	3.609370196385114e-100
28914	1.0	7.889202462876843e-232
28915	1.0	1.4350687094083699e-58
28916	0.9996720321436793	0.0003279678563207215
28917	1.0	2.6131060264660633e-171
28918	1.0	1.3828288878518324e-155
28919	1.0	1.4024215947672046e-204
28921	1.0	1.5874790583182204e-285
28922	1.0	4.781879757997544e-30
28923	0.9999999999999967	3.2795011392110156e-15
28924	1.0	1.970194142562862e-39
28925	1.0	2.0090448343245574e-206
28926	1.0	0.0
28927	1.0	2.225212822605422e-244
28928	1.0	2.69713407756767e-191
28929	1.0	9.846123822476218e-140
28930	1.0	0.0
28931	1.0	4.185261619185909e-81
28932	1.0	8.372059532573198e-30
28933	1.0	5.116954632319001e-201
28934	1.0	3.4161351527090376e-52
28935	1.0	1.554836071686422e-69
28936	1.0	2.620024219356524e-227
28937	0.9999999999999711	2.880610799849171e-14
28938	1.0	0.0
28939	1.0	2.788809195396661e-152
28940	1.0	3.9154027893676293e-193
28941	1.0	4.932989082607031e-30
28942	1.0	4.737604578318516e-42
28943	1.0	9.829465847405933e-145
28944	1.0	6.231705208518507e-284
28945	1.0	0.0
28946	0.999820668768318	0.00017933123168200067
28947	1.0	2.84858948053246e-177
28948	1.0	6.100935114165883e-272
28949	0.9999999979877605	2.0122395904737786e-09
28951	1.0	1.1291170834054695e-192
28952	1.0	2.064334288776087e-27
28953	1.0	0.0
28954	1.0	0.0
28955	1.0	0.0
28956	1.0	1.773981000958665e-35
28957	1.0	1.5801972113919695e-29
28958	1.0	7.720014934730355e-105
28959	1.0	1.886554525952838e-283
28960	1.0	3.6631296199693556e-37
28961	1.0	0.0
28962	1.0	8.136329006392868e-201
28963	1.0	2.9624514787331107e-64
28964	1.0	3.401073307391239e-30
28965	1.0	1.5581760600350031e-49
28966	1.0	1.9170860958512116e-50
28967	1.0	2.723870899883708e-180
28968	1.0	1.6640890718208542e-74
28969	1.0	8.142733737534137e-80
28970	1.0	0.0
28971	1.0	3.199000675828757e-299
28972	1.0	8.937141636922534e-210
28973	1.0	5.18390898064509e-29
28974	1.0	1.588142368717672e-49
28975	1.0	5.220126075069757e-130
28976	1.0	2.678233603144598e-272
28977	1.0	1.577783172157391e-24
28978	1.0	1.1257764112902478e-72
28979	1.0	1.0169095251737255e-80
28981	1.0	4.4282514061540826e-225
28982	1.0	5.109592310659634e-66
28983	1.0	1.662007564790273e-252
28984	1.0	2.9298855727332383e-91
28985	1.0	2.495866206117413e-31
28986	1.0	2.781208980096925e-22
28987	1.0	3.103443241528107e-19
28988	1.0	3.310419370756851e-80
28989	1.0	7.841449034265515e-110
28990	1.0	3.054143047452978e-45
28991	1.0	4.8674562563483135e-47
28992	1.0	4.4887633e-317
28993	1.0	0.0
28994	0.9999999999997293	2.707347948861061e-13
28995	1.0	4.3981684966690354e-131
28996	1.0	4.772081560111415e-265
28997	1.0	2.7791035237782036e-98
28998	1.0	1.3182482890572747e-66
28999	1.0	1.4949072729182113e-104
29000	1.0	1.7301508427047106e-274
29001	1.0	8.33285416007448e-91
29002	1.0	6.558732473550972e-39
29003	0.9999999998145559	1.8544407861479185e-10
29004	1.0	3.0383620640774785e-17
29005	1.0	3.5727765942234627e-54
29006	1.0	5.082646901475139e-118
29007	1.0	6.493290876468458e-52
29008	1.0	9.807402337332874e-24
29009	1.0	1.2221270460837326e-83
29011	1.0	6.443639638011482e-131
29012	1.0	1.5632296744053115e-53
29013	1.0	3.2181367638601084e-57
29014	1.0	5.665193166074799e-105
29015	1.0	2.2719353635550855e-21
29016	1.0	3.8597053475289715e-21
29017	1.0	3.9156615954533745e-51
29018	1.0	1.166578574459057e-286
29019	1.0	3.5323679743049897e-32
29020	1.0	3.517162356380901e-131
29021	1.0	0.0
29022	1.0	8.522175990552289e-62
29023	1.0	5.6447703841250655e-102
29024	1.0	1.2480429796204757e-68
29025	1.0	3.0454778700494736e-110
29026	1.0	3.0957608950413507e-51
29027	1.0	6.590643694370221e-163
29028	1.0	4.753635187713258e-181
29029	1.0	1.2498799651407569e-248
29030	1.0	4.746178900054301e-162
29031	1.0	2.7125560222704854e-34
29032	1.0	9.76066074776444e-284
29033	1.0	6.460642820971199e-30
29034	1.0	2.1447940633080375e-254
29035	1.0	0.0
29036	1.0	3.7918870875178567e-241
29037	1.0	0.0
29038	1.0	5.680371467775446e-255
29039	1.0	1.611602017861609e-42
29041	1.0	9.28387593981891e-84
29042	1.0	6.345446505089828e-94
29043	1.0	5.414010385090901e-128
29044	1.0	4.0237506716287395e-40
29045	1.0	0.0
29046	1.0	9.804731104077018e-222
29047	1.0	0.0
29048	1.0	0.0
29049	1.0	2.1436058769588717e-96
29050	1.0	2.1357505521521454e-253
29051	1.0	5.016741647023668e-214
29052	1.0	9.458251389864322e-96
29053	0.9999999999998483	1.51623459104815e-13
29054	1.0	3.856614705594757e-100
29055	1.0	3.282089190700987e-25
29056	1.0	0.0
29057	1.0	1.0999197215609806e-37
29058	1.0	7.478212693592791e-207
29059	0.9849039900882387	0.015096009911761193
29060	1.0	0.0
29061	1.0	2.013554524849983e-42
29062	1.0	4.274074031772046e-33
29063	1.0	6.250202710046921e-54
29064	1.0	2.2398912155611166e-192
29065	1.0	0.0
29066	1.0	7.021321768733857e-81
29067	1.0	2.4505727973725528e-70
29068	1.0	4.354180615363747e-56
29069	1.0	4.3109429356921686e-88
29071	1.0	3.1556559316827947e-44
29072	1.0	6.387933923641343e-126
29073	1.0	1.9761176271296208e-46
29074	1.0	6.324155859692899e-231
29075	1.0	1.949546513874974e-43
29076	1.0	6.055430443225685e-215
29077	1.0	4.5665095847570174e-102
29078	1.0	3.222463300301465e-29
29079	1.0	1.6031228754313036e-113
29080	1.0	1.6011946738649e-115
29081	1.0	1.3303412696273276e-117
29082	1.0	0.0
29083	1.0	1.2742704253755112e-52
29084	1.0	0.0
29085	1.0	1.0864505247012144e-42
29086	1.0	1.9761309318962176e-92
29087	1.0	4.520682789498632e-90
29088	1.0	2.6838921406749296e-24
29089	1.0	1.5369512537012111e-83
29090	1.0	7.184505698018287e-247
29091	1.0	5.535153538542968e-235
29092	1.0	1.0707676169067515e-73
29093	1.0	6.188742596180114e-42
29094	0.9999996231751601	3.768248397894095e-07
29095	0.9999468692046123	5.313079538756755e-05
29096	1.0	0.0
29097	1.0	1.160006665005816e-137
29098	1.0	2.5718916051511234e-20
29099	1.0	1.4778987144818153e-97
29101	1.0	9.148321591980228e-30
29102	0.9998093684122968	0.00019063158770313675
29103	1.0	7.023493691653189e-240
29104	1.0	3.808196912003458e-77
29105	1.0	7.84953017059892e-83
29106	1.0	9.15e-321
29107	0.0004027119872091364	0.9995972880127909
29108	1.0	0.0
29109	0.07467760632194438	0.9253223936780557
29110	1.0	5.4793501518528746e-49
29111	1.0	1.2074818929960638e-173
29112	1.0	3.5437503835375794e-121
29113	1.0	0.0
29114	1.0	8.421795679146133e-177
29115	1.0	4.404875663116243e-35
29116	1.0	1.2704920283474682e-49
29117	1.0	0.0
29118	0.9999957395985956	4.2604014044828955e-06
29119	1.0	1.0215968092740646e-236
29120	1.0	1.5840057892566307e-247
29121	1.0	0.0
29122	1.0	4.555971557780066e-59
29123	1.0	6.805693897972288e-22
29124	1.0	1.0223913282496522e-49
29125	1.0	6.739793714112388e-41
29126	1.0	8.905957943893583e-247
29127	1.0	1.6826467569659386e-92
29128	1.0	2.915542157534585e-124
29129	1.0	9.403711864250607e-50
29131	1.0	1.708696900855138e-47
29132	1.0	4.8418634142542e-30
29133	1.0	1.3102240867120056e-50
29134	1.0	4.63610395799336e-28
29135	1.0	2.843289941111325e-84
29136	1.0	0.0
29137	1.0	6.66342586663882e-135
29138	1.0	9.050676004081829e-21
29139	0.999999999999998	2.0057202758803653e-15
29140	1.0	1.2498141459485098e-75
29141	0.9999999982426209	1.7573791785122088e-09
29142	0.08333133257903828	0.9166686674209618
29143	1.0	3.53352218298091e-136
29144	1.0	0.0
29145	1.0	1.2103104604445094e-196
29146	1.0	3.9763194134169698e-115
29147	1.0	1.1672742104081315e-65
29148	1.0	2.110749253e-315
29149	1.0	8.41242028435738e-167
29150	1.0	0.0
29151	1.0	8.178656910360653e-114
29152	1.0	2.672321554104692e-66
29153	1.0	3.6444896226635885e-32
29154	1.0	3.4552911467448635e-130
29155	1.0	0.0
29156	1.0	1.459712304417369e-18
29157	1.0	4.11386558735202e-247
29158	1.0	0.0
29159	1.0	0.0
29161	1.0	4.980447308270999e-83
29162	1.0	9.298267428005096e-160
29163	1.0	3.151556528604511e-83
29164	1.0	9.979124015960836e-63
29165	1.0	0.0
29166	1.0	0.0
29167	1.0	1.4687006959981192e-197
29168	1.0	2.6948611760755485e-60
29169	1.0	1.22509956376e-313
29170	1.0	1.4629364801439452e-26
29171	1.0	0.0
29172	1.0	8.022750683141444e-96
29173	1.0	4.0679292006224216e-244
29174	1.0	5.497176313075813e-308
29175	1.0	2.517880515712945e-91
29176	1.0	2.2189290386954894e-132
29177	1.0	9.285317614303659e-62
29178	1.0	3.3926217086634692e-28
29179	1.0	1.0183170451745902e-179
29180	1.0	1.1508035874535048e-141
29181	1.0	5.995793705114928e-132
29182	1.0	3.1170503512003802e-108
29183	1.0	4.0328871353239815e-152
29184	0.9999999999999931	6.841213557969657e-15
29185	1.0	6.34625166798292e-33
29186	1.0	0.0
29187	1.0	6.958359029696288e-18
29188	1.0	6.223698204336104e-100
29189	1.0	0.0
29191	1.0	7.850345752215266e-73
29192	1.0	2.60455767593264e-129
29193	1.0	5.3778555492192516e-204
29194	0.9999971546543707	2.845345629201406e-06
29195	1.0	1.424097380830722e-36
29196	1.0	2.3819710221382503e-44
29197	1.0	4.051515713796752e-38
29198	1.0	6.48899074832012e-111
29199	1.0	1.928151561437205e-32
29200	1.0	2.8394669994750956e-155
29201	1.0	3.455442589223905e-297
29202	1.0	2.0808018903774545e-29
29203	1.0	0.0
29204	1.0	5.512174611554762e-52
29205	1.0	2.2016305026828697e-29
29206	1.0	7.534294665216505e-158
29207	1.0	7.850345752215266e-73
29208	1.0	6.755735951429771e-292
29209	1.0	3.6227122539108526e-54
29210	1.0	2.930118081684304e-50
29211	1.0	1.3608017375264553e-117
29212	1.0	8.486542812911578e-170
29213	1.0	3.664364749769083e-132
29214	1.0	0.0
29215	1.0	2.598532857368129e-196
29216	2.5560323451558265e-32	1.0
29217	4.649452086924092e-30	1.0
29218	8.937349101104785e-69	1.0
29219	6.366777374975597e-63	1.0
29221	5.2564572697748533e-197	1.0
29222	0.0	1.0
29223	3.333578713350829e-42	1.0
29224	3.681979788262587e-88	1.0
29225	3.0449264212695463e-56	1.0
29226	6.897208922707909e-64	1.0
29227	4.558443144587561e-124	1.0
29228	4.9795953238590047e-207	1.0
29229	3.1664943823009105e-62	1.0
29230	0.0	1.0
29231	0.0	1.0
29232	0.0	1.0
29233	1.9741885792910124e-109	1.0
29234	1.2933383071784781e-102	1.0
29235	3.218890086383831e-213	1.0
29236	6.27303190383612e-165	1.0
29237	0.0	1.0
29238	3.132796257187426e-63	1.0
29239	4.563716389335344e-58	1.0
29240	2.9735200569440248e-62	1.0
29241	4.106e-321	1.0
29242	3.371244474313495e-42	1.0
29243	1.251222054445037e-17	1.0
29244	8.526678176386975e-55	1.0
29245	3.111766443924724e-85	1.0
29246	4.618331811362441e-71	1.0
29247	6.196408230290425e-60	1.0
29248	8.181128886848135e-237	1.0
29249	9.531890421534625e-18	1.0
29251	4.3115918083972033e-290	1.0
29252	3.608447099738901e-55	1.0
29253	1.3300729072461288e-36	1.0
29254	1.236156494757605e-44	1.0
29255	2.970804773010151e-38	1.0
29256	0.0	1.0
29257	8.700449007508969e-188	1.0
29258	2.2943335539301735e-57	1.0
29259	0.0	1.0
29260	3.3235735746874385e-144	1.0
29261	6.841338332139355e-83	1.0
29262	1.9957980190706505e-41	1.0
29263	1.1925996458930726e-263	1.0
29264	1.4048253282043316e-83	1.0
29265	0.003570240622484666	0.9964297593775153
29266	0.0	1.0
29267	0.0	1.0
29268	3.560934309627112e-58	1.0
29269	2.2110796263939688e-41	1.0
29270	3.855460264488607e-164	1.0
29271	1.2939275554806735e-19	1.0
29272	0.0	1.0
29273	1.771054331796816e-113	1.0
29274	1.0053105979887245e-63	1.0
29275	3.8367760867096435e-167	1.0
29276	7.674779065392623e-97	1.0
29277	3.374050787716171e-74	1.0
29278	1.7477799127150946e-160	1.0
29279	6.510028975882711e-69	1.0
29281	0.0	1.0
29282	0.0	1.0
29283	1.3013573115501856e-17	1.0
29284	1.9614748602786265e-60	1.0
29285	3.339216798325503e-170	1.0
29286	0.0	1.0
29287	0.0	1.0
29288	1.5736202034125223e-40	1.0
29289	2.9559617232845264e-41	1.0
29290	1.8141921033550502e-37	1.0
29291	1.8423058471562008e-96	1.0
29292	0.0	1.0
29293	9.98487019026026e-52	1.0
29294	3.373869866677967e-102	1.0
29295	7.963313503811545e-42	1.0
29296	6.581032143294807e-65	1.0
29297	0.0	1.0
29298	4.785639616434659e-186	1.0
29299	0.0	1.0
29300	0.0	1.0
29301	1.1549281516919397e-37	1.0
29302	3.186721663480149e-70	1.0
29303	3.622245219483186e-97	1.0
29304	9.780895368469468e-53	1.0
29305	0.002865428218997332	0.9971345717810026
29306	3.159195782021171e-85	1.0
29307	1.2545975713782305e-28	1.0
29308	2.6470902809294497e-20	1.0
29309	2.7066405917558324e-279	1.0
29311	3.073810137167966e-73	1.0
29312	4.799864784271245e-189	1.0
29313	0.0	1.0
29314	1.08160200988213e-121	1.0
29315	0.0	1.0
29316	9.533980311746042e-78	1.0
29317	3.4963498709722097e-72	1.0
29318	3.37629308364974e-87	1.0
29319	7.033775302236381e-31	1.0
29320	0.0	1.0
29321	8.283815973607822e-128	1.0
29322	7.968817820452567e-223	1.0
29323	2.5037069562865224e-273	1.0
29324	0.0	1.0
29325	0.0	1.0
29326	4.73873414497118e-107	1.0
29327	1.9231694321987656e-86	1.0
29328	5.176042150577494e-201	1.0
29329	9.159856579006926e-104	1.0
29330	7.44831134884429e-136	1.0
29331	8.512702921918439e-208	1.0
29332	1.477251705978096e-137	1.0
29333	4.465342411370134e-59	1.0
29334	2.666317900449515e-166	1.0
29335	1.8488499571276909e-208	1.0
29336	4.787364435368605e-106	1.0
29337	3.2101935692336165e-20	1.0
29338	1.1102256844614201e-41	1.0
29339	4.2430681591934855e-133	1.0
29341	3.06046770592884e-162	1.0
29342	3.417285145207956e-49	1.0
29343	1.1005708181462644e-43	1.0
29344	1.4374478221307256e-64	1.0
29345	1.852333789700041e-30	1.0
29346	2.4631519993268943e-85	1.0
29347	0.0	1.0
29348	3.457593010444536e-240	1.0
29349	9.077617680784976e-121	1.0
29350	0.0	1.0
29351	0.0	1.0
29352	1.8504277524863126e-138	1.0
29353	5.62686948522195e-253	1.0
29354	4.806160994672057e-97	1.0
29355	2.9831716116789174e-75	1.0
29356	3.0904357914258628e-195	1.0
29357	3.297842777743752e-36	1.0
29358	9.308175539966986e-120	1.0
29359	7.472951577343795e-72	1.0
29360	0.0	1.0
29361	2.16702089244068e-90	1.0
29362	4.035957048507738e-102	1.0
29363	1.3020789147061156e-64	1.0
29364	2.48692091777468e-56	1.0
29365	2.0368586525721002e-26	1.0
29366	5.44398219670418e-93	1.0
29367	0.0	1.0
29368	8.149286917374337e-143	1.0
29369	6.003261154215959e-136	1.0
29371	0.0	1.0
29372	2.074486080902249e-102	1.0
29373	3.737993989829152e-101	1.0
29374	7.079461499864044e-279	1.0
29375	1.4254804049791222e-188	1.0
29376	4.812592494576477e-36	1.0
29377	1.847874326452665e-45	1.0
29378	1.0831994927456062e-164	1.0
29379	2.0164381711365193e-32	1.0
29380	6.955864870335435e-79	1.0
29381	3.214462214502277e-110	1.0
29382	1.5514180972020744e-108	1.0
29383	9.354719061214979e-188	1.0
29384	7.615650037123994e-09	0.99999999238435
29385	4.334775841823541e-56	1.0
29386	4.431797962007996e-134	1.0
29387	0.0	1.0
29388	2.6072131089632383e-59	1.0
29389	4.3850263374704123e-57	1.0
29390	1.8895555999660818e-254	1.0
29391	4.3879572803152255e-136	1.0
29392	6.75908e-317	1.0
29393	0.0	1.0
29394	9.511930334887124e-50	1.0
29395	0.0	1.0
29396	1.0155534033699802e-162	1.0
29397	8.006175958330239e-41	1.0
29398	1.0149841404600264e-68	1.0
29399	1.1026218598997637e-139	1.0
29401	2.207098859579604e-179	1.0
29402	0.0	1.0
29403	8.473888243962993e-154	1.0
29404	0.0	1.0
29405	8.772818650599102e-135	1.0
29406	0.0	1.0
29407	8.191726670549377e-142	1.0
29408	1.4336720206231932e-172	1.0
29409	0.0	1.0
29410	0.0	1.0
29411	0.0	1.0
29412	0.0	1.0
29413	1.0548648404495733e-249	1.0
29414	6.804794052500559e-151	1.0
29415	4.1823415388664643e-249	1.0
29416	3.6315802617635386e-91	1.0
29417	6.866726276511745e-97	1.0
29418	5.3190839019895134e-166	1.0
29419	1.8357993396662837e-13	0.9999999999998164
29420	3.6942523022312957e-129	1.0
29421	7.693131235141971e-135	1.0
29422	1.1966254362501212e-39	1.0
29423	0.0	1.0
29424	3.8118662967772946e-141	1.0
29425	1.3018976536188411e-275	1.0
29426	4.37772810881622e-19	1.0
29427	9.530521504228956e-88	1.0
29428	9.250319375988255e-97	1.0
29429	9.881250887160681e-109	1.0
29431	4.702561405599952e-239	1.0
29432	1.6844556146612037e-96	1.0
29433	1.0788449515023895e-55	1.0
29434	9.016416930557019e-106	1.0
29435	9.734261987253423e-59	1.0
29436	1.0197114990555963e-175	1.0
29437	0.0002987171232005316	0.9997012828767995
29438	0.8298853991206268	0.1701146008793733
29439	3.1567514506120885e-93	1.0
29440	2.395713213080882e-72	1.0
29441	7.326509191634672e-05	0.9999267349080836
29442	1.1407121205346086e-104	1.0
29443	3.5667691955595967e-44	1.0
29444	5.863876425597584e-81	1.0
29445	1.0847290761544895e-110	1.0
29446	9.07451125047532e-33	1.0
29447	1.228404827527189e-06	0.9999987715951726
29448	7.467152235873605e-82	1.0
29449	1.1273876489694194e-235	1.0
29450	0.0	1.0
29451	0.0	1.0
29452	1.7099967748378714e-55	1.0
29453	6.9233577853467105e-121	1.0
29454	2.9205028521372155e-146	1.0
29455	5.6010193571357914e-101	1.0
29456	4.789418869401473e-12	0.9999999999952105
29457	0.0	1.0
29458	5.33101895581349e-72	1.0
29459	2.3426254831446037e-101	1.0
29461	0.5466881840552638	0.4533118159447362
29462	0.0	1.0
29463	2.2398894158333485e-48	1.0
29464	1.4064175578672881e-12	0.9999999999985936
29465	1.3191641659298919e-129	1.0
29466	2.9514324664882326e-117	1.0
29467	5.120428899922235e-84	1.0
29468	2.393343565878261e-63	1.0
29469	0.0	1.0
29470	1.786167076178505e-86	1.0
29471	3.1900645189864943e-84	1.0
29472	0.0	1.0
29473	0.0	1.0
29474	2.1007927919111386e-77	1.0
29475	0.0	1.0
29476	5.772572989544854e-58	1.0
29477	1.6967070079122688e-35	1.0
29478	2.4388442926689533e-153	1.0
29479	0.0	1.0
29480	3.454799874424305e-09	0.9999999965452002
29481	0.0	1.0
29482	0.0	1.0
29483	0.0	1.0
29484	3.8780476926445094e-91	1.0
29485	2.295178566278359e-135	1.0
29486	8.226543326985582e-46	1.0
29487	1.419662252159903e-106	1.0
29488	2.7808077362468886e-82	1.0
29489	1.1628322892925847e-27	1.0
29491	1.280418301824366e-19	1.0
29492	3.106813860840316e-22	1.0
29493	2.894843435672359e-247	1.0
29494	3.303319239657403e-154	1.0
29495	1.2983000591905989e-152	1.0
29496	1.6096096749908868e-113	1.0
29497	1.8314703212061008e-108	1.0
29498	2.9920164862240558e-40	1.0
29499	3.764498352256839e-29	1.0
29500	2.6648191256714026e-104	1.0
29501	2.0191024856063474e-38	1.0
29502	1.815211954727456e-70	1.0
29503	5.148189803777564e-105	1.0
29504	3.699436787842939e-114	1.0
29505	4.64306073153115e-24	1.0
29506	7.427603827358897e-82	1.0
29507	1.9583900623527093e-106	1.0
29508	2.3295006709047385e-116	1.0
29509	8.248961472186319e-44	1.0
29510	2.2340260970422497e-19	1.0
29511	0.0019146626315220986	0.9980853373684778
29512	5.548864615047736e-29	1.0
29513	5.493882185051198e-65	1.0
29514	2.7919454736534552e-105	1.0
29515	4.0837092118193123e-32	1.0
29516	2.0725710789403165e-129	1.0
29517	2.0235679843679302e-120	1.0
29518	7.910379638359876e-125	1.0
29519	1.73492925e-316	1.0
29521	1.470328294746117e-32	1.0
29522	7.802048204487572e-176	1.0
29523	8.013333247912823e-75	1.0
29524	1.6869614683736405e-180	1.0
29525	1.1647875649303397e-143	1.0
29526	7.032773937686291e-48	1.0
29527	1.6812985819241149e-50	1.0
29528	2.8785898206385805e-75	1.0
29529	3.17151155353662e-18	1.0
29530	1.0936479332974048e-27	1.0
29531	3.4524404167780446e-36	1.0
29532	4.997934053570106e-146	1.0
29533	1.1352018237687445e-72	1.0
29534	8.619547108710106e-95	1.0
29535	1.197008309362593e-41	1.0
29536	3.93364221765305e-58	1.0
29537	3.0276990113432575e-41	1.0
29538	3.118048480548012e-131	1.0
29539	1.030161556938033e-22	1.0
29540	5.072152503241386e-22	1.0
29541	0.0	1.0
29542	0.0	1.0
29543	0.0	1.0
29544	0.03944125765338537	0.9605587423466146
29545	2.5313445728108338e-130	1.0
29546	1.3883138482423482e-155	1.0
29547	5.0938440402878465e-106	1.0
29548	6.294277042010472e-161	1.0
29549	4.134236240409355e-23	1.0
29551	0.01561733099378406	0.9843826690062158
29552	0.0	1.0
29553	0.0	1.0
29554	0.0	1.0
29555	1.0525497876335431e-71	1.0
29556	2.536840815561231e-66	1.0
29557	1.6772369425002137e-163	1.0
29558	9.695110068737266e-203	1.0
29559	1.3744285028458418e-153	1.0
29560	3.293296719815305e-71	1.0
29561	2.1698765371529256e-106	1.0
29562	5.808373502734544e-109	1.0
29563	1.5985619621889888e-95	1.0
29564	2.1467229973393858e-97	1.0
29565	4.353903396446872e-53	1.0
29566	8.184433083550488e-37	1.0
29567	6.162740068700958e-38	1.0
29568	0.0	1.0
29569	0.0	1.0
29570	1.8759558252454333e-32	1.0
29571	0.0	1.0
29572	5.966717152889423e-181	1.0
29573	7.487616444171635e-54	1.0
29574	1.4084615427846655e-108	1.0
29575	1.181865243245744e-52	1.0
29576	1.2239693549252299e-73	1.0
29577	3.09750711058785e-111	1.0
29578	0.0	1.0
29579	3.123365399443745e-31	1.0
29581	0.0	1.0
29582	2.500031007017674e-63	1.0
29583	1.9867247036514495e-92	1.0
29584	9.571801656576402e-53	1.0
29585	3.9206435486774706e-231	1.0
29586	7.45275356860124e-105	1.0
29587	1.392247448581954e-22	1.0
29588	1.8816469260413584e-105	1.0
29589	1.5474880233071023e-263	1.0
29590	4.766121161106333e-33	1.0
29591	1.827519217637671e-65	1.0
29592	1.3986105196238546e-81	1.0
29593	0.0	1.0
29594	6.855447437769298e-83	1.0
29595	2.1528165897010007e-61	1.0
29596	5.724482291823294e-54	1.0
29597	2.8884935461638205e-247	1.0
29598	0.0	1.0
29599	0.0	1.0
29600	0.0	1.0
29601	6.451587308826264e-150	1.0
29602	1.337e-320	1.0
29603	3.680436510730438e-77	1.0
29604	7.447143453462636e-51	1.0
29605	3.992766731157929e-241	1.0
29606	6.159014920010697e-138	1.0
29607	0.0	1.0
29608	0.0	1.0
29609	0.0	1.0
29611	0.000877974094262522	0.9991220259057374
29612	9.727000415525426e-21	1.0
29613	6.507e-321	1.0
29614	7.444100847015559e-62	1.0
29615	1.533094942040261e-213	1.0
29616	4.724692273195361e-96	1.0
29617	1.3593683229718212e-60	1.0
29618	4.277151291928371e-37	1.0
29619	8.261395129223058e-12	0.9999999999917386
29620	0.0	1.0
29621	0.057163269222858644	0.9428367307771415
29622	7.844031518501873e-223	1.0
29623	0.0	1.0
29624	2.5806111984317575e-249	1.0
29625	4.9907802357747944e-101	1.0
29626	2.5792719563230842e-179	1.0
29627	1.5318073467128667e-20	1.0
29628	0.0	1.0
29629	5.840774937308524e-104	1.0
29630	0.0	1.0
29631	3.48498311652616e-30	1.0
29632	9.346175465635884e-36	1.0
29633	2.399110147801096e-30	1.0
29634	1.4664044280044815e-50	1.0
29635	2.871997515280919e-149	1.0
29636	2.959757105334651e-12	0.9999999999970401
29637	9.447710264757767e-53	1.0
29638	2.075982113782015e-216	1.0
29639	0.0	1.0
29641	3.3490276972492526e-134	1.0
29642	1.3793721005253886e-97	1.0
29643	2.184501804222425e-259	1.0
29644	1.0232664668892587e-170	1.0
29645	1.280927109969685e-167	1.0
29646	2.2331027262627031e-69	1.0
29647	4.596103240657571e-54	1.0
29648	4.657834907664227e-193	1.0
29649	2.6152261648496635e-92	1.0
29650	5.073147330537221e-54	1.0
29651	5.73030874860851e-57	1.0
29652	6.646943156620352e-27	1.0
29653	0.0	1.0
29654	1.6684404461370984e-59	1.0
29655	2.6765268219423894e-122	1.0
29656	3.733436995897438e-61	1.0
29657	0.00027029716684349845	0.9997297028331564
29658	5.281577072210079e-282	1.0
29659	6.534420566189096e-159	1.0
29660	4.409648335777227e-294	1.0
29661	1.8491920738918927e-187	1.0
29662	2.167911936073215e-36	1.0
29663	6.284194644146925e-57	1.0
29664	5.9660538659613555e-137	1.0
29665	9.428536651012662e-41	1.0
29666	1.374706606096129e-67	1.0
29667	8.023160781480611e-114	1.0
29668	4.330519214546163e-102	1.0
29669	3.490795038356159e-259	1.0
29671	8.275855719231952e-103	1.0
29672	1.1016801304651269e-29	1.0
29673	4.464242996400001e-140	1.0
29674	1.6604138681561117e-40	1.0
29675	1.8877039534617473e-153	1.0
29676	0.0	1.0
29677	0.0	1.0
29678	0.0	1.0
29679	9.725536200824736e-70	1.0
29680	0.0	1.0
29681	0.0	1.0
29682	0.0	1.0
29683	8.774741620834883e-15	0.9999999999999911
29684	3.524492403474187e-189	1.0
29685	3.803381814853572e-257	1.0
29686	2.612458699896999e-124	1.0
29687	0.0	1.0
29688	1.8552366624739311e-118	1.0
29689	5.040584041974326e-75	1.0
29690	2.4209124892872054e-17	1.0
29691	1.6578493857343954e-62	1.0
29692	1.2484382055193955e-140	1.0
29693	2.3385496358600145e-47	1.0
29694	2.2751977634682392e-191	1.0
29695	0.0	1.0
29696	1.6408919706337125e-205	1.0
29697	0.0	1.0
29698	3.009686207916268e-30	1.0
29699	1.5433726854420824e-33	1.0
29701	0.0	1.0
29702	0.0	1.0
29703	0.0	1.0
29704	3.839019317312723e-108	1.0
29705	5.735629881629325e-130	1.0
29706	1.6728036474876537e-95	1.0
29707	7.882348831106758e-17	1.0
29708	0.0	1.0
29709	3.307209413833014e-35	1.0
29710	5.257453320273402e-108	1.0
29711	1.174720277215773e-45	1.0
29712	1.9216768758079222e-61	1.0
29713	1.6518549299734877e-107	1.0
29714	1.638783819037296e-105	1.0
29715	3.818787278075382e-181	1.0
29716	3.8981768701408034e-47	1.0
29717	0.0	1.0
29718	1.461788156328411e-50	1.0
29719	0.0	1.0
29720	0.0	1.0
29721	4.477275506962308e-231	1.0
29722	0.0	1.0
29723	1.8111751414848194e-66	1.0
29724	3.4889833972162446e-157	1.0
29725	1.226869181310278e-44	1.0
29726	3.4499986319153845e-40	1.0
29727	2.014312316521324e-27	1.0
29728	5.671531045597064e-91	1.0
29729	2.0371478654255987e-133	1.0
29731	0.0	1.0
29732	0.9710517778788408	0.028948222121159304
29733	1.1529852672009896e-189	1.0
29734	2.490742743285172e-209	1.0
29735	1.2471426724385396e-93	1.0
29736	1.2864504162860774e-36	1.0
29737	3.1350858995453335e-52	1.0
29738	0.0	1.0
29739	1.3745598086554928e-43	1.0
29740	7.791386600378685e-126	1.0
29741	2.991585920709058e-204	1.0
29742	0.0	1.0
29743	0.0	1.0
29744	1.2411507253671759e-220	1.0
29745	7.445143463695978e-42	1.0
29746	1.0588554018138287e-62	1.0
29747	5.920826370666558e-112	1.0
29748	2.983074313451056e-104	1.0
29749	7.665161720515635e-90	1.0
29750	2.8473305979666545e-133	1.0
29751	1.7314136902946943e-63	1.0
29752	1.1025265910181244e-266	1.0
29753	8.958047266140386e-42	1.0
29754	0.0	1.0
29755	2.5403496282247236e-40	1.0
29756	7.543513988857049e-182	1.0
29757	4.250007308038358e-197	1.0
29758	4.043701087320045e-163	1.0
29759	7.430733020559677e-105	1.0
29761	4.4e-323	1.0
29762	1.5777234992535812e-115	1.0
29763	5.1529585783546775e-77	1.0
29764	4.039791262065699e-87	1.0
29765	1.4235105693769715e-97	1.0
29766	6.1132156002303566e-52	1.0
29767	3.86428164946355e-65	1.0
29768	4.833430769252513e-42	1.0
29769	7.893298031844762e-35	1.0
29770	1.2569741889542847e-119	1.0
29771	4.23266052666945e-111	1.0
29772	3.750234169409616e-37	1.0
29773	4.7977453266330855e-126	1.0
29774	6.399060849727716e-124	1.0
29775	1.0656727506182356e-71	1.0
29776	0.0	1.0
29777	4.727795e-317	1.0
29778	6.7181446024231825e-186	1.0
29779	8.803384368282415e-97	1.0
29780	8.499413638203139e-79	1.0
29781	1.750380821851648e-101	1.0
29782	1.840903160302828e-196	1.0
29783	1.99189937e-316	1.0
29784	3.250063141112522e-37	1.0
29785	3.600342113507912e-255	1.0
29786	1.7775796481067253e-145	1.0
29787	2.8681900561215936e-180	1.0
29788	0.0	1.0
29789	0.0	1.0
29791	1.328811933169494e-91	1.0
29792	5.81646220228229e-76	1.0
29793	1.2234236774454253e-30	1.0
29794	1.3392196938661774e-46	1.0
29795	1.594796057879652e-141	1.0
29796	0.0	1.0
29797	1.0894165280171919e-43	1.0
29798	2.0401199055247136e-39	1.0
29799	8.355565413899124e-39	1.0
29800	4.060223402659415e-74	1.0
29801	1.8470256349304182e-150	1.0
29802	5.251701799303459e-41	1.0
29803	1.0829927808765752e-90	1.0
29804	8.818915850383794e-34	1.0
29805	1.5103981717063528e-187	1.0
29806	5.776306012567758e-305	1.0
29807	4.561093277327918e-160	1.0
29808	0.0	1.0
29809	2.0013755302924963e-57	1.0
29810	5.470817420385183e-57	1.0
29811	0.9945832494150806	0.005416750584919416
29812	3.9085877329175506e-11	0.9999999999609142
29813	3.1012774435158504e-175	1.0
29814	9.382012660433335e-68	1.0
29815	7.54269178207199e-80	1.0
29816	0.0	1.0
29817	4.126566871478671e-280	1.0
29818	5.00031768376093e-147	1.0
29819	2.1983226410015838e-84	1.0
29821	7.649231442005134e-149	1.0
29822	5.749355970031924e-87	1.0
29823	7.569861461670275e-34	1.0
29824	1.7726463092401966e-29	1.0
29825	1.6002186435756545e-69	1.0
29826	4.220009119907681e-27	1.0
29827	1.1952555228264226e-189	1.0
29828	9.40394324634257e-34	1.0
29829	1.9668986974028445e-14	0.9999999999999802
29830	1.2228976677129877e-47	1.0
29831	0.0	1.0
29832	0.07008707152322538	0.9299129284767745
29833	8e-323	1.0
29834	0.0	1.0
29835	0.0	1.0
29836	2.244620200539173e-202	1.0
29837	6.582896575754589e-70	1.0
29838	7.958818888921587e-126	1.0
29839	2.155955945683105e-171	1.0
29840	3.91982852046873e-16	0.9999999999999996
29841	0.12778554380866103	0.8722144561913391
29842	2.875148844973069e-284	1.0
29843	5.788433598673949e-80	1.0
29844	8.214041235705876e-09	0.9999999917859589
29845	0.0	1.0
29846	0.0	1.0
29847	5.334209398804714e-162	1.0
29848	1.8571845979960092e-96	1.0
29849	2.6130036201164404e-128	1.0
29851	3.516614255904556e-52	1.0
29852	1.264562297948282e-84	1.0
29853	3.0265038579143005e-105	1.0
29854	3.7402707731674873e-181	1.0
29855	2.031241924140367e-90	1.0
29856	1.7662265086306985e-87	1.0
29857	0.0	1.0
29858	0.0	1.0
29859	3.070847770885886e-43	1.0
29860	2.18028427e-316	1.0
29861	3.33639373285473e-54	1.0
29862	4.290989452370305e-21	1.0
29863	2.715092771141591e-103	1.0
29864	1.4176557373770043e-89	1.0
29865	8.140417354933577e-07	0.9999991859582645
29866	1.5057693103797358e-233	1.0
29867	3.9833819523266135e-47	1.0
29868	6.624335281629243e-80	1.0
29869	2.2653785628261952e-243	1.0
29870	2.706904061864454e-70	1.0
29871	1.1733994394923202e-07	0.999999882660056
29872	2.8622402035839227e-98	1.0
29873	5.681950194577768e-205	1.0
29874	0.0	1.0
29875	3.881843467112198e-44	1.0
29876	4.135478924783546e-199	1.0
29877	5.53188728435665e-132	1.0
29878	1.310045062677896e-97	1.0
29879	2.77088196893271e-72	1.0
29881	3.4557534559902515e-303	1.0
29882	2.264566755331265e-39	1.0
29883	1.5861259057092004e-215	1.0
29884	2.9834796929898096e-35	1.0
29885	1.0318630324561017e-92	1.0
29886	8.517813085323212e-247	1.0
29887	4.0922754029219107e-82	1.0
29888	4.936045104882623e-285	1.0
29889	2.6177425864309657e-69	1.0
29890	1.7549520330123622e-109	1.0
29891	2.90536937975335e-101	1.0
29892	4.533753492894895e-187	1.0
29893	1.516142014280033e-60	1.0
29894	2.3167324381624173e-53	1.0
29895	8.155774391932492e-42	1.0
29896	2.4556040559119954e-170	1.0
29897	1.3081106832474911e-11	0.9999999999869189
29898	1.749066370318206e-80	1.0
29899	9.628175005576412e-41	1.0
29900	7.696147794759897e-83	1.0
29901	1.2406375250587463e-27	1.0
29902	7.178878213217441e-174	1.0
29903	6.59379225044046e-168	1.0
29904	5.523041247744173e-256	1.0
29905	2.2587066420086194e-168	1.0
29906	2.973076492215743e-31	1.0
29907	3.430478697331307e-44	1.0
29908	3.806666665062617e-201	1.0
29909	1.6496717203041456e-110	1.0
29911	5.744636196437199e-65	1.0
29912	1.0010654231205201e-255	1.0
29913	1.3147560148461748e-274	1.0
29914	0.0	1.0
29915	1.10537e-319	1.0
29916	2.9477775069099375e-109	1.0
29917	1.8777438600672745e-56	1.0
29918	8.132570883761969e-42	1.0
29919	0.0	1.0
29920	5.786845425746996e-93	1.0
29921	1.552319123890959e-45	1.0
29922	1.9438798493224024e-307	1.0
29923	6.717255838587323e-81	1.0
29924	7.695044623047845e-15	0.9999999999999922
29925	6.162327493867105e-49	1.0
29926	1.5682983493937013e-73	1.0
29927	2.673750887435532e-82	1.0
29928	1.7541276394664087e-29	1.0
29929	7.66166371123997e-71	1.0
29930	0.0	1.0
29931	3.834268637213283e-55	1.0
29932	0.0	1.0
29933	7.645125758561867e-43	1.0
29934	2.7119198800786654e-45	1.0
29935	2.4611563807918438e-43	1.0
29936	2.618162455190444e-77	1.0
29937	0.0	1.0
29938	1.7007768434407343e-59	1.0
29939	2.77129429753167e-75	1.0
29941	5.791795437112355e-289	1.0
29942	2.649025159125979e-170	1.0
29943	3.1292040705076903e-69	1.0
29944	4.057066530610194e-93	1.0
29945	0.0	1.0
29946	5.004266253377231e-59	1.0
29947	3.2781436429267136e-50	1.0
29948	3.361933389857563e-43	1.0
29949	4.485946237369843e-67	1.0
29950	2.283297241402176e-96	1.0
29951	4.556977791869948e-113	1.0
29952	0.0	1.0
29953	7.6092064130395e-283	1.0
29954	1.0884574259060515e-152	1.0
29955	1.0493029349012142e-83	1.0
29956	6.3913865605925556e-145	1.0
29957	1.1059043654220197e-48	1.0
29958	1.0969813966190005e-265	1.0
29959	4.094725902202032e-98	1.0
29960	0.0	1.0
29961	1.2356046434287834e-109	1.0
29962	1.2633376469052828e-30	1.0
29963	1.3024211011589551e-180	1.0
29964	9.274760328234897e-177	1.0
29965	3.3211083288362956e-264	1.0
29966	0.15376253037350443	0.8462374696264956
29967	7.273616535172142e-253	1.0
29968	2.7071243048242965e-18	1.0
29969	5.4377892859510096e-31	1.0
29971	9.628740775051526e-120	1.0
29972	3.865548889711274e-192	1.0
29973	1.120618169694026e-90	1.0
29974	1.1198151287280648e-104	1.0
29975	2.785382712175211e-87	1.0
29976	2.9322443974674935e-255	1.0
29977	0.0	1.0
29978	2.83478008217268e-205	1.0
29979	9.792831433129407e-39	1.0
29980	1.3906240594767144e-42	1.0
29981	1.124334730947699e-62	1.0
29982	2.956975010350449e-184	1.0
29983	3.075543786188223e-95	1.0
29984	4.000838232148947e-56	1.0
29985	7.862271905546513e-106	1.0
29986	1.89566689423854e-23	1.0
29987	3.2160328656812274e-163	1.0
29988	0.0	1.0
29989	0.0	1.0
29990	0.0	1.0
29991	1.3526036305049675e-124	1.0
29992	2.7728327494454005e-73	1.0
29993	5.372914017596429e-116	1.0
29994	1.0809983166035586e-120	1.0
29995	9.14243388827083e-170	1.0
29996	4.7556490281206206e-169	1.0
29997	1.904881555261664e-35	1.0
29998	5.690688642413684e-156	1.0
29999	3.241553236566387e-113	1.0
30001	7.258926063513245e-68	1.0
30002	1.0684082034915958e-193	1.0
30003	6.109503595247222e-13	0.9999999999993892
30004	1.8914483154242059e-78	1.0
30005	5.431526600329762e-77	1.0
30006	9.162234503310032e-232	1.0
30007	6.655905959223055e-251	1.0
30008	8.79981687305417e-309	1.0
30009	1.210778874856781e-97	1.0
30010	0.0	1.0
30011	0.0	1.0
30012	8.334462594810936e-126	1.0
30013	3.197723202290031e-151	1.0
30014	1.6146624714143447e-42	1.0
30015	3.5090536855827126e-69	1.0
30016	6.319951057067604e-175	1.0
30017	5.631107715936431e-184	1.0
30018	0.403536996528221	0.596463003471779
30019	0.0	1.0
30020	2.375063344143272e-151	1.0
30021	4.830161022486872e-106	1.0
30022	0.0	1.0
30023	0.04532683884924667	0.9546731611507534
30024	0.0	1.0
30025	3.9475749462740065e-97	1.0
30026	1.6527386663939548e-51	1.0
30027	1.4487243053017828e-283	1.0
30028	5.146523163460142e-42	1.0
30029	3.68637377449291e-185	1.0
30031	1.7934036653928428e-277	1.0
30032	5.980395028186528e-169	1.0
30033	1.7521164876195025e-13	0.9999999999998248
30034	4.817653484127619e-207	1.0
30035	0.0	1.0
30036	1.3919536679198871e-143	1.0
30037	2.273986366081218e-211	1.0
30038	6.379008823967246e-78	1.0
30039	2.4687092829099242e-226	1.0
30040	1.0189425014089607e-87	1.0
30041	3.5723112934072776e-35	1.0
30042	3.722289485822807e-05	0.9999627771051419
30043	3.871621640689727e-284	1.0
30044	4.439584637833985e-78	1.0
30045	1.3896519070758602e-177	1.0
30046	1.4720383102331475e-160	1.0
30047	3.021780446228184e-142	1.0
30048	3.605473461465149e-108	1.0
30049	3.1975949902281324e-50	1.0
30050	2.8015533718395107e-123	1.0
30051	0.0	1.0
30052	2.8832907067798956e-14	0.9999999999999711
30053	1.9395938660489836e-123	1.0
30054	3.3117083889881255e-78	1.0
30055	1.7036810482072663e-37	1.0
30056	0.0	1.0
30057	1.3420665599273215e-88	1.0
30058	3.036243150711e-311	1.0
30059	5.116551533927783e-172	1.0
30061	1.7605729394681204e-67	1.0
30062	1.033232348373118e-60	1.0
30063	6.694178332821602e-174	1.0
30064	3.4710599866380346e-137	1.0
30065	9.607576172058587e-83	1.0
30066	6.63915832407162e-98	1.0
30067	3.007339244330249e-39	1.0
30068	3.74812213757049e-283	1.0
30069	5.395368642464569e-45	1.0
30070	2.2866700385467752e-38	1.0
30071	1.8782367615595106e-82	1.0
30072	6.034931421036661e-76	1.0
30073	5.125327075481218e-41	1.0
30074	1.3530905890160823e-47	1.0
30075	1.6993030202323957e-290	1.0
30076	1.5023334727424684e-153	1.0
30077	8.23707786592502e-48	1.0
30078	3.1694903648722067e-115	1.0
30079	3.019063039264107e-64	1.0
30080	8.397241613431545e-300	1.0
30081	0.0	1.0
30082	2.525199848898553e-45	1.0
30083	2.3704974412875393e-85	1.0
30084	5.699277042652614e-66	1.0
30085	1.5739800978094196e-84	1.0
30086	1.0776047889087056e-79	1.0
30087	7.68179751283173e-180	1.0
30088	8.68979253916327e-40	1.0
30089	7.4631782051865e-53	1.0
30091	9.152912408800551e-68	1.0
30092	6.265763114375491e-42	1.0
30093	3.3044848116920876e-75	1.0
30094	7.675312815809932e-286	1.0
30095	6.883536684473623e-271	1.0
30096	1.2553310947156326e-88	1.0
30097	4.1059617124743745e-79	1.0
30098	7.119944486896404e-79	1.0
30099	1.5705116087591032e-41	1.0
30100	4.516080759517658e-44	1.0
30101	2.0345640284148173e-10	0.9999999997965436
30102	6.75656244754926e-22	1.0
30103	1.029620814719248e-261	1.0
30104	3.842111352649242e-95	1.0
30105	4.3285922936159345e-71	1.0
30106	1.5170550992210198e-41	1.0
30107	6.34204342076455e-72	1.0
30108	0.0	1.0
30109	0.0	1.0
30110	0.0	1.0
30111	6.543883434357544e-51	1.0
30112	7.33302324125393e-18	1.0
30113	5.990136473096791e-157	1.0
30114	1.16969262002608e-27	1.0
30115	8.326489961187007e-47	1.0
30116	4.414179850265218e-39	1.0
30117	5.973670136159772e-183	1.0
30118	2.4119833636505152e-188	1.0
30119	3.5551815907448365e-40	1.0
30121	2.3089954511913155e-113	1.0
30122	4.258590225525103e-21	1.0
30123	9.417084228035225e-37	1.0
30124	4.0405736647265176e-13	0.9999999999995959
30125	1.325897888053862e-97	1.0
30126	2.3676924369815093e-71	1.0
30127	3.0342808526403795e-38	1.0
30128	6.508523177583218e-33	1.0
30129	2.1440796967022612e-21	1.0
30130	6.834387591964031e-47	1.0
30131	0.0	1.0
30132	2.7247998188257223e-20	1.0
30133	3.169593501065335e-38	1.0
30134	9.19190410453614e-52	1.0
30135	1.6984913466652966e-78	1.0
30136	1.4679579782293024e-158	1.0
30137	0.0	1.0
30138	6.137137293737141e-42	1.0
30139	9.769297640894535e-257	1.0
30140	6.466707910255982e-125	1.0
30141	1.303840133614506e-75	1.0
30142	2.5320401612740125e-64	1.0
30143	2.8261946009231423e-67	1.0
30144	9.099960398921893e-206	1.0
30145	0.0	1.0
30146	1.6900036764890122e-183	1.0
30147	5.830781071516795e-17	1.0
30148	9.148661875318123e-66	1.0
30149	0.0	1.0
30151	1.8425534443255556e-36	1.0
30152	0.0	1.0
30153	4.953481021262617e-97	1.0
30154	5.18990333931523e-75	1.0
30155	1.9185723944529446e-146	1.0
30156	1.3725371273589685e-87	1.0
30157	1.0032702896830734e-213	1.0
30158	2.2821942069616224e-273	1.0
30159	1.4164150051012286e-78	1.0
30160	8.840684490360131e-30	1.0
30161	1.4002963320123265e-16	0.9999999999999998
30162	0.0	1.0
30163	0.0	1.0
30164	1.3148485441364963e-146	1.0
30165	7.823014982114123e-84	1.0
30166	2.517304906750512e-88	1.0
30167	9.271510173104875e-82	1.0
30168	0.0	1.0
30169	2.1860681230661377e-106	1.0
30170	1.033466272055123e-134	1.0
30171	1.3670040803204097e-78	1.0
30172	0.0	1.0
30173	1.9573714499594546e-77	1.0
30174	2.4893897427596786e-288	1.0
30175	3.357977374603175e-58	1.0
30176	1.745401432304676e-278	1.0
30177	1.850399247060911e-53	1.0
30178	1.9840788760926532e-172	1.0
30179	3.72847724220303e-64	1.0
30181	6.50530433089518e-114	1.0
30182	1.8235144040666598e-65	1.0
30183	3.845458492012969e-45	1.0
30184	4.6730911386428503e-32	1.0
30185	0.0	1.0
30186	4.432211527069178e-53	1.0
30187	6.48483073112322e-54	1.0
30188	1.0338980049948264e-224	1.0
30189	1.1907391066701552e-222	1.0
30190	2.670734786724561e-86	1.0
30191	7.745693557440978e-40	1.0
30192	2.5789880813858428e-40	1.0
30193	6.2897133275021385e-46	1.0
30194	2.1734186516384413e-32	1.0
30195	2.273852786520389e-20	1.0
30196	1.333352382274703e-71	1.0
30197	3.522517351569858e-188	1.0
30198	7.110618526908978e-115	1.0
30199	1.350800224580204e-81	1.0
30200	7.901590002378676e-87	1.0
30201	1.6234946176308316e-120	1.0
30202	0.0	1.0
30203	3.2125838076029303e-88	1.0
30204	3.758763732739496e-147	1.0
30205	2.6568675053713792e-81	1.0
30206	3.554897811219842e-15	0.9999999999999964
30207	1.622421980193861e-146	1.0
30208	2.929698336632267e-57	1.0
30209	5.348225285798718e-26	1.0
30211	3.416703399447921e-132	1.0
30212	3.763666568821992e-77	1.0
30213	1.0316298044424477e-160	1.0
30214	5.898730345689593e-84	1.0
30215	3.5144172752478476e-80	1.0
30216	7.413354644067117e-84	1.0
30217	3.318107132618688e-51	1.0
30218	9.289101061549699e-35	1.0
30219	4.114911457406985e-155	1.0
30220	0.0	1.0
30221	0.0	1.0
30222	0.0	1.0
30223	1.6132484368123998e-82	1.0
30224	2.519486632686521e-28	1.0
30225	1.23114987543361e-09	0.9999999987688502
30226	2.6017943100783316e-135	1.0
30227	3.0216000418431264e-42	1.0
30228	7.259505485510775e-31	1.0
30229	7.717992752321221e-29	1.0
30230	2.8037620466860356e-42	1.0
30231	4.818894226672961e-54	1.0
30232	6.101239901504876e-82	1.0
30233	1.856503370161001e-95	1.0
30234	1.0535374179577165e-49	1.0
30235	3.157783735450183e-23	1.0
30236	1.3835655594530267e-32	1.0
30237	9.554514446446542e-77	1.0
30238	1.0487822638729235e-34	1.0
30239	4.8644871505804236e-247	1.0
30241	0.0	1.0
30242	3.683907989728667e-83	1.0
30243	0.0	1.0
30244	8.99046825e-314	1.0
30245	2.030598760507609e-62	1.0
30246	1.1801207532878977e-26	1.0
30247	5.64241282336303e-143	1.0
30248	2.1192198659080904e-130	1.0
30249	1.6140492281007225e-33	1.0
30250	3.4915001751826985e-21	1.0
30251	4.3904558332635355e-67	1.0
30252	0.0	1.0
30253	2.310568265651645e-71	1.0
30254	2.4891007638001657e-173	1.0
30255	9.447342347997513e-116	1.0
30256	3.368434529166646e-83	1.0
30257	1.0634754784331631e-280	1.0
30258	1.9507913088551941e-87	1.0
30259	3.2962101985979042e-15	0.9999999999999967
30260	0.0	1.0
30261	1.7884436200656947e-75	1.0
30262	2.8534520229515615e-89	1.0
30263	2.7418757248391246e-63	1.0
30264	9.502211168649677e-97	1.0
30265	2.634115209610998e-37	1.0
30266	3.876391817535219e-65	1.0
30267	4.252524056224629e-82	1.0
30268	5.749660883339815e-164	1.0
30269	2.8074397466279815e-61	1.0
30271	3.437430474012367e-71	1.0
30272	1.8024076562215328e-214	1.0
30273	5.788850600045177e-53	1.0
30274	1.8052416323203643e-53	1.0
30275	4.339177730245674e-55	1.0
30276	5.46554944058787e-11	0.9999999999453446
30277	7.650820386581554e-125	1.0
30278	6.676115435143488e-81	1.0
30279	2.2743647408886552e-57	1.0
30280	9.784053877335395e-46	1.0
30281	9.83708589873371e-84	1.0
30282	6.276469333310333e-110	1.0
30283	1.0902370028420766e-97	1.0
30284	5.353689567589373e-83	1.0
30285	5.719245761408277e-50	1.0
30286	4.8712325050421655e-56	1.0
30287	5.956718322298346e-150	1.0
30288	4.654279643257196e-29	1.0
30289	3.308050226702418e-37	1.0
30290	1.495740842294711e-97	1.0
30291	7.4945342107084e-97	1.0
30292	3.7777443163526783e-76	1.0
30293	0.0	1.0
30294	4.239496701540114e-07	0.9999995760503299
30295	1.3152772412069935e-30	1.0
30296	1.685336976857938e-09	0.999999998314663
30297	1.694845227582532e-92	1.0
30298	4.606790113687657e-96	1.0
30299	2.0775402686668145e-92	1.0
30301	1.6726133116991662e-83	1.0
30302	1.0122611624070102e-41	1.0
30303	1.3608330157632784e-79	1.0
30304	1.5061493044807518e-63	1.0
30305	0.0	1.0
30306	0.0	1.0
30307	2.1815084264008193e-136	1.0
30308	0.0	1.0
30309	1.3535633389379314e-07	0.9999998646436662
30310	7.227425356141779e-41	1.0
30311	6.420519715494069e-37	1.0
30312	4.0717802571047585e-138	1.0
30313	4.870992380713605e-11	0.9999999999512901
30314	1.1960125396786628e-134	1.0
30315	0.0	1.0
30316	0.0	1.0
30317	2.911689019288642e-46	1.0
30318	1.938497210419314e-99	1.0
30319	3.078017403016064e-53	1.0
30320	3.3573803304851976e-121	1.0
30321	6.210786263174888e-56	1.0
30322	5.1851194986641915e-113	1.0
30323	4.94585378760176e-167	1.0
30324	3.4104641850516805e-131	1.0
30325	8.276215051111492e-163	1.0
30326	6.417895903596168e-98	1.0
30327	4.025076154446195e-156	1.0
30328	1.0928341105984543e-39	1.0
30329	6.941977830295457e-16	0.9999999999999993
30331	1.0142019909004846e-49	1.0
30332	1.4759579474898867e-79	1.0
30333	4.3377767199727914e-160	1.0
30334	2.4219317587492952e-48	1.0
30335	2.910027076834018e-70	1.0
30336	0.0	1.0
30337	1.7211159815882587e-66	1.0
30338	4.165531331974628e-114	1.0
30339	5.0637957440425126e-266	1.0
30340	1.3761794995212504e-171	1.0
30341	4.532557111536591e-25	1.0
30342	4.493999416485346e-60	1.0
30343	2.0928411683970298e-89	1.0
30344	2.052335587672499e-95	1.0
30345	3.866303437151304e-78	1.0
30346	1.9983657784881996e-94	1.0
30347	1.861894057773419e-06	0.9999981381059423
30348	7.17766701543339e-147	1.0
30349	1.3447413366792627e-162	1.0
30350	1.056839714343291e-59	1.0
30351	1.3060544940490964e-36	1.0
30352	4.716758620435321e-18	1.0
30353	1.0546781195372108e-20	1.0
30354	8.654419482460097e-72	1.0
30355	1.8011902903337808e-221	1.0
30356	8.983683940631664e-152	1.0
30357	1.2568166940953944e-66	1.0
30358	1.0629181406997459e-57	1.0
30359	2.60525418139311e-135	1.0
30361	1.2312972413406723e-54	1.0
30362	0.0	1.0
30363	2.007184462369629e-59	1.0
30364	2.8314488537397973e-22	1.0
30365	0.0	1.0
30366	3.171392876536409e-16	0.9999999999999998
30367	0.0	1.0
30368	7.001434152515216e-22	1.0
30369	3.890367856631049e-38	1.0
30370	8.486134958911573e-74	1.0
30371	0.0	1.0
30372	8.279673024197466e-50	1.0
30373	0.0	1.0
30374	1.3284966369773937e-29	1.0
30375	4.926094448736308e-24	1.0
30376	3.2267921909185296e-42	1.0
30377	4.5477979960227516e-23	1.0
30378	2.763351010944484e-71	1.0
30379	3.1931543409688822e-93	1.0
30380	0.0	1.0
30381	6.91679252960282e-55	1.0
30382	9.571720394932044e-50	1.0
30383	1.6561379704284715e-50	1.0
30384	5.193387094623659e-128	1.0
30385	3.8699373072818034e-38	1.0
30386	9.674546051961921e-82	1.0
30387	1.2393512094791507e-39	1.0
30388	1.283219981228431e-87	1.0
30389	3.3958389227567417e-76	1.0
30391	1.2756781440101823e-308	1.0
30392	6.643878619764322e-117	1.0
30393	8.85712737641034e-49	1.0
30394	7.1464357538134905e-40	1.0
30395	3.166651424619708e-159	1.0
30396	4.837613149997471e-11	0.9999999999516238
30397	9.170250025022658e-17	1.0
30398	6.581457858405712e-121	1.0
30399	3.7125851129967277e-44	1.0
30400	2.5535831453657496e-53	1.0
30401	2.419336961451293e-25	1.0
30402	4.48014999760574e-297	1.0
30403	0.0	1.0
30404	8.075939203426058e-173	1.0
30405	1.995294869850351e-45	1.0
30406	1.1980730149686031e-14	0.999999999999988
30407	2.573418627472045e-109	1.0
30408	9.640067152155526e-51	1.0
30409	1.85472031374337e-48	1.0
30410	1.3754069267461906e-55	1.0
30411	5.236025135945766e-184	1.0
30412	0.0	1.0
30413	1.4373386217775205e-64	1.0
30414	1.0302198335082651e-94	1.0
30415	7.046000351359772e-77	1.0
30416	9.404766217487357e-281	1.0
30417	6.676352716687799e-37	1.0
30418	6.587413154377939e-287	1.0
30419	2.4803480741179145e-38	1.0
30421	6.39213919181964e-85	1.0
30422	7.498064217670491e-88	1.0
30423	1.4956512645654305e-56	1.0
30424	6.124390439304132e-92	1.0
30425	0.0	1.0
30426	1.1259565022565992e-38	1.0
30427	2.709265367215752e-53	1.0
30428	1.0996991096587592e-71	1.0
30429	6.990975540467776e-37	1.0
30430	3.6688510685267003e-63	1.0
30431	0.0	1.0
30432	4.09842886905468e-37	1.0
30433	0.0	1.0
30434	3.393286582246679e-176	1.0
30435	3.924036521301219e-36	1.0
30436	3.9286882728826904e-83	1.0
30437	1.1197691508216527e-36	1.0
30438	2.3967373935731157e-245	1.0
30439	3.001744675272008e-97	1.0
30440	6.5115311778746995e-142	1.0
30441	1.686448793112355e-150	1.0
30442	2.503440478078195e-41	1.0
30443	0.0	1.0
30444	2.201791352390089e-47	1.0
30445	7.234993260906707e-167	1.0
30446	0.0	1.0
30447	2.9865947016716403e-109	1.0
30448	5.105971841815963e-56	1.0
30449	2.4217828726262805e-58	1.0
30451	7.066432826604309e-89	1.0
30452	6.731305500406575e-15	0.9999999999999933
30453	3.1709565584264603e-178	1.0
30454	0.0	1.0
30455	1.1334810148334281e-63	1.0
30456	8.099294741564942e-143	1.0
30457	1.2855282028317215e-50	1.0
30458	1.5828503605422815e-40	1.0
30459	0.0	1.0
30460	2.425352246674239e-81	1.0
30461	0.0	1.0
30462	9.264313549039232e-59	1.0
30463	7.123608212087635e-210	1.0
30464	2.348697996256993e-13	0.9999999999997651
30465	3.385422500561142e-88	1.0
30466	1.0330208220752655e-95	1.0
30467	3.1893556952346976e-65	1.0
30468	5.7216887971452404e-241	1.0
30469	1.5567725045542711e-93	1.0
30470	9.754371323586124e-147	1.0
30471	4.422206475787649e-94	1.0
30472	2.970155089369754e-36	1.0
30473	0.0	1.0
30474	1.4810178662944529e-173	1.0
30475	2.17202719294294e-46	1.0
30476	1.3401889248127246e-65	1.0
30477	7.027652227705241e-53	1.0
30478	0.0	1.0
30479	5.061524037755102e-141	1.0
30481	9.581370284245533e-37	1.0
30482	0.0	1.0
30483	1.114257178287604e-89	1.0
30484	6.878193556715185e-21	1.0
30485	1.091165728221105e-80	1.0
30486	7.94950635846854e-265	1.0
30487	3.6384230855130925e-149	1.0
30488	7.036401375073558e-113	1.0
30489	1.3244989349418332e-91	1.0
30490	5.811839065815519e-86	1.0
30491	1.9930983812683236e-89	1.0
30492	1.1654573747779688e-14	0.9999999999999885
30493	1.383163597765897e-11	0.9999999999861684
30494	0.0	1.0
30495	1.676976167520283e-33	1.0
30496	0.0	1.0
30497	1.0518081121795909e-78	1.0
30498	4.351358469508719e-58	1.0
30499	0.0	1.0
30500	8.811105481873223e-34	1.0
30501	8.539642755275407e-35	1.0
30502	4.252260379137012e-62	1.0
30503	3.026232708166018e-89	1.0
30504	7.533754032350359e-164	1.0
30505	3.57636528591155e-25	1.0
30506	2.3132098299884186e-154	1.0
30507	3.207460884338893e-65	1.0
30508	0.0	1.0
30509	0.0	1.0
30511	3.707120612152043e-32	1.0
30512	1.0939829918812077e-51	1.0
30513	5.596401039706781e-66	1.0
30514	2.9212295946816034e-75	1.0
30515	0.0	1.0
30516	4.0317194833430825e-24	1.0
30517	2.1300068562637463e-60	1.0
30518	0.0	1.0
30519	1.322483448896843e-114	1.0
30520	1.3312252630999562e-48	1.0
30521	1.6451683227182888e-108	1.0
30522	8.998017543071278e-36	1.0
30523	0.0	1.0
30524	2.7862975987825464e-56	1.0
30525	6.072629358763463e-101	1.0
30526	4.0228655255876287e-100	1.0
30527	1.2118901982108995e-72	1.0
30528	1.6468496968947748e-44	1.0
30529	8.252490796961037e-141	1.0
30530	9.929003861071394e-59	1.0
30531	2.4078066801104482e-161	1.0
30532	1.398489995083585e-45	1.0
30533	5.0284299664428115e-90	1.0
30534	2.882836655940039e-91	1.0
30535	4.298712504315328e-57	1.0
30536	1.926917331955986e-62	1.0
30537	0.0	1.0
30538	9.490561299470976e-87	1.0
30539	2.0527284424161665e-79	1.0
30541	3.1628791317179824e-79	1.0
30542	4.06599555540473e-71	1.0
30543	2.706401327142802e-183	1.0
30544	0.0	1.0
30545	3.8860724198216053e-22	1.0
30546	1.4198646012456296e-23	1.0
30547	6.466932719800531e-48	1.0
30548	3.421766204062024e-45	1.0
30549	6.621687995458266e-34	1.0
30550	6.551723253057098e-218	1.0
30551	5.2617495765431825e-34	1.0
30552	1.6971304834232664e-55	1.0
30553	4.358959427890093e-68	1.0
30554	1.6217845972042153e-149	1.0
30555	1.9832418201446066e-21	1.0
30556	1.130591429299466e-99	1.0
30557	1.1238644960499455e-81	1.0
30558	0.0	1.0
30559	2.6380714564003538e-132	1.0
30560	8.47810108769342e-126	1.0
30561	3.4366418180910906e-09	0.9999999965633581
30562	8.425219415208236e-87	1.0
30563	2.7563747375693107e-15	0.9999999999999973
30564	1.180706681254114e-16	0.9999999999999998
30565	1.951786114144929e-85	1.0
30566	9.840267028933828e-273	1.0
30567	1.0663523098072876e-22	1.0
30568	2.596345391936296e-124	1.0
30569	1.9910215630584328e-30	1.0
30571	2.2179174026877822e-61	1.0
30572	0.0	1.0
30573	6.302532540776256e-63	1.0
30574	8.809966249027869e-85	1.0
30575	1.1057456663366011e-08	0.9999999889425434
30576	4.302814434199428e-230	1.0
30577	1.2227913999534385e-79	1.0
30578	5.797439829405897e-38	1.0
30579	4.465761378562799e-168	1.0
30580	0.0	1.0
30581	0.0	1.0
30582	2.2602106808079795e-158	1.0
30583	2.9957844035460763e-22	1.0
30584	2.9775492709815725e-90	1.0
30585	3.983771616106064e-37	1.0
30586	1.6929747067749588e-260	1.0
30587	2.128222728883018e-20	1.0
30588	6.315186387574539e-31	1.0
30589	8.249765964970558e-303	1.0
30590	2.1169500589387395e-81	1.0
30591	1.3424897222452851e-31	1.0
30592	7.365854232419696e-44	1.0
30593	0.0	1.0
30594	5.894793358490287e-264	1.0
30595	7.494269580423065e-178	1.0
30596	4.50189614929709e-242	1.0
30597	1.3084303769728218e-115	1.0
30598	7.589327561651914e-97	1.0
30599	1.5244835167817953e-80	1.0
30601	3.228250114203005e-48	1.0
30602	4.752166237584305e-39	1.0
30603	1.661594759940077e-25	1.0
30604	0.0	1.0
30605	5.6690946311331466e-15	0.9999999999999942
30606	3.555763912144161e-46	1.0
30607	2.306924969526758e-88	1.0
30608	4.599364766429294e-16	0.9999999999999996
30609	7.694371329348392e-16	0.9999999999999993
30610	2.406495235189637e-192	1.0
30611	5.066336272706991e-137	1.0
30612	1.1530205353999533e-116	1.0
30613	2.6244588404764323e-276	1.0
30614	1.25102319775439e-187	1.0
30615	1.006634136525282e-68	1.0
30616	1.2888688753296367e-72	1.0
30617	1.1650823198884108e-293	1.0
30618	0.0	1.0
30619	3.650356044963164e-24	1.0
30620	2.162353688725755e-81	1.0
30621	1.638524624605379e-211	1.0
30622	7.539814952766488e-167	1.0
30623	6.722175084783422e-11	0.9999999999327782
30624	1.9114609884561494e-68	1.0
30625	0.0	1.0
30626	1.2331159550370657e-56	1.0
30627	4.766936534007866e-56	1.0
30628	1.7852134204068914e-103	1.0
30629	4.476934899232504e-78	1.0
30631	7.239588246767237e-89	1.0
30632	2.2464043989758225e-47	1.0
30633	1.1122321516314764e-39	1.0
30634	7.252189791473925e-159	1.0
30635	0.0	1.0
30636	5.885100261972234e-43	1.0
30637	1.4000719169448902e-45	1.0
30638	3.840107130123373e-199	1.0
30639	1.476988939174922e-36	1.0
30640	1.4860184962062528e-262	1.0
30641	1.7454434006271927e-41	1.0
30642	5.267546466367362e-210	1.0
30643	1.4682254070575586e-62	1.0
30644	1.8065482411258144e-77	1.0
30645	3.1021680642006995e-50	1.0
30646	0.0	1.0
30647	1.8188627099436456e-57	1.0
30648	1.706167813367935e-158	1.0
30649	2.377524778021162e-27	1.0
30650	6.90912968707394e-32	1.0
30651	0.0	1.0
30652	1.2349914135119534e-134	1.0
30653	0.0	1.0
30654	1.486662921077379e-245	1.0
30655	9.153432854209892e-299	1.0
30656	1.1146523164623877e-115	1.0
30657	1.0851431137946894e-99	1.0
30658	1.6614973811756748e-96	1.0
30659	1.7384073289831035e-47	1.0
30661	6.906266686526445e-21	1.0
30662	7.733757114452634e-26	1.0
30663	0.0	1.0
30664	3.3252839298015726e-51	1.0
30665	0.0	1.0
30666	9e-322	1.0
30667	1.666840828356043e-69	1.0
30668	6.787569277982631e-96	1.0
30669	4.317051125654714e-106	1.0
30670	6.20926e-317	1.0
30671	0.0	1.0
30672	2.4098354957995914e-137	1.0
30673	0.0	1.0
30674	4.016994177114446e-35	1.0
30675	9.09738061388e-312	1.0
30676	1.0547721869147483e-46	1.0
30677	1.3056882147492724e-58	1.0
30678	5.440806827063701e-88	1.0
30679	7.880875103319938e-26	1.0
30680	6.689898332214317e-73	1.0
30681	5.175664243191885e-70	1.0
30682	1.2134413813494637e-94	1.0
30683	1.7457939898407305e-83	1.0
30684	0.0	1.0
30685	1.994782749927632e-40	1.0
30686	2.5877644238073456e-145	1.0
30687	2.6888955329985756e-61	1.0
30688	4.766491168826219e-155	1.0
30689	5.2554234980849695e-50	1.0
30691	4.822383693873374e-114	1.0
30692	1.1108980979746772e-88	1.0
30693	0.0	1.0
30694	8.459460183339097e-123	1.0
30695	7.452504417933796e-47	1.0
30696	0.0	1.0
30697	4.8691121065965895e-70	1.0
30698	3.38069726720937e-27	1.0
30699	4.173671135004277e-54	1.0
30700	5.109319378792291e-53	1.0
30701	2.379583193220455e-135	1.0
30702	3.750445086366001e-102	1.0
30703	4.7562491125728556e-146	1.0
30704	6.235752103462474e-124	1.0
30705	0.0	1.0
30706	4.8359506523919244e-111	1.0
30707	9.882883432665012e-26	1.0
30708	1.593779000827232e-41	1.0
30709	4.266250934721407e-45	1.0
30710	0.0	1.0
30711	0.0	1.0
30712	3.7675098033116285e-125	1.0
30713	1.34359867398229e-33	1.0
30714	7.624226411453684e-95	1.0
30715	2.775670153493848e-237	1.0
30716	5.518093653810601e-30	1.0
30717	1.0474714215648769e-42	1.0
30718	5.19062464531722e-82	1.0
30719	5.023418963252945e-49	1.0
30721	1.0949642586626807e-52	1.0
30722	0.0	1.0
30723	9.107373675622592e-39	1.0
30724	7.955306421721308e-279	1.0
30725	4.190350498510492e-44	1.0
30726	2.8413210566850804e-42	1.0
30727	7.761245670575573e-79	1.0
30728	1.5608385592180213e-128	1.0
30729	1.6047758069152137e-149	1.0
30730	1.586702511123572e-229	1.0
30731	3.2800996714437786e-51	1.0
30732	4.556898370941258e-105	1.0
30733	2.0924e-320	1.0
30734	2.716694170774682e-78	1.0
30735	1.3932975138348292e-32	1.0
30736	1.5220093876550182e-148	1.0
30737	1.3976556347621703e-67	1.0
30738	4.874258663932989e-123	1.0
30739	2.0274529296106133e-20	1.0
30740	2.9950153643112276e-36	1.0
30741	1.1105861334795807e-31	1.0
30742	8.685479043718358e-90	1.0
30743	0.0	1.0
30744	0.0	1.0
30745	9.252449908098524e-52	1.0
30746	2.2336805060064905e-108	1.0
30747	1.3383902506293206e-07	0.9999998661609749
30748	1.0248736133424797e-68	1.0
30749	2.965377049654388e-137	1.0
30751	9.020837785280433e-91	1.0
30752	6.253244462949049e-111	1.0
30753	9.232430788531225e-23	1.0
30754	4.015323290298414e-174	1.0
30755	1.9303660566587484e-141	1.0
30756	3.436525113625203e-272	1.0
30757	7.03406813676498e-23	1.0
30758	0.0	1.0
30759	1.1135617225536373e-40	1.0
30760	8.946834016000176e-117	1.0
30761	4.1794621617013446e-34	1.0
30762	3.954626713134608e-176	1.0
30763	0.12004954339195573	0.8799504566080444
30764	3.8480028248018493e-19	1.0
30765	4.677701708439926e-30	1.0
30766	1.4131918609881754e-169	1.0
30767	9.346954222752143e-71	1.0
30768	1.1124996950065865e-107	1.0
30769	1.0110241424366034e-183	1.0
30770	1.991981056467141e-260	1.0
30771	0.0	1.0
30772	0.0	1.0
30773	4.4474443414813536e-195	1.0
30774	5.812480718412099e-245	1.0
30775	4.506899478702142e-26	1.0
30776	0.0	1.0
30777	2.8919083750955206e-44	1.0
30778	1.4521655417353218e-55	1.0
30779	5.057649979831044e-53	1.0
30781	1.0626424396909098e-66	1.0
30782	0.0	1.0
30783	6.722175084783422e-11	0.9999999999327782
30784	1.0238471556969455e-25	1.0
30785	9.418166034351862e-73	1.0
30786	2.9298222716723334e-222	1.0
30787	1.892705355170716e-40	1.0
30788	2.738857353148474e-34	1.0
30789	2.54606823943216e-114	1.0
30790	5.181821343555657e-139	1.0
30791	1.0537497440425612e-72	1.0
30792	6.105978520202397e-57	1.0
30793	2.2057461348156308e-54	1.0
30794	2.506093850744925e-74	1.0
30795	1.7139661423927006e-67	1.0
30796	2.1614548065522812e-35	1.0
30797	1.200200013726948e-304	1.0
30798	2.773024775766372e-113	1.0
30799	1.7883477275390737e-65	1.0
30800	1.637281656840078e-44	1.0
30801	3.171453994874e-312	1.0
30802	0.0007995890151826648	0.9992004109848174
30803	6.283990397254492e-41	1.0
30804	3.3377149584939523e-97	1.0
30805	0.0	1.0
30806	3.148224396099995e-109	1.0
30807	2.997801930330253e-244	1.0
30808	3.403645014053607e-110	1.0
30809	2.5318695402985106e-110	1.0
30811	1.048911637300069e-13	0.9999999999998952
30812	1.1826190556886352e-155	1.0
30813	7.983042380896351e-158	1.0
30814	1.599935538816504e-48	1.0
30815	6.836606680283228e-75	1.0
30816	2.0739421583438906e-209	1.0
30817	1.2687982058499318e-49	1.0
30818	9.796445889213881e-146	1.0
30819	2.510427078389495e-170	1.0
30820	0.0	1.0
30821	7.009257104201407e-34	1.0
30822	0.0	1.0
30823	6.232787253964368e-107	1.0
30824	1.8087886726939644e-96	1.0
30825	1.860198429191922e-88	1.0
30826	1.1059784460927583e-43	1.0
30827	1.804538027749363e-25	1.0
30828	1.3160451226689662e-281	1.0
30829	1.625348854186342e-42	1.0
30830	1.901392621239691e-70	1.0
30831	5.058908055367023e-69	1.0
30832	7.518051487571106e-20	1.0
30833	4.040095943581105e-137	1.0
30834	7.930039554176196e-30	1.0
30835	3.7580095283978544e-112	1.0
30836	4.4086526485391934e-60	1.0
30837	3.635784616269688e-48	1.0
30838	0.0	1.0
30839	8.940057023820699e-11	0.9999999999105995
30841	1.9388204306716676e-70	1.0
30842	4.113869058513614e-300	1.0
30843	1.9064303433413884e-57	1.0
30844	4.2915657998604235e-293	1.0
30845	5.0120281958200065e-146	1.0
30846	2.4446142845915102e-67	1.0
30847	7.630038002272212e-48	1.0
30848	2.6563458049771636e-51	1.0
30849	5.369488489574413e-102	1.0
30850	3.7753291654559473e-10	0.9999999996224671
30851	1.5038025995250194e-126	1.0
30852	1.4860371179765606e-96	1.0
30853	5.595432540231245e-81	1.0
30854	2.2034617885340403e-35	1.0
30855	1.0837666260420075e-05	0.9999891623337396
30856	3.2827698571073107e-66	1.0
30857	6.666509247390409e-17	1.0
30858	3.3287221667836073e-20	1.0
30859	3.0861170125914904e-59	1.0
30860	9.329371649378222e-55	1.0
30861	4.4594180475876784e-57	1.0
30862	1.8404783283703748e-50	1.0
30863	3.80175391299409e-162	1.0
30864	1.0848499465541254e-51	1.0
30865	2.234106220026015e-56	1.0
30866	2.3104014408922892e-116	1.0
30867	1.1693001709503163e-235	1.0
30868	1.4682342156400062e-11	0.9999999999853177
30869	7.364182754208297e-36	1.0
30871	0.0	1.0
30872	1.706132289855916e-161	1.0
30873	8.642807614241316e-103	1.0
30874	5.14647608030511e-99	1.0
30875	1.153248020570386e-23	1.0
30876	6.087327475461437e-87	1.0
30877	2.7099320833708775e-32	1.0
30878	2.0309293201918958e-57	1.0
30879	5.896744321042517e-153	1.0
30880	1.1731056661274707e-77	1.0
30881	3.8796776218173313e-44	1.0
30882	1.4235988980761243e-106	1.0
30883	1.6639803361394981e-35	1.0
30884	4.353275038015339e-115	1.0
30885	2.0032759893841063e-127	1.0
30886	4.347206070809228e-27	1.0
30887	5.443456473469396e-50	1.0
30888	9.681645132524133e-99	1.0
30889	3.7556252008793675e-38	1.0
30890	5.822401993905348e-104	1.0
30891	6.725763184723151e-241	1.0
30892	3.708485844752518e-129	1.0
30893	5.536894620582515e-72	1.0
30894	8.682542013639537e-22	1.0
30895	0.0	1.0
30896	2.0324931380210273e-14	0.9999999999999796
30897	6.243383452528372e-129	1.0
30898	3.778691619269659e-132	1.0
30899	1.5351441897339748e-146	1.0
30901	8.674470164196017e-140	1.0
30902	9.372809590930556e-262	1.0
30903	1.532985986338554e-155	1.0
30904	6.76898175132536e-113	1.0
30905	1.185157199536087e-16	0.9999999999999998
30906	5.713441933302059e-281	1.0
30907	6.593851527427571e-38	1.0
30908	6.478233217514745e-66	1.0
30909	8.226625430520622e-84	1.0
30910	2.1110113168586634e-59	1.0
30911	4.123599330866253e-134	1.0
30912	2.3364432005228812e-51	1.0
30913	8.810186730422691e-72	1.0
30914	1.550652569399497e-54	1.0
30915	1.3062862646852433e-59	1.0
30916	1.9070578305698258e-194	1.0
30917	5.815030350515752e-12	0.9999999999941849
30918	3.759992458549663e-186	1.0
30919	4.4791254156781535e-60	1.0
30920	5.372780412763076e-62	1.0
30921	5.944095991899981e-262	1.0
30922	2.1731101652116545e-47	1.0
30923	6.105863649727009e-45	1.0
30924	1.4361197750943504e-144	1.0
30925	3.684422378497258e-60	1.0
30926	2.3220061299656747e-56	1.0
30927	3.5891968113573306e-288	1.0
30928	7.885087340569418e-270	1.0
30929	1.515026686e-315	1.0
30931	6.206485808331741e-110	1.0
30932	1.5435371163334356e-33	1.0
30933	5.813932022885356e-28	1.0
30934	5.65092168418878e-107	1.0
30935	2.4757927045876443e-16	0.9999999999999998
30936	5.7832738398082395e-226	1.0
30937	5.622631809885152e-150	1.0
30938	1.252519858340267e-187	1.0
30939	2.2873727561211145e-105	1.0
30940	1.564409651005008e-106	1.0
30941	2.716694170774682e-78	1.0
30942	3.4190427425692854e-63	1.0
30943	2.057295071229281e-87	1.0
30944	2.8100886944653645e-85	1.0
30945	2.272488791324994e-234	1.0
30946	1.2109908563053107e-74	1.0
30947	4.751447679764725e-90	1.0
30948	1.6440092678242634e-99	1.0
30949	7.918691665501964e-187	1.0
30950	1.1582233710861063e-252	1.0
30951	9.782726682490336e-80	1.0
30952	0.12510149554575803	0.874898504454242
30953	9.716172815074715e-39	1.0
30954	1.168399824356227e-46	1.0
30955	1.6746648695685688e-48	1.0
30956	5.177221537834988e-38	1.0
30957	2.299187873696275e-34	1.0
30958	2.7903206246790045e-64	1.0
30959	2.841805265770105e-134	1.0
30961	4.3486430431343115e-31	1.0
30962	2.7355544616246625e-228	1.0
30963	1.8332933059883423e-122	1.0
30964	5.021780905109945e-36	1.0
30965	2.256114663114397e-24	1.0
30966	3.2317554233186525e-35	1.0
30967	0.0	1.0
30968	1.5483342082868502e-82	1.0
30969	3.275203349664148e-175	1.0
30970	3.669943888143065e-95	1.0
30971	1.0392713014715074e-36	1.0
30972	3.0736040725159753e-81	1.0
30973	1.3898814459269904e-40	1.0
30974	3.596501689958214e-45	1.0
30975	1.8918002806175867e-58	1.0
30976	1.4744698814107255e-273	1.0
30977	1.368020540781749e-150	1.0
30978	9.01294612481678e-142	1.0
30979	1.9149040755076735e-130	1.0
30980	2.9779078802473173e-126	1.0
30981	0.018629133829613096	0.9813708661703868
30982	0.0	1.0
30983	1.1688773818898733e-64	1.0
30984	0.0	1.0
30985	5.88664480496077e-96	1.0
30986	2.7420273718782368e-37	1.0
30987	4.794609886113829e-167	1.0
30988	6.706961091163978e-25	1.0
30989	2.6605359832755478e-120	1.0
30991	0.0	1.0
30992	6.563300102002426e-58	1.0
30993	4.9216560115336415e-73	1.0
30994	8.449837058316171e-41	1.0
30995	0.0	1.0
30996	0.0	1.0
30997	4.535949655779957e-81	1.0
30998	3.133896852768164e-113	1.0
30999	1.8864323808422445e-29	1.0
31000	1.1779330840374857e-106	1.0
31001	1.7584697465577021e-31	1.0
31002	2.9660297470908575e-158	1.0
31003	2.136004050974598e-150	1.0
31004	1.684946012840044e-64	1.0
31005	9.04400040673589e-63	1.0
31006	1.0354673813846032e-134	1.0
31007	4.5933011299752686e-43	1.0
31008	1.2047032252381722e-30	1.0
31009	5.487622545220572e-46	1.0
31010	1.1790704559928754e-308	1.0
31011	2.426034210640375e-93	1.0
31012	8.812751267871661e-153	1.0
31013	1.695190352127926e-46	1.0
31014	3.745171824172315e-68	1.0
31015	8.726358884427088e-56	1.0
31016	3.9049660128403785e-145	1.0
31017	1.7616746581958645e-141	1.0
31018	2.284450690029046e-80	1.0
31019	1.8101778787859327e-111	1.0
31021	1.6255970764353788e-102	1.0
31022	0.0	1.0
31023	1.0424354021802482e-61	1.0
31024	1.1853915452503226e-49	1.0
31025	8.09047700939483e-12	0.9999999999919096
31026	1.7183646010954048e-152	1.0
31027	0.8969702907125452	0.10302970928745474
31028	1.59201465968153e-36	1.0
31029	1.2592696927668757e-91	1.0
31030	5.4923232993831e-310	1.0
31031	1.9220297840336055e-92	1.0
31032	3.77062666185399e-53	1.0
31033	1.0825368689476708e-207	1.0
31034	9.97378237801047e-265	1.0
31035	1.2106171637352648e-153	1.0
31036	1.4536844725046943e-34	1.0
31037	1.7475595678997238e-47	1.0
31038	2.097363310157594e-225	1.0
31039	7.540587335623632e-88	1.0
31040	3.4875067782295568e-40	1.0
31041	5.815030350515752e-12	0.9999999999941849
31042	5.332078242657382e-87	1.0
31043	1.5558500392957997e-40	1.0
31044	2.3957912267268628e-145	1.0
31045	1.9459616708948804e-27	1.0
31046	1.2271274411946455e-102	1.0
31047	4.477817282833629e-103	1.0
31048	3.5497922380663467e-190	1.0
31049	1.0250152873255943e-09	0.9999999989749848
31051	3.226179584160504e-16	0.9999999999999998
31052	4.623960791023689e-40	1.0
31053	5.895790916241038e-26	1.0
31054	2.213360945101415e-137	1.0
31055	1.1369598990434981e-128	1.0
31056	4.307699675143972e-126	1.0
31057	1.394996093410323e-43	1.0
31058	0.0	1.0
31059	3.571727992004356e-40	1.0
31060	8.017566524634872e-117	1.0
31061	1.951299481698984e-135	1.0
31062	3.910570333206881e-93	1.0
31063	0.0	1.0
31064	2.244001189159905e-42	1.0
31065	2.3465714734051654e-146	1.0
31066	2.0492008097412688e-76	1.0
31067	1.2641934548052492e-16	0.9999999999999998
31068	1.566747893659731e-50	1.0
31069	0.0	1.0
31070	0.00010548049706747876	0.9998945195029324
31071	1.2458125485541934e-59	1.0
31072	5.289938812985617e-297	1.0
31073	8.56079008825413e-73	1.0
31074	0.0	1.0
31075	1.4223799747655563e-144	1.0
31076	8.3115950824286e-91	1.0
31077	3.7037800292745156e-77	1.0
31078	5.714779786140779e-219	1.0
31079	0.0	1.0
31081	6.583523276911534e-113	1.0
31082	1.5692884777135548e-33	1.0
31083	4.235267447334641e-119	1.0
31084	0.0	1.0
31085	0.0	1.0
31086	3.7359802230104754e-142	1.0
31087	3.305122042613121e-41	1.0
31088	1.1506986015483913e-115	1.0
31089	0.0	1.0
31090	6.308715022235352e-130	1.0
31091	0.0	1.0
31092	3.3193263032070834e-105	1.0
31093	6.750335777968587e-46	1.0
31094	0.0	1.0
31095	2.4270324733117853e-99	1.0
31096	2.795386914474612e-61	1.0
31097	0.0	1.0
31098	0.0	1.0
31099	0.0	1.0
31100	0.0	1.0
31101	1.2540478915109478e-81	1.0
31102	3.9307762949845875e-128	1.0
31103	3.0331580159557204e-268	1.0
31104	7.414994271539695e-209	1.0
31105	1.0491397884363893e-130	1.0
31106	8.542673639507595e-126	1.0
31107	4.87367898937711e-32	1.0
31108	6.905239211765073e-50	1.0
31109	0.0	1.0
31111	3.66687686404414e-86	1.0
31112	1.40557546140133e-13	0.9999999999998594
31113	4.1103421729860714e-13	0.999999999999589
31114	4.106806532829812e-58	1.0
31115	5.3022990605955654e-49	1.0
31116	0.0	1.0
31117	2.3376787291078146e-41	1.0
31118	1.10522663e-315	1.0
31119	2.001125700525375e-39	1.0
31120	2.391458931611732e-118	1.0
31121	0.23127424584451645	0.7687257541554835
31122	4.1516503832180734e-98	1.0
31123	1.463808692559501e-305	1.0
31124	4.958318484868012e-223	1.0
31125	0.0	1.0
31126	7.48582901380482e-112	1.0
31127	2.2284686800167484e-36	1.0
31128	1.2650056443044522e-263	1.0
31129	1.4072885052381797e-39	1.0
31130	4.843848957042251e-31	1.0
31131	5.913831933701238e-55	1.0
31132	2.5303472576806062e-82	1.0
31133	0.0	1.0
31134	4.6702033839923885e-235	1.0
31135	1.7014769993962846e-62	1.0
31136	1.7305413816311544e-134	1.0
31137	0.0	1.0
31138	0.0	1.0
31139	1.5462747316304928e-144	1.0
31141	0.001568132176637364	0.9984318678233626
31142	2.7762352454579637e-05	0.9999722376475454
31143	0.0	1.0
31144	1.8056080016476343e-61	1.0
31145	8.130139698956828e-127	1.0
31146	2.2923279977295827e-79	1.0
31147	1.840407916799633e-71	1.0
31148	3.0920452596641536e-304	1.0
31149	1.0378707779785177e-157	1.0
31150	2.16723569696693e-130	1.0
31151	7.917026414026671e-197	1.0
31152	2.9921637613379144e-103	1.0
31153	4.444734172157948e-81	1.0
31154	1.1495715086280263e-43	1.0
31155	4.534222132087179e-140	1.0
31156	1.4229384178484847e-17	1.0
31157	0.0	1.0
31158	0.0	1.0
31159	5.187633465313084e-103	1.0
31160	1.7203140282184589e-75	1.0
31161	3.0938244804669888e-71	1.0
31162	8.365762196949037e-93	1.0
31163	1.1134520214212116e-43	1.0
31164	5.830623832490126e-26	1.0
31165	7.449936150221614e-188	1.0
31166	3.18178112594003e-90	1.0
31167	1.0158412423085124e-43	1.0
31168	2.5345016394294116e-93	1.0
31169	1.983973306212612e-83	1.0
31171	0.0	1.0
31172	2.333927528905399e-71	1.0
31173	5.122439886883494e-46	1.0
31174	1.0845646116116174e-89	1.0
31175	4.025695530355574e-122	1.0
31176	6.3977932152772944e-118	1.0
31177	4.0930594623510356e-47	1.0
31178	6.150653098678964e-26	1.0
31179	1.2238752045128132e-48	1.0
31180	6.126e-320	1.0
31181	0.0	1.0
31182	0.0	1.0
31183	4.391383770503338e-102	1.0
31184	1.0745043699251025e-93	1.0
31185	1.4322273014705902e-125	1.0
31186	8.862157560564165e-34	1.0
31187	6.798161308666396e-97	1.0
31188	7.614224525425806e-42	1.0
31189	1.4619338144321883e-112	1.0
31190	1.8254620936419863e-34	1.0
31191	0.0	1.0
31192	7.435322464395818e-264	1.0
31193	7.06744162e-316	1.0
31194	0.0	1.0
31195	1.0438550786951551e-61	1.0
31196	0.0	1.0
31197	2.4224369000352067e-256	1.0
31198	0.0	1.0
31199	0.0	1.0
31201	0.0	1.0
31202	1.9869638583203585e-109	1.0
31203	0.0	1.0
31204	1.930304309866937e-120	1.0
31205	1.8905707058784157e-102	1.0
31206	0.0	1.0
31207	5.291160318215621e-132	1.0
31208	8.84311255049436e-43	1.0
31209	4.7199028283574855e-22	1.0
31210	6.175891310246358e-234	1.0
31211	1.826810652038434e-223	1.0
31212	0.0	1.0
31213	0.0	1.0
31214	7.778908626188951e-38	1.0
31215	0.0	1.0
31216	1.7843666696866407e-20	1.0
31217	5.291028348787248e-91	1.0
31218	1.2990846881958352e-222	1.0
31219	9.684011016173136e-87	1.0
31220	5.092029619769428e-35	1.0
31221	7.308183258109968e-158	1.0
31222	3.8592702946362525e-161	1.0
31223	2.041637e-318	1.0
31224	2.6723027785935184e-86	1.0
31225	9.694352682532457e-228	1.0
31226	1.283449962823635e-95	1.0
31227	1.7135707933721867e-38	1.0
31228	0.297211582331981	0.702788417668019
31229	3.8207786e-317	1.0
31231	0.0	1.0
31232	2.348617865684273e-28	1.0
31233	5.937361898937054e-121	1.0
31234	4.464725770729711e-129	1.0
31235	2.7772427428245147e-78	1.0
31236	4.346252540625408e-76	1.0
31237	9.067253538241315e-131	1.0
31238	8.657253107664193e-42	1.0
31239	1.3618986469996129e-60	1.0
31240	3.4139403851700425e-255	1.0
31241	1.4669816054387272e-43	1.0
31242	5.062159581329448e-44	1.0
31243	2.257117562238459e-41	1.0
31244	6.4694721728310615e-301	1.0
31245	8.63388935398024e-310	1.0
31246	0.0	1.0
31247	2.0769940260638708e-122	1.0
31248	2.6412872478208737e-62	1.0
31249	3.2370593686662484e-99	1.0
31250	6.069957717738342e-135	1.0
31251	1.3665973375831196e-143	1.0
31252	5.827439304074935e-76	1.0
31253	1.9788214287827518e-268	1.0
31254	4.123472995192072e-61	1.0
31255	3.9119891645647865e-224	1.0
31256	0.0	1.0
31257	0.0021212770665410235	0.9978787229334589
31258	2.7921015963246732e-27	1.0
31259	2.5822641769253478e-52	1.0
31261	2.0426987175844074e-98	1.0
31262	1.47866600517194e-87	1.0
31263	1.9136517646422337e-121	1.0
31264	1.54440319341131e-110	1.0
31265	3.816223032255828e-141	1.0
31266	2.372729497043879e-143	1.0
31267	9.747321260432674e-103	1.0
31268	1.0201050873984625e-292	1.0
31269	2.097363310157594e-225	1.0
31270	2.3666019395324226e-79	1.0
31271	3.680393862080229e-260	1.0
31272	5.723351149883525e-292	1.0
31273	0.0	1.0
31274	1.2047455626538483e-123	1.0
31275	2.367268232299294e-50	1.0
31276	2.3652468126721035e-101	1.0
31277	5.800488829271359e-298	1.0
31278	1.3489297028487088e-45	1.0
31279	1.4381543351891491e-182	1.0
31280	3.4676146595096095e-39	1.0
31281	0.0	1.0
31282	3.1554978232251133e-25	1.0
31283	1.166468973182164e-142	1.0
31284	4.1269128168384973e-97	1.0
31285	1.594226413066079e-34	1.0
31286	7.872196645569466e-232	1.0
31287	9.338956269694834e-93	1.0
31288	0.0	1.0
31289	0.0	1.0
31291	0.0	1.0
31292	0.0	1.0
31293	0.0	1.0
31294	0.0	1.0
31295	0.0	1.0
31296	0.0	1.0
31297	0.0	1.0
31298	3.111440230171581e-59	1.0
31299	0.0	1.0
31300	5.9874199762500316e-61	1.0
31301	5.067501362300829e-67	1.0
31302	3.7727296148487e-311	1.0
31303	1.5740538134116888e-157	1.0
31304	1.8549999861281076e-60	1.0
31305	0.0	1.0
31306	7.780978231510324e-48	1.0
31307	0.0	1.0
31308	9.392769516715142e-177	1.0
31309	0.0	1.0
31310	1.0427351209625466e-261	1.0
31311	4.2947165596613295e-77	1.0
31312	0.0	1.0
31313	0.0	1.0
31314	0.0	1.0
31315	6.089067621137756e-130	1.0
31316	1.6771709953669012e-54	1.0
31317	6.185674648920972e-57	1.0
31318	4.0750742133452067e-57	1.0
31319	2.114252143735162e-86	1.0
31321	2.7825799882704085e-169	1.0
31322	1.504114711919923e-297	1.0
31323	7.634149941336445e-83	1.0
31324	1.1403725018410015e-112	1.0
31325	2.6819948686783696e-218	1.0
31326	0.0	1.0
31327	0.0	1.0
31328	1.3998636448808347e-145	1.0
31329	3.4479355811377314e-187	1.0
31330	3.676165021562677e-192	1.0
31331	4.141185256630477e-41	1.0
31332	0.0	1.0
31333	0.0	1.0
31334	0.0	1.0
31335	0.0	1.0
31336	0.0	1.0
31337	0.0	1.0
31338	0.0	1.0
31339	0.0	1.0
31340	1.2101754233332147e-150	1.0
31341	9.055884593992551e-54	1.0
31342	7.855598326595777e-27	1.0
31343	6.244575967592107e-62	1.0
31344	5.0154084531734465e-25	1.0
31345	9.997897711751378e-79	1.0
31346	5e-324	1.0
31347	2.6953149771834715e-163	1.0
31348	0.0	1.0
31349	0.0	1.0
31351	7.659659323291385e-42	1.0
31352	2.3281338176469033e-43	1.0
31353	0.0	1.0
31354	0.0	1.0
31355	0.0	1.0
31356	0.0	1.0
31357	0.0	1.0
31358	0.0	1.0
31359	0.0	1.0
31360	0.0	1.0
31361	1.0054103524085373e-124	1.0
31362	7.16005234446557e-69	1.0
31363	6.12599045059518e-134	1.0
31364	2.1704942514789747e-205	1.0
31365	4.929684e-317	1.0
31366	8.3971690455288e-41	1.0
31367	2.2834405228419673e-296	1.0
31368	0.0	1.0
31369	9.55930070449062e-18	1.0
31370	6.189459129706404e-53	1.0
31371	1.5047316044726062e-185	1.0
31372	0.0	1.0
31373	0.0	1.0
31374	0.0	1.0
31375	0.0	1.0
31376	0.0	1.0
31377	0.0	1.0
31378	2.2249224011568602e-101	1.0
31379	0.9999999671991218	3.280087819726688e-08
31381	1.149862515654591e-83	1.0
31382	4.368757382494241e-12	0.9999999999956313
31383	1.3286687676426454e-56	1.0
31384	5.5021786817205395e-30	1.0
31385	6.817966462843517e-139	1.0
31386	1.4270628505785112e-58	1.0
31387	6.5923940672962716e-43	1.0
31388	5.6765918362953535e-115	1.0
31389	2.635269384367388e-121	1.0
31390	1.1452333456390561e-08	0.9999999885476666
31391	0.0	1.0
31392	1.6866365380660098e-38	1.0
31393	9.610050831116827e-288	1.0
31394	0.0	1.0
31395	0.0	1.0
31396	0.0	1.0
31397	0.0	1.0
31398	2.5705788107102306e-114	1.0
31399	2.258187671598226e-157	1.0
31400	1.7779929294082087e-75	1.0
31401	2.28612284175413e-84	1.0
31402	4.800687379308315e-109	1.0
31403	4.161569763635819e-123	1.0
31404	5.840614786958491e-175	1.0
31405	1.0143408816342803e-99	1.0
31406	5.335064952557877e-81	1.0
31407	3.0884183312250696e-139	1.0
31408	5.5438579633224223e-160	1.0
31409	7.287631629329107e-110	1.0
31411	3.314460278330954e-36	1.0
31412	2.253015246831807e-153	1.0
31413	2.9116561247111407e-119	1.0
31414	2.2200155793781506e-100	1.0
31415	1.4293459246362597e-217	1.0
31416	2.957093638190316e-207	1.0
31417	6.785304053692211e-208	1.0
31418	8.459990571443498e-154	1.0
31419	4.778459692245441e-262	1.0
31420	1.9475086532839052e-61	1.0
31421	1.6855992662648558e-125	1.0
31422	8.724663125394473e-105	1.0
31423	9.516105453856179e-207	1.0
31424	1.1003545115121966e-180	1.0
31425	0.0	1.0
31426	7.561521618787953e-88	1.0
31427	3.0115018939628587e-23	1.0
31428	8.657161772626002e-76	1.0
31429	0.0	1.0
31430	0.0	1.0
31431	0.0	1.0
31432	0.0	1.0
31433	0.0	1.0
31434	1.2993693724078646e-15	0.9999999999999987
31435	4.2980968226544376e-49	1.0
31436	0.0	1.0
31437	3.3492334435133903e-144	1.0
31438	2.410066384495513e-144	1.0
31439	7.768976862055997e-33	1.0
31441	2.4149993905182054e-127	1.0
31442	2.270043690157819e-74	1.0
31443	1.1196570057591485e-62	1.0
31444	1.7500113859913655e-119	1.0
31445	2.5385441731925217e-110	1.0
31446	1.5440117360415782e-105	1.0
31447	1.0397175046425645e-22	1.0
31448	3.7438977186483754e-304	1.0
31449	4.4191384866904616e-36	1.0
31450	9.701977355370077e-48	1.0
31451	3.656204587226562e-65	1.0
31452	2.8276821051158168e-12	0.9999999999971723
31453	7.362288518976326e-46	1.0
31454	3.814764137035746e-51	1.0
31455	0.0	1.0
31456	0.0	1.0
31457	0.0	1.0
31458	3.6212751845990023e-25	1.0
31459	1.3816324975864905e-129	1.0
31460	2.5421990090042934e-46	1.0
31461	6.254831513668382e-26	1.0
31462	4.589502084660799e-24	1.0
31463	1.2771646733991643e-147	1.0
31464	6.959576855168538e-141	1.0
31465	4.193147654384871e-136	1.0
31466	7.290231166497479e-123	1.0
31467	0.0	1.0
31468	0.0	1.0
31469	9.603228984271052e-56	1.0
31471	0.0	1.0
31472	0.0	1.0
31473	0.0	1.0
31474	0.0	1.0
31475	0.0	1.0
31476	7.300244626861133e-79	1.0
31477	3.9690598923181336e-84	1.0
31478	2.2783964662115946e-145	1.0
31479	3.250988251603294e-53	1.0
31480	9.709428316795083e-95	1.0
31481	1.4579925210922233e-55	1.0
31482	3.8177148774555535e-183	1.0
31483	0.0	1.0
31484	1.2249406381395815e-112	1.0
31485	4.992401056203645e-62	1.0
31486	6.682875631898495e-175	1.0
31487	1.3297163456102367e-46	1.0
31488	3.174863945102266e-111	1.0
31489	0.0	1.0
31490	4.878302330131316e-118	1.0
31491	9.497507290781231e-53	1.0
31492	2.4323901503294803e-43	1.0
31493	3.097472809189365e-51	1.0
31494	3.678606839747632e-82	1.0
31495	1.6660644195170527e-133	1.0
31496	1.8941009051840502e-53	1.0
31497	2.3046110782464096e-41	1.0
31498	6.458347033017224e-234	1.0
31499	4.943792301397381e-90	1.0
31501	5.051284065391022e-45	1.0
31502	7.956467014104381e-47	1.0
31503	4.447242430346882e-51	1.0
31504	1.493373150442846e-110	1.0
31505	2.836691985066638e-116	1.0
31506	7.449460076266487e-138	1.0
31507	7.563224930494011e-45	1.0
31508	3.7727013345264515e-153	1.0
31509	3.338794954339673e-85	1.0
31510	0.0	1.0
31511	0.0	1.0
31512	2.9545928911706764e-57	1.0
31513	8.195260714181549e-61	1.0
31514	3.509519198181909e-37	1.0
31515	1.3877929822944252e-72	1.0
31516	8.327324073106178e-59	1.0
31517	4.784993657830756e-160	1.0
31518	1.3865922891619457e-57	1.0
31519	8.950486073982218e-100	1.0
31520	1.967894348769934e-127	1.0
31521	0.0	1.0
31522	1.3736000928820936e-286	1.0
31523	0.0	1.0
31524	0.0	1.0
31525	6.901022782977895e-54	1.0
31526	7.468769758546309e-55	1.0
31527	5.337584058323228e-58	1.0
31528	5.798573948200718e-148	1.0
31529	1.5123121209164465e-118	1.0
31531	1.276087788122661e-193	1.0
31532	0.0	1.0
31533	2.8551215335884924e-53	1.0
31534	4.3529029516692903e-41	1.0
31535	4.3086339209164803e-213	1.0
31536	1.2502447733856688e-65	1.0
31537	1.1742005099871163e-38	1.0
31538	2.367106006217522e-169	1.0
31539	0.0	1.0
31540	0.0	1.0
31541	0.0	1.0
31542	0.0	1.0
31543	0.0	1.0
31544	8.200114152245245e-82	1.0
31545	1.3640380750119827e-21	1.0
31546	1.4653946300981632e-20	1.0
31547	2.524903691155189e-104	1.0
31548	0.0	1.0
31549	1.353564513938693e-65	1.0
31550	0.0	1.0
31551	2.9675833112031227e-78	1.0
31552	1.8090096331296122e-50	1.0
31553	1.891522043103743e-29	1.0
31554	0.0	1.0
31555	7.339243092993521e-115	1.0
31556	7.905168844038262e-39	1.0
31557	0.0002341866285940088	0.999765813371406
31558	1.2536598794932515e-296	1.0
31559	5.003580376796697e-32	1.0
31561	6.837254901648255e-52	1.0
31562	4.288172644985268e-119	1.0
31563	8.199859977361625e-39	1.0
31564	0.0	1.0
31565	0.0	1.0
31566	0.0	1.0
31567	1.3679891386803434e-80	1.0
31568	0.0	1.0
31569	1.113459817419971e-51	1.0
31570	1.9561676992345695e-56	1.0
31571	1.3082830225984744e-142	1.0
31572	9.116750530937585e-52	1.0
31573	1.148609019885431e-233	1.0
31574	3.2482709698121754e-67	1.0
31575	2.5816892516910752e-263	1.0
31576	1.3980352653350955e-07	0.9999998601964735
31577	1.4954759660521116e-08	0.9999999850452403
31578	1.1753536470591109e-63	1.0
31579	2.0156606423559079e-131	1.0
31580	1.5002696375971125e-174	1.0
31581	0.000822142897982935	0.9991778571020171
31582	2.0387510699860083e-65	1.0
31583	9.413218772995257e-08	0.9999999058678124
31584	0.0006998830880689732	0.9993001169119311
31585	3.475261915963102e-08	0.9999999652473809
31586	1.4832810993589246e-37	1.0
31587	2.0157985266060596e-61	1.0
31588	0.0	1.0
31589	1.3914906177853004e-162	1.0
31591	1.122349369708497e-61	1.0
31592	2.6558548898528294e-43	1.0
31593	1.1259907163561339e-243	1.0
31594	0.0	1.0
31595	0.0	1.0
31596	0.0	1.0
31597	0.0	1.0
31598	1.5730729481744732e-57	1.0
31599	6.92863852267749e-54	1.0
31600	2.9754806016248374e-58	1.0
31601	4.555639481010429e-47	1.0
31602	2.9119251691578326e-05	0.9999708807483083
31603	4.163544880587813e-52	1.0
31604	2.628011901912353e-56	1.0
31605	7.619427646010996e-51	1.0
31606	5.270259096961309e-59	1.0
31607	2.166005315977046e-53	1.0
31608	2.696622410305415e-133	1.0
31609	2.136220357904504e-165	1.0
31610	2.3736958558869218e-35	1.0
31611	2.769752080518745e-41	1.0
31612	2.961273334944977e-39	1.0
31613	3.9146009771116274e-36	1.0
31614	9.368495962747861e-34	1.0
31615	1.6702285977277363e-113	1.0
31616	0.0	1.0
31617	0.0	1.0
31618	3.579303700863886e-27	1.0
31619	3.146207339293369e-61	1.0
31621	1.3877390223881136e-127	1.0
31622	0.0	1.0
31623	4.3656198222347065e-199	1.0
31624	5.719732299638098e-35	1.0
31625	0.0	1.0
31626	0.0	1.0
31627	1.2607706552915093e-112	1.0
31628	1.4593369874011466e-65	1.0
31629	0.0	1.0
31630	2.7598112204946238e-64	1.0
31631	8.284896904819609e-59	1.0
31632	3.2349242919658105e-139	1.0
31633	5.992928810090534e-30	1.0
31634	2.075365436110413e-35	1.0
31635	0.0	1.0
31636	1.2136509110893654e-137	1.0
31637	5.0763222653081296e-210	1.0
31638	2.3917038821755766e-107	1.0
31639	4.918286613365273e-105	1.0
31640	1.9445388790063058e-119	1.0
31641	2.3294263886473018e-113	1.0
31642	2.797238298218313e-96	1.0
31643	0.0	1.0
31644	1.7853876703254893e-62	1.0
31645	0.0	1.0
31646	9.110221274962033e-26	1.0
31647	1.5926831854775503e-65	1.0
31648	9.696156061938666e-111	1.0
31649	0.0	1.0
31651	0.0	1.0
31652	5.62125440981804e-141	1.0
31653	1.878644397278007e-136	1.0
31654	1.2504426067901294e-56	1.0
31655	5.311186938114565e-54	1.0
31656	2.0733769848069678e-61	1.0
31657	9.364116895828927e-57	1.0
31658	2.2811668054490853e-55	1.0
31659	5.92087359648976e-57	1.0
31660	5.400982951602014e-63	1.0
31661	1.628479430175852e-50	1.0
31662	9.968486173508946e-32	1.0
31663	6.569665228281089e-47	1.0
31664	4.2381858120390436e-119	1.0
31665	1.0232496352948958e-38	1.0
31666	1.2233380759779942e-32	1.0
31667	8.3327624518209e-59	1.0
31668	4.121236422494356e-133	1.0
31669	9.756006293483e-311	1.0
31670	2.400197323749606e-46	1.0
31671	4.039306798366501e-86	1.0
31672	3.5531327210537998e-65	1.0
31673	1.1614409547722016e-44	1.0
31674	0.0	1.0
31675	0.0	1.0
31676	0.0	1.0
31677	0.0	1.0
31678	2.7401662353228162e-149	1.0
31679	5.261873654473961e-51	1.0
31681	4.524539859003532e-31	1.0
31682	4.9709808018911115e-43	1.0
31683	2.8483079187221117e-50	1.0
31684	1.8255851387786472e-78	1.0
31685	4.939014623987247e-136	1.0
31686	0.9999999995883839	4.116161404100812e-10
31687	0.0	1.0
31688	3.1468813064490784e-202	1.0
31689	0.0	1.0
31690	2.9872671779577874e-93	1.0
31691	0.0	1.0
31692	3.2240903340369574e-62	1.0
31693	5.834361298529515e-81	1.0
31694	0.0	1.0
31695	8.578717536136715e-47	1.0
31696	8.257057677896419e-128	1.0
31697	4.2857540584187883e-222	1.0
31698	2.3713601185526027e-47	1.0
31699	1.1388846774204765e-39	1.0
31700	1.3398017504855347e-37	1.0
31701	4.1349343859259895e-40	1.0
31702	1.5763213834031964e-108	1.0
31703	1.1116582806959648e-264	1.0
31704	5.108427175729397e-159	1.0
31705	1.098405235896535e-50	1.0
31706	3.0406718945051476e-115	1.0
31707	1.730051880875293e-116	1.0
31708	6.286084869790013e-270	1.0
31709	1.287997340265148e-48	1.0
31711	0.0	1.0
31712	8.798292129681155e-57	1.0
31713	1.559275599889152e-214	1.0
31714	1.5218805045300105e-16	0.9999999999999998
31715	9.324112316224975e-184	1.0
31716	7.56110344144018e-113	1.0
31717	2.4190127473377034e-25	1.0
31718	2.5217353643676823e-109	1.0
31719	6.98566021513096e-08	0.9999999301433979
31720	0.0	1.0
31721	0.0	1.0
31722	0.0	1.0
31723	0.0	1.0
31724	0.0	1.0
31725	2.0085825189971527e-206	1.0
31726	5.326301206533325e-146	1.0
31727	1.9945093626294651e-146	1.0
31728	3.4598367248628346e-122	1.0
31729	6.496238044323883e-146	1.0
31730	9.107814681855385e-179	1.0
31731	1.7067287678143097e-112	1.0
31732	8.056565528322993e-52	1.0
31733	3.544292484650678e-247	1.0
31734	0.0	1.0
31735	4.4701192726772574e-14	0.9999999999999554
31736	4.0431212170004416e-174	1.0
31737	2.577638334286563e-126	1.0
31738	4.736281271471351e-125	1.0
31739	4.0201138155383643e-112	1.0
31741	7.758517194798055e-50	1.0
31742	6.744139863497957e-11	0.9999999999325586
31743	3.058898498423453e-15	0.9999999999999969
31744	9.295503701420952e-94	1.0
31745	2.6366697759117653e-21	1.0
31746	1.093568938409194e-66	1.0
31747	1.9573217628957406e-113	1.0
31748	4.645993884703404e-50	1.0
31749	0.0	1.0
31750	1.4125805229093618e-113	1.0
31751	1.8803733471391822e-65	1.0
31752	1.1324466654515473e-62	1.0
31753	5.366784381420029e-22	1.0
31754	1.8923977434479756e-54	1.0
31755	2.6240310022293267e-43	1.0
31756	1.7391009136834965e-34	1.0
31757	3.887855221043612e-219	1.0
31758	3.3318805507509793e-31	1.0
31759	3.501300595129167e-28	1.0
31760	3.454477341043896e-21	1.0
31761	4.219826345742348e-40	1.0
31762	2.2245677080631013e-38	1.0
31763	1.8843556573112976e-39	1.0
31764	0.0	1.0
31765	6.880702541325919e-115	1.0
31766	1.6552697598265025e-48	1.0
31767	1.4530883581706343e-56	1.0
31768	4.647290070576595e-56	1.0
31769	2.5929290738097107e-47	1.0
31771	2.113983880105609e-69	1.0
31772	1.171517862342229e-18	1.0
31773	3.71418913417004e-33	1.0
31774	5.754126810407854e-150	1.0
31775	5.5594503363494216e-275	1.0
31776	5.034765749441913e-89	1.0
31777	0.0	1.0
31778	2.542190609622033e-62	1.0
31779	4.5182048480413776e-52	1.0
31780	0.0	1.0
31781	1.202915319179931e-114	1.0
31782	7.503594087102235e-36	1.0
31783	3.0378912039905457e-61	1.0
31784	6.497735108595722e-58	1.0
31785	1.158649352318852e-140	1.0
31786	2.67464976068465e-113	1.0
31787	1.1538120493918357e-129	1.0
31788	0.0	1.0
31789	2.152378216633575e-103	1.0
31790	3.3879245047987053e-40	1.0
31791	1.565834912836792e-13	0.9999999999998435
31792	5.0717686575258204e-36	1.0
31793	4.679402177799234e-54	1.0
31794	6.731529766282966e-191	1.0
31795	2.0172703871811313e-27	1.0
31796	4.8893784674e-312	1.0
31797	2.827035527676359e-264	1.0
31798	3.2413597107911703e-40	1.0
31799	6.156580250337881e-68	1.0
31801	4.3308104061506706e-29	1.0
31802	2.142905712286075e-22	1.0
31803	6.348633052609073e-59	1.0
31804	2.20638214254289e-118	1.0
31805	1.2955008275819553e-67	1.0
31806	8.80683573075132e-59	1.0
31807	2.710667009184686e-124	1.0
31808	4.805492210285686e-207	1.0
31809	3.052508241883969e-209	1.0
31810	4.552009867868627e-31	1.0
31811	1.9568149445678464e-27	1.0
31812	6.57295229568876e-62	1.0
31813	9.035500274528732e-127	1.0
31814	1.3727533519070945e-76	1.0
31815	6.3492783181940155e-56	1.0
31816	2.5878117699990676e-101	1.0
31817	2.0262531284350657e-57	1.0
31818	1.7500944342508625e-13	0.999999999999825
31819	2.8103945248905536e-24	1.0
31820	8.375553971946761e-220	1.0
31821	2.2324374289803456e-91	1.0
31822	3.66462765776359e-265	1.0
31823	8.484109662001518e-13	0.9999999999991516
31824	1.5741382976563361e-156	1.0
31825	2.0467641031397015e-145	1.0
31826	1.4943690129629063e-88	1.0
31827	4.506420138028742e-68	1.0
31828	1.5538822995923705e-64	1.0
31829	6.552080284021717e-133	1.0
31831	5.66790971048716e-78	1.0
31832	7.829062643811886e-64	1.0
31833	1.744307161818315e-55	1.0
31834	3.7086482715147205e-204	1.0
31835	2.7846585881951223e-99	1.0
31836	4.1674571171587094e-59	1.0
31837	2.959979625623114e-12	0.9999999999970399
31838	1.8388481404579633e-94	1.0
31839	6.165834608940204e-40	1.0
31840	6.035304266393469e-127	1.0
31841	1.1432546776671879e-153	1.0
31842	7.65328641959775e-135	1.0
31843	0.0	1.0
31844	7.9639522975184065e-143	1.0
31845	1.3832225785821203e-48	1.0
31846	0.0	1.0
31847	1.0297743453509542e-284	1.0
31848	0.0	1.0
31849	1.3315888652626452e-88	1.0
31850	3.4574445971260326e-51	1.0
31851	6.697825157980168e-71	1.0
31852	4.568880403268283e-28	1.0
31853	2.470130517551966e-49	1.0
31854	2.0961148278501287e-70	1.0
31855	1.4199155466469775e-71	1.0
31856	2.842880383259058e-153	1.0
31857	2.1017940307053715e-33	1.0
31858	4.013059001786408e-66	1.0
31859	3.526878787945277e-132	1.0
31861	3.897795290592137e-102	1.0
31862	4.959057855629225e-81	1.0
31863	3.01095717482075e-70	1.0
31864	0.0	1.0
31865	2.5263910204251608e-210	1.0
31866	3.6768291734130656e-110	1.0
31867	2.795773441272052e-196	1.0
31868	3.493524713083119e-70	1.0
31869	1.891166214704288e-34	1.0
31870	1.19465446183672e-67	1.0
31871	6.006808124079931e-210	1.0
31872	3.4144731990965017e-72	1.0
31873	1.3966200612436903e-36	1.0
31874	9.683244869817468e-30	1.0
31875	6.545145351774264e-69	1.0
31876	1.587606230664993e-59	1.0
31877	4.730056266167354e-43	1.0
31878	1.4873857522250508e-113	1.0
31879	0.0	1.0
31880	0.0	1.0
31881	0.0	1.0
31882	0.0	1.0
31883	1.1546968303451793e-10	0.9999999998845304
31884	6.579829756055368e-05	0.9999342017024395
31885	0.04082033257579798	0.959179667424202
31886	0.0	1.0
31887	0.0	1.0
31888	2.4454891686667965e-101	1.0
31889	3.0343757507921077e-70	1.0
31891	0.0010236362733979502	0.998976363726602
31892	1.6973330821955242e-57	1.0
31893	1.4812164759192874e-55	1.0
31894	3.935697409033146e-21	1.0
31895	7.498536895720365e-35	1.0
31896	1.3232487546265991e-52	1.0
31897	7.4228210397109995e-09	0.999999992577179
31898	1.4727188446039188e-270	1.0
31899	1.6607257274418639e-298	1.0
31900	7.006560895867043e-23	1.0
31901	3.2351850611528824e-56	1.0
31902	2.226538645583069e-84	1.0
31903	0.0	1.0
31904	6.294238079655956e-32	1.0
31905	3.171559071286228e-16	0.9999999999999998
31906	0.0	1.0
31907	5.595192557059701e-35	1.0
31908	2.4019860408941326e-47	1.0
31909	0.000911004527987911	0.999088995472012
31910	2.293375510222599e-60	1.0
31911	0.0	1.0
31912	4.8014008202594475e-61	1.0
31913	1.986472263288802e-46	1.0
31914	7.799785036730446e-55	1.0
31915	0.0	1.0
31916	0.0	1.0
31917	3.9936616204389274e-13	0.9999999999996005
31918	2.0405975898106014e-90	1.0
31919	5.545101929576989e-84	1.0
31921	1.546396854270713e-41	1.0
31922	0.08252406984754328	0.9174759301524567
31923	3.605588014312224e-49	1.0
31924	0.0	1.0
31925	7.875077127802368e-41	1.0
31926	9.323494850825608e-37	1.0
31927	1.2468605721246578e-06	0.9999987531394278
31928	1.6474782194104566e-43	1.0
31929	0.0	1.0
31930	1.203948256432963e-49	1.0
31931	8.064386570003249e-50	1.0
31932	0.0	1.0
31933	6.658530368737095e-49	1.0
31934	0.0	1.0
31935	3.028239207859155e-156	1.0
31936	8.53222336486702e-68	1.0
31937	8.70881105213416e-45	1.0
31938	0.0	1.0
31939	0.0	1.0
31940	1.84182569326924e-66	1.0
31941	0.0	1.0
31942	4.3255371802245746e-165	1.0
31943	2.526204161728651e-92	1.0
31944	6.363346825116491e-178	1.0
31945	8.085014335991078e-69	1.0
31946	1.0383643024740547e-55	1.0
31947	7.4324064257512055e-121	1.0
31948	0.0	1.0
31949	8.866698052557658e-157	1.0
31951	0.0	1.0
31952	2.7246142921157e-70	1.0
31953	3.169105214201916e-72	1.0
31954	3.3770507189353463e-77	1.0
31955	0.0	1.0
31956	7.018199713217785e-59	1.0
31957	4.863917049927218e-71	1.0
31958	4.791119606515253e-70	1.0
31959	1.5400027306651086e-70	1.0
31960	7.71742115728268e-68	1.0
31961	7.727262519304213e-43	1.0
31962	3.2429648053861655e-129	1.0
31963	0.0	1.0
31964	0.0	1.0
31965	0.0	1.0
31966	0.0	1.0
31967	0.0	1.0
31968	0.0	1.0
31969	2.3931092970021617e-121	1.0
31970	2.9205870355252178e-96	1.0
31971	1.5696605764218083e-262	1.0
31972	1.56146558287452e-66	1.0
31973	9.111247547522442e-198	1.0
31974	1.0424329486706047e-36	1.0
31975	1.9894825009521778e-57	1.0
31976	3.5313218414886974e-88	1.0
31977	4.1220807953768854e-54	1.0
31978	0.0	1.0
31979	0.0	1.0
31981	0.0	1.0
31982	1.7172539903225218e-51	1.0
31983	1.095961608588803e-52	1.0
31984	0.0	1.0
31985	0.0	1.0
31986	0.0	1.0
31987	4.911266329571434e-78	1.0
31988	4.864699629689243e-52	1.0
31989	6.2482595e-317	1.0
31990	1.465263576325756e-66	1.0
31991	5.48778295412231e-192	1.0
31992	1.195537505571196e-79	1.0
31993	3.4670416139661036e-61	1.0
31994	6.741157582042307e-54	1.0
31995	1.0035317896893695e-235	1.0
31996	0.0	1.0
31997	1.2833396673526278e-61	1.0
31998	8.792493688908232e-276	1.0
31999	5.701800863360068e-105	1.0
32000	1.9779760480124368e-16	0.9999999999999998
32001	2.3170240803014295e-99	1.0
32002	5.774720277373923e-121	1.0
32003	2.2580885897076792e-38	1.0
32004	4.5925062028073215e-45	1.0
32005	0.0	1.0
32006	1.4604692849096241e-136	1.0
32007	0.0	1.0
32008	0.0	1.0
32009	2.6832329152363413e-107	1.0
32011	3.778721680278901e-226	1.0
32012	1.0077427852491929e-126	1.0
32013	8.950713847352138e-55	1.0
32014	2.0512355157776433e-38	1.0
32015	0.0	1.0
32016	2.3321262543619488e-105	1.0
32017	0.0	1.0
32018	2.023808362128339e-178	1.0
32019	3.575052083184847e-49	1.0
32020	3.987925138e-313	1.0
32021	4.470085285301171e-142	1.0
32022	9.353217107585059e-104	1.0
32023	0.0	1.0
32024	1.8659528282934088e-47	1.0
32025	0.0	1.0
32026	2.4964128566957363e-184	1.0
32027	1.73352558637051e-58	1.0
32028	5.221989533850747e-146	1.0
32029	0.0	1.0
32030	0.0	1.0
32031	0.0	1.0
32032	4.0247069850040924e-42	1.0
32033	0.0	1.0
32034	0.0	1.0
32035	0.0	1.0
32036	4.5226519884978e-263	1.0
32037	2.985937079404659e-20	1.0
32038	1.914684503382696e-251	1.0
32039	3.228381175462765e-36	1.0
32041	1.9380259216903348e-163	1.0
32042	1.2298582551412082e-303	1.0
32043	3.1339856814301906e-176	1.0
32044	2.767364475464139e-153	1.0
32045	0.0	1.0
32046	1.0732497051916823e-223	1.0
32047	1.2158924578242508e-205	1.0
32048	1.6984615080619005e-166	1.0
32049	1.104883622025618e-21	1.0
32050	4.556417062787257e-139	1.0
32051	4.518570604445423e-64	1.0
32052	1.4478029950673476e-40	1.0
32053	4.1659603678325066e-110	1.0
32054	1.3510200384885696e-77	1.0
32055	0.0	1.0
32056	1.0379653349878373e-68	1.0
32057	1.80675941042964e-120	1.0
32058	1.299684878587425e-219	1.0
32059	3.118294944054334e-33	1.0
32060	3.423299456474332e-54	1.0
32061	1.2348832573747691e-54	1.0
32062	0.0	1.0
32063	2.1293866442171945e-38	1.0
32064	3.2065734442179536e-94	1.0
32065	2.138715077544372e-34	1.0
32066	6.491346531179407e-274	1.0
32067	4.6939472030966376e-37	1.0
32068	4.996038541697369e-111	1.0
32069	1.722960048888617e-08	0.9999999827703995
32071	1.2161150742104023e-06	0.9999987838849257
32072	1.1691992010783253e-08	0.9999999883080081
32073	1.499923507140313e-07	0.9999998500076493
32074	1.0466743342054506e-10	0.9999999998953326
32075	1.5825146608738963e-08	0.9999999841748535
32076	4.9087832090917176e-11	0.9999999999509122
32077	1.2346433430494598e-97	1.0
32078	6.402019213475378e-87	1.0
32079	8.768006178394259e-152	1.0
32080	9.878228468287942e-67	1.0
32081	1.5440889406580253e-197	1.0
32082	0.008703158190452948	0.9912968418095469
32083	0.0	1.0
32084	8.736191505388917e-132	1.0
32085	1.1460052676683664e-48	1.0
32086	1.1473820587636418e-98	1.0
32087	5.328878906700518e-292	1.0
32088	6.393685252653545e-88	1.0
32089	0.0	1.0
32090	4.5123407493284005e-69	1.0
32091	2.930884941615662e-43	1.0
32092	5.641518099754458e-87	1.0
32093	3.313498293399709e-81	1.0
32094	0.0	1.0
32095	0.0	1.0
32096	1.7006022757858806e-123	1.0
32097	0.0	1.0
32098	1.0599596389021138e-60	1.0
32099	1.1524623514094695e-93	1.0
32101	7.790738972875396e-128	1.0
32102	1.4924658327205462e-42	1.0
32103	6.497048366064466e-44	1.0
32104	1.6516295524188035e-82	1.0
32105	2.1028856480035278e-136	1.0
32106	1.5769167564588605e-130	1.0
32107	3.5789240476384955e-118	1.0
32108	4.0502045353849917e-109	1.0
32109	0.0	1.0
32110	2.274600221193509e-68	1.0
32111	0.0	1.0
32112	2.3720578210410736e-115	1.0
32113	1.5737822565418164e-92	1.0
32114	1.0267401660103509e-154	1.0
32115	1.871118639603313e-44	1.0
32116	0.0	1.0
32117	1.1432268679798867e-260	1.0
32118	0.0	1.0
32119	7.325984288723535e-57	1.0
32120	3.3943315148120213e-59	1.0
32121	2.2636187569753406e-61	1.0
32122	1.6340664752187226e-34	1.0
32123	0.0	1.0
32124	8.882304796666828e-36	1.0
32125	5.649597596662431e-94	1.0
32126	1.190319459582487e-111	1.0
32127	1.2313968436249414e-81	1.0
32128	1.741977873997651e-305	1.0
32129	2.432782877511164e-69	1.0
32131	0.0	1.0
32132	0.0	1.0
32133	1.968497584837851e-54	1.0
32134	0.0	1.0
32135	5.4324215020399133e-73	1.0
32136	3.1787817001347827e-05	0.9999682121829987
32137	2.2966188076274534e-73	1.0
32138	3.286061608920785e-41	1.0
32139	1.2466110057116382e-97	1.0
32140	1.1448096878270793e-200	1.0
32141	5.592899028305342e-34	1.0
32142	0.0	1.0
32143	5.7818093268424445e-55	1.0
32144	5.109548280265054e-37	1.0
32145	2.9476497155296433e-53	1.0
32146	4.8149938965222374e-26	1.0
32147	1.5074384753395776e-20	1.0
32148	3.829389126346658e-79	1.0
32149	3.094256511624437e-75	1.0
32150	6.200299399871719e-54	1.0
32151	0.0	1.0
32152	0.0	1.0
32153	1.1341658832270481e-64	1.0
32154	4.240440007215009e-39	1.0
32155	3.830608838215483e-70	1.0
32156	1.509807757456681e-218	1.0
32157	1.1652802064581473e-133	1.0
32158	0.0	1.0
32159	6.493808274123663e-61	1.0
32161	3.6058261276482876e-67	1.0
32162	2.1619101329472088e-153	1.0
32163	5.1320987166995484e-49	1.0
32164	6.142661615629209e-50	1.0
32165	0.0	1.0
32166	6.200781547416438e-157	1.0
32167	2.974343333579217e-286	1.0
32168	1.0202680380472408e-234	1.0
32169	5.590906818388777e-28	1.0
32170	0.0	1.0
32171	0.0	1.0
32172	4.837173238673855e-38	1.0
32173	4.6926777609839035e-32	1.0
32174	2.9407886873449653e-226	1.0
32175	1.4426749803249937e-57	1.0
32176	0.0	1.0
32177	8.254810310318691e-80	1.0
32178	6.551561759401571e-44	1.0
32179	7.43455224967208e-36	1.0
32180	5.978039717638741e-62	1.0
32181	0.0	1.0
32182	0.0	1.0
32183	0.0	1.0
32184	0.5674519845467191	0.43254801545328087
32185	0.0	1.0
32186	9.616580291824041e-88	1.0
32187	1.932514675717394e-136	1.0
32188	1.6965407615415894e-66	1.0
32189	8.541889241595075e-39	1.0
32191	5.742083380228977e-26	1.0
32192	1.2869148567624925e-253	1.0
32193	2.943151832075441e-106	1.0
32194	1.3232800376097276e-81	1.0
32195	2.766260935579819e-164	1.0
32196	5.295998377476401e-72	1.0
32197	0.0	1.0
32198	0.0	1.0
32199	0.0	1.0
32200	0.0	1.0
32201	0.0	1.0
32202	0.0	1.0
32203	1.6659311372887765e-165	1.0
32204	4.002260774479705e-92	1.0
32205	7.222070958691331e-113	1.0
32206	5.1225550395998755e-50	1.0
32207	1.218952393021154e-171	1.0
32208	0.0	1.0
32209	1.6259136624849598e-66	1.0
32210	0.0	1.0
32211	8.290121866604329e-16	0.9999999999999991
32212	3.865319332998059e-136	1.0
32213	9.258386573473413e-73	1.0
32214	5.970039404773158e-115	1.0
32215	7.65683108608796e-297	1.0
32216	7.025364583223561e-134	1.0
32217	2.5283181567789516e-30	1.0
32218	5.663941509438658e-71	1.0
32219	2.8656722865363693e-122	1.0
32221	3.2952782764338235e-22	1.0
32222	5.579240682772902e-67	1.0
32223	1.1694338729563338e-94	1.0
32224	3.557277550412578e-77	1.0
32225	8.416606350600363e-188	1.0
32226	3.4238905834738192e-47	1.0
32227	6.330065684156314e-147	1.0
32228	6.5573879371632405e-21	1.0
32229	4.89270317088086e-150	1.0
32230	0.0	1.0
32231	1.8247206579264938e-124	1.0
32232	2.7875025490604653e-114	1.0
32233	1.5244406823439672e-141	1.0
32234	5.7807665193299075e-70	1.0
32235	2.5202400479821694e-64	1.0
32236	5.385331236994919e-171	1.0
32237	3.8134217262454555e-96	1.0
32238	1.255562261061414e-60	1.0
32239	2.018736414050286e-89	1.0
32240	9.808295e-318	1.0
32241	1.0976852817485367e-86	1.0
32242	0.0	1.0
32243	0.0	1.0
32244	3.137999082099965e-71	1.0
32245	3.0739364450191065e-76	1.0
32246	7.795193534923835e-92	1.0
32247	0.0	1.0
32248	0.0	1.0
32249	8.057086592931653e-81	1.0
32251	1.2249610985291734e-50	1.0
32252	0.0	1.0
32253	0.0	1.0
32254	0.0	1.0
32255	1.1938471422100569e-91	1.0
32256	1.076175049077332e-15	0.9999999999999989
32257	3.622919537712555e-39	1.0
32258	6.055422198780153e-44	1.0
32259	1.0076709611987285e-93	1.0
32260	0.0	1.0
32261	0.0	1.0
32262	0.0	1.0
32263	5.821529444559539e-12	0.9999999999941784
32264	1.2411889635643093e-34	1.0
32265	5.318484144908912e-177	1.0
32266	4.8837e-319	1.0
32267	0.0	1.0
32268	0.0	1.0
32269	2.997673698310415e-81	1.0
32270	0.0	1.0
32271	4.189092056374541e-142	1.0
32272	1.4543436584097395e-237	1.0
32273	0.0	1.0
32274	2.8520745915026193e-157	1.0
32275	2.056885529729563e-40	1.0
32276	1.2864167598133333e-28	1.0
32277	1.6671277867619575e-221	1.0
32278	1.2333036419571763e-153	1.0
32279	1.2619373280359733e-31	1.0
32281	1.4250022913123908e-96	1.0
32282	2.6631713394504535e-173	1.0
32283	4.067641662634167e-51	1.0
32284	2.0795220412117825e-109	1.0
32285	5.004008741040328e-109	1.0
32286	0.0	1.0
32287	0.0	1.0
32288	2.504660604428019e-146	1.0
32289	7.517316207294115e-66	1.0
32290	1.1374164382997828e-89	1.0
32291	0.0	1.0
32292	5.033631427575717e-06	0.9999949663685724
32293	2.2593179832604507e-212	1.0
32294	1.1394825784948184e-133	1.0
32295	0.003916359611981787	0.9960836403880182
32296	1.2263369580141015e-40	1.0
32297	4.581078172563188e-237	1.0
32298	1.9535887668510116e-66	1.0
32299	0.0	1.0
32300	1.117027785315514e-31	1.0
32301	1.6533534059047916e-52	1.0
32302	2.422766516363849e-78	1.0
32303	0.0	1.0
32304	0.0	1.0
32305	2.580197031221951e-74	1.0
32306	1.6635735262018087e-35	1.0
32307	1.1694847396746114e-17	1.0
32308	3.603561944882757e-55	1.0
32309	7.794365502559371e-111	1.0
32311	1.3963604648057397e-77	1.0
32312	2.8516257543387e-134	1.0
32313	8.242373272124227e-34	1.0
32314	3.2790695851752488e-43	1.0
32315	3.7019636955043595e-258	1.0
32316	3.478849770583847e-34	1.0
32317	2.817774525081295e-97	1.0
32318	3.441149166952638e-101	1.0
32319	0.0	1.0
32320	3.5126806197439235e-89	1.0
32321	4.9078317609230224e-91	1.0
32322	0.0	1.0
32323	0.0	1.0
32324	3.941541119012372e-132	1.0
32325	1.5768607192851997e-99	1.0
32326	1.8149034509820864e-169	1.0
32327	4.064945665884078e-187	1.0
32328	0.0	1.0
32329	3.532275605814603e-253	1.0
32330	6.93934182408458e-46	1.0
32331	1.2078459260763688e-46	1.0
32332	3.605993561488148e-48	1.0
32333	6.627671064097893e-146	1.0
32334	2.521735364367109e-109	1.0
32335	3.3956798801859094e-67	1.0
32336	5.647568222007825e-51	1.0
32337	6.4197949835955375e-87	1.0
32338	1.7821858251848662e-15	0.9999999999999982
32339	0.0	1.0
32341	6.884837165869277e-35	1.0
32342	2.716172251133687e-157	1.0
32343	6.767500030401597e-82	1.0
32344	2.234090772956806e-213	1.0
32345	2.6336410300852343e-74	1.0
32346	1.3018772400540168e-30	1.0
32347	8.94454385294219e-123	1.0
32348	0.0	1.0
32349	8.968788510881029e-46	1.0
32350	3.3319972896500485e-42	1.0
32351	1.8063470462273851e-81	1.0
32352	9.025607690708193e-229	1.0
32353	0.0	1.0
32354	2.2490888932972753e-40	1.0
32355	1.4183291215079143e-118	1.0
32356	1.0936973062688798e-11	0.999999999989063
32357	1.4224602543479284e-100	1.0
32358	6.865928760395688e-35	1.0
32359	3.591780845933929e-30	1.0
32360	7.8142698295759e-93	1.0
32361	6.191312631388815e-269	1.0
32362	1.6337646334139827e-13	0.9999999999998366
32363	8.81694794035829e-103	1.0
32364	1.3005542560517964e-85	1.0
32365	9.357232741302564e-173	1.0
32366	0.0	1.0
32367	1.9701127927324267e-23	1.0
32368	0.0	1.0
32369	1.5694488589862224e-62	1.0
32371	1.1963191247672984e-237	1.0
32372	0.0	1.0
32373	5.015281397675774e-269	1.0
32374	1.4832365213785067e-107	1.0
32375	6.442273726832405e-91	1.0
32376	4.333080912220921e-155	1.0
32377	6.713444115340454e-299	1.0
32378	1.6254385358809648e-55	1.0
32379	9.212541240147778e-86	1.0
32380	2.298231906210991e-221	1.0
32381	0.0	1.0
32382	1.258074911288322e-120	1.0
32383	1.3951588204860033e-30	1.0
32384	3.54892834493807e-53	1.0
32385	7.958854679324711e-94	1.0
32386	0.0	1.0
32387	0.0	1.0
32388	5.617979883361924e-98	1.0
32389	0.0	1.0
32390	4.3540922637918755e-135	1.0
32391	1.520183598566361e-119	1.0
32392	2.172695579317586e-85	1.0
32393	2.6550472408258366e-50	1.0
32394	2.158482273285783e-82	1.0
32395	1.1852515158015006e-191	1.0
32396	1.0891764596807415e-37	1.0
32397	0.0	1.0
32398	0.0	1.0
32399	2.5536964389249173e-47	1.0
32401	0.0	1.0
32402	4.11269299533483e-204	1.0
32403	8.148727028541801e-134	1.0
32404	7.087446319044287e-54	1.0
32405	4.901712378409233e-19	1.0
32406	2.522194925296814e-162	1.0
32407	1.339454582617703e-51	1.0
32408	1.209135362315427e-60	1.0
32409	0.0	1.0
32410	0.0	1.0
32411	0.0	1.0
32412	1.3602554297533616e-70	1.0
32413	1.715624461730334e-76	1.0
32414	1.5010689237099555e-216	1.0
32415	8.34864724229236e-63	1.0
32416	0.0	1.0
32417	1.4353381547886633e-137	1.0
32418	0.0	1.0
32419	3.568368438938836e-98	1.0
32420	9.225745049951451e-118	1.0
32421	0.0	1.0
32422	7.680646883971854e-115	1.0
32423	0.0	1.0
32424	0.0	1.0
32425	3.0089397678155177e-108	1.0
32426	8.479181554372004e-227	1.0
32427	6.530653577230182e-13	0.999999999999347
32428	0.0	1.0
32429	7.539037273153899e-23	1.0
32431	7.487867414657252e-55	1.0
32432	6.11406168835776e-125	1.0
32433	0.0	1.0
32434	0.0	1.0
32435	0.0	1.0
32436	0.0	1.0
32437	0.0	1.0
32438	0.0	1.0
32439	3.1409144082768002e-263	1.0
32440	2.16899991985665e-238	1.0
32441	2.0678940250356917e-113	1.0
32442	2.0452961842001887e-110	1.0
32443	4.9192069838133545e-144	1.0
32444	4.8555916450888446e-172	1.0
32445	1.2795713623674598e-39	1.0
32446	1.845972327082256e-101	1.0
32447	4.8795168501598466e-54	1.0
32448	4.230284382194298e-13	0.999999999999577
32449	0.0	1.0
32450	1.1105692208556234e-94	1.0
32451	1.6361042566989344e-208	1.0
32452	6.872491297569953e-65	1.0
32453	5.333676573636417e-09	0.9999999946663234
32454	1.9400171343620344e-18	1.0
32455	0.0	1.0
32456	7.142358576373529e-143	1.0
32457	1.1662328847497966e-59	1.0
32458	4.666670344153991e-59	1.0
32459	2.916613603303161e-55	1.0
32461	4.550362450695751e-209	1.0
32462	1.6066860297652207e-307	1.0
32463	0.0	1.0
32464	0.0	1.0
32465	0.0	1.0
32466	0.0	1.0
32467	0.0	1.0
32468	0.0	1.0
32469	3.491325173738733e-77	1.0
32470	9.692394516923202e-233	1.0
32471	7.1706218e-317	1.0
32472	5.817776862236737e-29	1.0
32473	8.237997249834458e-91	1.0
32474	2.3286495660385825e-251	1.0
32475	3.3898075590634477e-302	1.0
32476	2.135518002137794e-223	1.0
32477	5.708374256989483e-59	1.0
32478	1.028384146786316e-46	1.0
32479	0.0	1.0
32480	0.0	1.0
32481	0.0	1.0
32482	7.32953567043488e-174	1.0
32483	4.5706349196242874e-15	0.9999999999999953
32484	4.50903223085251e-103	1.0
32485	2.7527943664007527e-10	0.9999999997247206
32486	1.6080867634039782e-248	1.0
32487	1.2312508193485553e-241	1.0
32488	0.0	1.0
32489	2.8565669740577277e-199	1.0
32491	0.0	1.0
32492	0.0	1.0
32493	1.3094188653670987e-102	1.0
32494	0.0	1.0
32495	1.6797345092986688e-55	1.0
32496	2.7349688937510993e-47	1.0
32497	0.0	1.0
32498	1.4609678768128817e-241	1.0
32499	1.5319435630514234e-100	1.0
32500	2.432164326830601e-300	1.0
32501	6.959611991354865e-133	1.0
32502	7.219369921729331e-106	1.0
32503	7.75748372707614e-116	1.0
32504	4.321733273342e-311	1.0
32505	0.0	1.0
32506	8.730324349936748e-23	1.0
32507	0.0	1.0
32508	0.0	1.0
32509	3.908444356776502e-48	1.0
32510	0.0	1.0
32511	0.0	1.0
32512	0.0	1.0
32513	0.0	1.0
32514	0.0	1.0
32515	6.591705281516594e-10	0.9999999993408295
32516	2.273889229637169e-110	1.0
32517	0.0	1.0
32518	0.0	1.0
32519	7.705692435623944e-77	1.0
32521	0.0	1.0
32522	6.256023143541749e-113	1.0
32523	0.0	1.0
32524	0.0	1.0
32525	6.338184814573487e-15	0.9999999999999936
32526	2.110259336520603e-203	1.0
32527	1.4862046500606574e-41	1.0
32528	4.8906552624100004e-42	1.0
32529	0.0	1.0
32530	1.540230959418789e-60	1.0
32531	1.931116244467302e-23	1.0
32532	0.0	1.0
32533	3.9747035372e-313	1.0
32534	8.841678795616405e-37	1.0
32535	1.3378415864941425e-27	1.0
32536	1.76166172901e-312	1.0
32537	8.671271209566894e-43	1.0
32538	1.3534672225455771e-123	1.0
32539	3.560370036583126e-111	1.0
32540	2.6068163888370977e-14	0.999999999999974
32541	2.9686434345537574e-91	1.0
32542	1.58636513974039e-179	1.0
32543	6.105642826106262e-94	1.0
32544	1.7770417941450735e-151	1.0
32545	4.0137761825e-314	1.0
32546	8.936363576307852e-81	1.0
32547	0.0	1.0
32548	1.0567722746228514e-93	1.0
32549	0.0	1.0
32551	2.6332437687199896e-77	1.0
32552	1.4007401360188661e-146	1.0
32553	0.0	1.0
32554	7.34312925915512e-184	1.0
32555	2.6666320692895846e-41	1.0
32556	1.7193615023656646e-42	1.0
32557	0.0	1.0
32558	0.0	1.0
32559	0.0	1.0
32560	0.0	1.0
32561	9.172207522752232e-111	1.0
32562	0.1457696585611618	0.8542303414388381
32563	0.0	1.0
32564	1.514786380900732e-55	1.0
32565	0.0	1.0
32566	2.7013092607089605e-92	1.0
32567	3.9623830564664434e-78	1.0
32568	9.557669738995077e-42	1.0
32569	5.714343443469905e-119	1.0
32570	0.0	1.0
32571	2.8155546858847427e-34	1.0
32572	5.668762779183542e-205	1.0
32573	0.0	1.0
32574	4.947160398783627e-139	1.0
32575	2.797063089511914e-148	1.0
32576	1.6914770859689725e-106	1.0
32577	0.0	1.0
32578	0.0	1.0
32579	0.0	1.0
32581	1.4542018810368416e-244	1.0
32582	6.349713981369813e-253	1.0
32583	9.789425671310604e-252	1.0
32584	0.0	1.0
32585	2.6810915574629744e-216	1.0
32586	1.0108769507741229e-180	1.0
32587	1.2652825262718882e-140	1.0
32588	4.7279823062868764e-129	1.0
32589	1.1350258148286178e-143	1.0
32590	0.0	1.0
32591	0.0	1.0
32592	2.2176799278970124e-66	1.0
32593	1.2029462529195333e-79	1.0
32594	4.3164515218588144e-191	1.0
32595	2.7068957262289224e-298	1.0
32596	0.0	1.0
32597	4.3270202688141854e-134	1.0
32598	2.688371056100186e-63	1.0
32599	0.0	1.0
32600	1.954398289221438e-63	1.0
32601	3.1081175519344657e-127	1.0
32602	7.071651333659378e-242	1.0
32603	0.0	1.0
32604	2.6925958015396334e-248	1.0
32605	3.3299361646231267e-39	1.0
32606	7.19691899889259e-194	1.0
32607	0.0	1.0
32608	0.0	1.0
32609	1.8502588375991474e-51	1.0
32611	8.22679188545181e-148	1.0
32612	7.01905583673784e-59	1.0
32613	7.565396046590578e-88	1.0
32614	1.3709818747186466e-23	1.0
32615	0.0	1.0
32616	9.16518272914e-312	1.0
32617	3.2886971785482064e-102	1.0
32618	0.0	1.0
32619	0.0	1.0
32620	6.381205240459736e-96	1.0
32621	0.0	1.0
32622	1.8578054411372618e-124	1.0
32623	2.578073474153418e-168	1.0
32624	2.621269651557372e-73	1.0
32625	9.741030879811485e-223	1.0
32626	9.471995918681561e-66	1.0
32627	4.93608053635802e-93	1.0
32628	8.993825206093462e-77	1.0
32629	2.59448151488127e-15	0.9999999999999973
32630	0.0	1.0
32631	0.0	1.0
32632	0.0	1.0
32633	7.606829663698667e-60	1.0
32634	1.4294188029866363e-46	1.0
32635	1.3571756719820004e-77	1.0
32636	0.0	1.0
32637	3.6588836929799265e-109	1.0
32638	0.0	1.0
32639	0.0	1.0
32641	4.5945885732212924e-67	1.0
32642	8.737254789349825e-75	1.0
32643	2.008249290244765e-135	1.0
32644	5.104125300762767e-71	1.0
32645	5.116894959848951e-70	1.0
32646	4.855300437151964e-126	1.0
32647	0.0	1.0
32648	5.246687098948563e-128	1.0
32649	0.0	1.0
32650	2.1494020227808566e-257	1.0
32651	7.40629908725644e-83	1.0
32652	1.9295094652628405e-299	1.0
32653	0.0	1.0
32654	2.1312659734343895e-240	1.0
32655	1.4746365278358867e-208	1.0
32656	4.396459566007787e-255	1.0
32657	5.933535114058597e-251	1.0
32658	1.1332250818868999e-262	1.0
32659	2.980481151631869e-39	1.0
32660	9.258002926008611e-91	1.0
32661	3.359659786678466e-63	1.0
32662	1.8411811005660565e-77	1.0
32663	1.610048780446691e-29	1.0
32664	1.4168035887885497e-154	1.0
32665	0.0	1.0
32666	0.0	1.0
32667	0.0	1.0
32668	1.0314725001069059e-38	1.0
32669	0.0	1.0
32671	1.2254753332316332e-27	1.0
32672	3.7581254211557994e-37	1.0
32673	1.6132694060207402e-17	1.0
32674	1.0166892337137375e-104	1.0
32675	2.476932217860955e-113	1.0
32676	1.0554270664267669e-106	1.0
32677	6.143035727681799e-54	1.0
32678	2.957390521030457e-38	1.0
32679	3.06973106420567e-42	1.0
32680	4.2858512281628113e-69	1.0
32681	5.862473995594978e-23	1.0
32682	0.0	1.0
32683	1.9021240904288654e-51	1.0
32684	2.7175402136272455e-30	1.0
32685	8.190298500038916e-138	1.0
32686	5.4928687410066126e-43	1.0
32687	0.0	1.0
32688	1.10281624185777e-36	1.0
32689	0.0	1.0
32690	0.0	1.0
32691	2.0645409971552744e-301	1.0
32692	4.860547347979051e-181	1.0
32693	3.6054925171870664e-102	1.0
32694	1.3340564239408162e-96	1.0
32695	0.0	1.0
32696	2.31977852639409e-53	1.0
32697	3.9108096895238153e-140	1.0
32698	1.0849842373263636e-145	1.0
32699	7.4448134608079185e-31	1.0
32701	2.974006375353241e-79	1.0
32702	1.70106005020158e-176	1.0
32703	0.0	1.0
32704	5.812230664581585e-69	1.0
32705	0.0	1.0
32706	5.063616602561605e-67	1.0
32707	1.795780042556595e-249	1.0
32708	0.0	1.0
32709	1.732842329427773e-204	1.0
32710	5.163271161053513e-118	1.0
32711	0.0	1.0
32712	0.0	1.0
32713	5.939111918010532e-13	0.999999999999406
32714	1.1828435273161085e-21	1.0
32715	7.249369610385858e-121	1.0
32716	5.715315560805549e-78	1.0
32717	1.6544196339335962e-69	1.0
32718	0.0	1.0
32719	0.0	1.0
32720	0.0	1.0
32721	7.423964816986255e-299	1.0
32722	1.358702053929256e-57	1.0
32723	6.236248947850727e-23	1.0
32724	0.0	1.0
32725	0.0	1.0
32726	3.2312805718174116e-22	1.0
32727	1.1144116962164074e-125	1.0
32728	1.2229791941562839e-133	1.0
32729	4.4680938476525706e-51	1.0
32731	7.14642e-318	1.0
32732	2.360034819528849e-214	1.0
32733	0.0	1.0
32734	0.0	1.0
32735	0.0	1.0
32736	2.882689279148173e-253	1.0
32737	1.3856649484710063e-104	1.0
32738	3.7993948621893645e-83	1.0
32739	4.1035568724149595e-30	1.0
32740	8.614592341470842e-32	1.0
32741	1.400440883507201e-49	1.0
32742	1.0628791805876677e-29	1.0
32743	6.014415473e-315	1.0
32744	0.0	1.0
32745	8.3040067578123e-59	1.0
32746	0.0	1.0
32747	0.0	1.0
32748	2.7027168858816675e-108	1.0
32749	2.6918865882458076e-125	1.0
32750	2.0622217606897867e-20	1.0
32751	0.0	1.0
32752	0.0	1.0
32753	4.3922702338266206e-102	1.0
32754	0.0	1.0
32755	3.7585544775763783e-193	1.0
32756	1.6647554062527522e-45	1.0
32757	1.636530310742103e-59	1.0
32758	2.0033141135270513e-76	1.0
32759	9.752285347786886e-153	1.0
32761	0.0	1.0
32762	0.0	1.0
32763	2.2795768784369198e-67	1.0
32764	6.056003655505175e-72	1.0
32765	1.179202056316329e-60	1.0
32766	2.4812161557599715e-73	1.0
32767	2.2323392024794151e-72	1.0
32768	4.069994081915589e-124	1.0
32769	7.575952841398509e-90	1.0
32770	0.0	1.0
32771	4.887458766825924e-124	1.0
32772	0.0	1.0
32773	0.0	1.0
32774	1.2332129730715736e-129	1.0
32775	0.0	1.0
32776	6.075953594514637e-62	1.0
32777	0.0	1.0
32778	5.711156341837249e-219	1.0
32779	0.0	1.0
32780	3.517743981734421e-56	1.0
32781	2.502088367197246e-137	1.0
32782	6.660816136569566e-149	1.0
32783	2.4458737302797698e-104	1.0
32784	1.2686128495299045e-25	1.0
32785	0.0	1.0
32786	0.0	1.0
32787	0.0	1.0
32788	5.487769663424861e-103	1.0
32789	0.0	1.0
32791	0.0	1.0
32792	3.1148717134283197e-141	1.0
32793	0.0	1.0
32794	0.0	1.0
32795	3.3014495347288112e-121	1.0
32796	1.2524904063551262e-59	1.0
32797	0.0	1.0
32798	1.1567405535150408e-48	1.0
32799	0.0	1.0
32800	0.0	1.0
32801	3.8759558e-316	1.0
32802	1.0486689993426783e-151	1.0
32803	1.6254385358809648e-55	1.0
32804	0.0	1.0
32805	3.1272117807330856e-34	1.0
32806	0.0	1.0
32807	0.0	1.0
32808	2.5556304697674256e-77	1.0
32809	3.2169284499129243e-81	1.0
32810	5.248054595454495e-81	1.0
32811	2.132900483193327e-87	1.0
32812	5.144187222517408e-62	1.0
32813	2.471601879402965e-15	0.9999999999999976
32814	0.0	1.0
32815	3.6548762346653696e-67	1.0
32816	6.395416816721255e-91	1.0
32817	1.1140295842154368e-48	1.0
32818	0.0	1.0
32819	1.9510897433900798e-36	1.0
32821	2.0599291164303768e-53	1.0
32822	3.636763734634976e-210	1.0
32823	0.0	1.0
32824	2.64867579398025e-45	1.0
32825	1.1359316833723023e-09	0.9999999988640682
32826	0.5864570946739412	0.41354290532605875
32827	8.789849409653541e-159	1.0
32828	1.7106352513346768e-91	1.0
32829	3.490175522190078e-77	1.0
32830	4.379074182842351e-111	1.0
32831	2.0449378274040793e-126	1.0
32832	1.3461049551066196e-25	1.0
32833	1.7907751387677834e-79	1.0
32834	1.9570939625757636e-23	1.0
32835	8.839711196855656e-91	1.0
32836	6.956677007243754e-185	1.0
32837	3.72804256013739e-148	1.0
32838	1.5616417621100604e-58	1.0
32839	1.5737345548310232e-301	1.0
32840	6.771724506395566e-109	1.0
32841	4.6757954518586015e-08	0.9999999532420456
32842	3.155693280738e-311	1.0
32843	3.7297764477822525e-178	1.0
32844	6.287656481591219e-35	1.0
32845	3.7572647030384974e-173	1.0
32846	0.0	1.0
32847	5.850144256229312e-26	1.0
32848	2.7039113626696097e-44	1.0
32849	0.0	1.0
32851	2.2621440999510443e-25	1.0
32852	2.225605472784191e-111	1.0
32853	1.3476707019690463e-98	1.0
32854	1.0214973207068572e-121	1.0
32855	8.47859372357048e-25	1.0
32856	6.044643045875126e-84	1.0
32857	2.5383738920735257e-121	1.0
32858	6.351364235108212e-65	1.0
32859	6.012680224227739e-44	1.0
32860	0.0	1.0
32861	1.0356522662697617e-48	1.0
32862	0.0	1.0
32863	3.014265490288817e-107	1.0
32864	1.0627080749748875e-39	1.0
32865	1.2762844786190157e-91	1.0
32866	2.5071273861893473e-31	1.0
32867	8.117737720095231e-64	1.0
32868	3.9400368919795305e-171	1.0
32869	1.1337243734180053e-25	1.0
32870	1.8779327235616172e-82	1.0
32871	3.8414510130738125e-114	1.0
32872	6.701449147193724e-67	1.0
32873	9.849568163737811e-61	1.0
32874	1.875626263472962e-128	1.0
32875	6.625109610561804e-196	1.0
32876	1.7949312789078732e-162	1.0
32877	2.9157234815719875e-128	1.0
32878	1.0149671426798852e-06	0.9999989850328573
32879	0.0	1.0
32881	3.817915781850351e-67	1.0
32882	2.026979999896438e-74	1.0
32883	1.7017837897084647e-26	1.0
32884	2.7582095133558927e-61	1.0
32885	0.0	1.0
32886	2.997541529900198e-157	1.0
32887	3.788462928987947e-79	1.0
32888	0.0	1.0
32889	1.1785623927024914e-33	1.0
32890	9.178360645130936e-29	1.0
32891	2.6778653521597323e-34	1.0
32892	1.2491563978963713e-150	1.0
32893	2.531153846725052e-41	1.0
32894	5.451301016986505e-51	1.0
32895	3.4545061742262265e-68	1.0
32896	8.976404285038285e-58	1.0
32897	5.01696589853542e-50	1.0
32898	6.329643435357583e-11	0.9999999999367035
32899	1.1094420522055658e-82	1.0
32900	2.6380829804697848e-45	1.0
32901	2.5262111061742806e-38	1.0
32902	7.853650329551188e-47	1.0
32903	2.3918442263045574e-13	0.9999999999997609
32904	0.0	1.0
32905	3.855083314398804e-94	1.0
32906	1.2475469341422705e-187	1.0
32907	9.023128535767998e-112	1.0
32908	3.0377291033554892e-58	1.0
32909	3.535807128814986e-101	1.0
32911	8.359128372686463e-79	1.0
32912	2.4393135911468423e-143	1.0
32913	4.150795699383742e-103	1.0
32914	1.686199594411741e-111	1.0
32915	7.130500762657086e-103	1.0
32916	0.0	1.0
32917	0.0	1.0
32918	1.4170605491417018e-58	1.0
32919	6.571715347387912e-143	1.0
32920	4.4816647939411406e-30	1.0
32921	2.269977716801386e-06	0.9999977300222831
32922	1.8436620615324396e-36	1.0
32923	4.2499144282320505e-56	1.0
32924	0.0	1.0
32925	0.0	1.0
32926	2.9934727784167644e-18	1.0
32927	4.301834305565133e-69	1.0
32928	0.0	1.0
32929	0.0	1.0
32930	0.000332040703651015	0.999667959296349
32931	2.3666041241586855e-58	1.0
32932	2.0428862797333502e-199	1.0
32933	6.761849127882521e-58	1.0
32934	3.492390881616586e-123	1.0
32935	0.0	1.0
32936	0.0	1.0
32937	1.9547889173968177e-168	1.0
32938	1.6553489959004524e-92	1.0
32939	2.4831852307387265e-72	1.0
32941	3.598562096832284e-35	1.0
32942	2.7076938781184853e-118	1.0
32943	2.1733641243395284e-43	1.0
32944	8.939989648665972e-53	1.0
32945	0.0	1.0
32946	4.14193655404056e-115	1.0
32947	1.7881618961874105e-12	0.9999999999982119
32948	4.618500073765056e-50	1.0
32949	5.569130863589122e-50	1.0
32950	0.0	1.0
32951	4.341910959225098e-99	1.0
32952	6.85354100690014e-91	1.0
32953	0.0	1.0
32954	3.727711251345175e-151	1.0
32955	2.214632147518787e-38	1.0
32956	9.59031464005765e-36	1.0
32957	3.6851055231127613e-85	1.0
32958	8.636708413389169e-43	1.0
32959	4.833351975676748e-73	1.0
32960	0.0	1.0
32961	9.321523131193142e-217	1.0
32962	1.5988826861750953e-96	1.0
32963	8.390106459269251e-164	1.0
32964	5.0102493548798865e-180	1.0
32965	8.871680515427693e-125	1.0
32966	0.0	1.0
32967	7.881857287405774e-34	1.0
32968	0.00010774097290616987	0.9998922590270939
32969	5.0947065510573526e-54	1.0
32971	9.461402466814697e-59	1.0
32972	0.0	1.0
32973	0.0	1.0
32974	1.275432985421403e-29	1.0
32975	3.47199360436292e-37	1.0
32976	7.54399266425794e-15	0.9999999999999925
32977	2.2425657242742757e-109	1.0
32978	1.852157928992609e-42	1.0
32979	0.0	1.0
32980	0.0	1.0
32981	1.987889425277848e-97	1.0
32982	1.4162331641013194e-66	1.0
32983	1.49344937833e-312	1.0
32984	8.945774353883582e-138	1.0
32985	1.803185707276626e-68	1.0
32986	1.3142836134267363e-103	1.0
32987	6.614384638855529e-96	1.0
32988	8.828513574185421e-244	1.0
32989	1.8108378751934002e-35	1.0
32990	5.029660294704914e-51	1.0
32991	8.980492703775548e-134	1.0
32992	7.54851788536262e-30	1.0
32993	1.215920168484344e-108	1.0
32994	9.180696566684326e-111	1.0
32995	1.2770621865285106e-70	1.0
32996	5.314712314635791e-53	1.0
32997	2.0933958522031786e-42	1.0
32998	1.61821008e-315	1.0
32999	5.322085348649014e-52	1.0
33001	3.538376851685988e-115	1.0
33002	1.1217837384550277e-14	0.9999999999999887
33003	0.0	1.0
33004	7.883251066244651e-79	1.0
33005	2.971153210215722e-39	1.0
33006	1.884228601487866e-152	1.0
33007	1.4644688146116574e-114	1.0
33008	3.855111791627916e-83	1.0
33009	1.6375991845008017e-108	1.0
33010	1.0803049015351127e-79	1.0
33011	5.741924200761863e-94	1.0
33012	2.4035730405205474e-23	1.0
33013	5.93184747361213e-113	1.0
33014	0.0	1.0
33015	9.306600754878843e-71	1.0
33016	3.065863108064206e-113	1.0
33017	8.194834521827436e-68	1.0
33018	4.7984765768187335e-54	1.0
33019	9.557845176983968e-75	1.0
33020	9.865679721378603e-170	1.0
33021	4.1162972888365635e-132	1.0
33022	2.7208255876339787e-33	1.0
33023	1.9701740228428908e-70	1.0
33024	3.842568021593216e-155	1.0
33025	0.0	1.0
33026	2.0791728585383378e-13	0.9999999999997922
33027	9.456044257981244e-44	1.0
33028	4.230844415081099e-25	1.0
33029	4.1231125720471966e-51	1.0
33031	0.0	1.0
33032	1.4922293513089787e-122	1.0
33033	1.1109054681043995e-160	1.0
33034	2.0558385786001317e-97	1.0
33035	1.1051775297791052e-115	1.0
33036	1.330928995768314e-262	1.0
33037	4.0902184834668747e-47	1.0
33038	1.2308485703070123e-52	1.0
33039	4.744329643389013e-22	1.0
33040	2.7194937635857746e-124	1.0
33041	2.380412608028344e-214	1.0
33042	1.2907582423045689e-110	1.0
33043	0.0	1.0
33044	3.6669424647911516e-169	1.0
33045	9.515783882263677e-79	1.0
33046	4.020455016737314e-190	1.0
33047	5.882323408130135e-297	1.0
33048	1.112214410470988e-71	1.0
33049	4.4257439087594e-78	1.0
33050	0.0	1.0
33051	6.565336886388782e-30	1.0
33052	3.0288046405383366e-215	1.0
33053	4.142e-320	1.0
33054	2.1781650662658092e-105	1.0
33055	1.3394982054060594e-17	1.0
33056	3.8346921180153634e-87	1.0
33057	1.1204774374241821e-215	1.0
33058	8.585714655105342e-56	1.0
33059	2.5580984349801734e-55	1.0
33061	0.0	1.0
33062	9.87519002117269e-46	1.0
33063	1.1698976460782433e-142	1.0
33064	3.8409092822130907e-119	1.0
33065	3.073398054113911e-29	1.0
33066	5.076881136704278e-47	1.0
33067	9.932427020785284e-201	1.0
33068	3.985113626134229e-131	1.0
33069	5.898928931445664e-77	1.0
33070	1.0210342784952088e-95	1.0
33071	0.0	1.0
33072	0.0	1.0
33073	2.4326689303947302e-119	1.0
33074	4.397483815235696e-107	1.0
33075	1.2645984246535735e-90	1.0
33076	0.0	1.0
33077	7.765608522623869e-67	1.0
33078	1.2402457283744974e-140	1.0
33079	0.0	1.0
33080	8.445159227789379e-103	1.0
33081	2.3107493477e-314	1.0
33082	0.0	1.0
33083	4.465651826246505e-133	1.0
33084	0.0	1.0
33085	4.011487341722683e-169	1.0
33086	2.1251421045430634e-22	1.0
33087	1.846857606765762e-147	1.0
33088	6.1257860074033795e-77	1.0
33089	1.3141574930727335e-258	1.0
33091	5.94565e-318	1.0
33092	0.0	1.0
33093	5.122430196712503e-19	1.0
33094	0.0	1.0
33095	1.7905769833734728e-35	1.0
33096	1.505688029451008e-174	1.0
33097	0.0	1.0
33098	2.1280103974157352e-137	1.0
33099	1.6536650568300306e-86	1.0
33100	3.765238651231885e-118	1.0
33101	2.1602836523948028e-24	1.0
33102	3.6408116443208443e-44	1.0
33103	1.3914581991084035e-101	1.0
33104	2.2558217916201202e-212	1.0
33105	6.756148855206553e-131	1.0
33106	2.6304212247058743e-86	1.0
33107	1.34757309378998e-177	1.0
33108	3.738096533525187e-32	1.0
33109	0.0	1.0
33110	1.5326194305025229e-258	1.0
33111	0.0	1.0
33112	2.6806825045718902e-46	1.0
33113	1.271241158004215e-115	1.0
33114	4.505425056475822e-114	1.0
33115	4.971905267224796e-84	1.0
33116	0.0	1.0
33117	3.362781082505156e-51	1.0
33118	2.385824774098216e-93	1.0
33119	0.0	1.0
33121	0.0	1.0
33122	2.638974106567581e-72	1.0
33123	2.843856265236042e-93	1.0
33124	1.2607364637824736e-133	1.0
33125	2.866814462765854e-155	1.0
33126	2.060859295172907e-217	1.0
33127	4.8750295330415056e-89	1.0
33128	0.0	1.0
33129	3.1975630937785296e-89	1.0
33130	2.47261e-318	1.0
33131	2.5310320423784795e-47	1.0
33132	5.965492022511703e-45	1.0
33133	5.746436691125017e-60	1.0
33134	1.557833684e-315	1.0
33135	0.0	1.0
33136	1.0881013434035074e-102	1.0
33137	1.343684158361757e-138	1.0
33138	4.63926366867225e-139	1.0
33139	7.300292446395388e-35	1.0
33140	3.2626457296757946e-15	0.9999999999999967
33141	2.1669505639729223e-60	1.0
33142	1.751119703314531e-21	1.0
33143	1.2613959804089554e-137	1.0
33144	6.657890192409567e-83	1.0
33145	4.290088687555814e-208	1.0
33146	1.7623030770266308e-82	1.0
33147	2.7372629712647454e-93	1.0
33148	6.46186595226e-312	1.0
33149	1.1300878316763978e-32	1.0
33151	8.591385552055567e-65	1.0
33152	0.0	1.0
33153	3.745e-321	1.0
33154	1.0091037198094827e-139	1.0
33155	2.034051321021724e-238	1.0
33156	2.184680511363055e-89	1.0
33157	5.834167538556705e-146	1.0
33158	1.3766069745109762e-180	1.0
33159	3.5107501710564103e-32	1.0
33160	1.5462422393371495e-137	1.0
33161	1.3436991180448827e-200	1.0
33162	2.2941196242731092e-36	1.0
33163	2.46936930954256e-122	1.0
33164	1.5457025700608932e-110	1.0
33165	1.6078890827206563e-140	1.0
33166	3.952465850305819e-16	0.9999999999999996
33167	6.231146266817876e-278	1.0
33168	1.23741072249251e-186	1.0
33169	6.604602388640025e-52	1.0
33170	2.4981371556994094e-113	1.0
33171	6.044254993676271e-86	1.0
33172	2.01365671134235e-141	1.0
33173	0.0	1.0
33174	2.0385270460579787e-48	1.0
33175	1.528186864816186e-51	1.0
33176	4.1999947538292704e-55	1.0
33177	1.9643981961035026e-217	1.0
33178	1.2749075474362388e-55	1.0
33179	9.348626789868253e-76	1.0
33181	7.573180045409388e-59	1.0
33182	1.7972909922801058e-80	1.0
33183	7.707904543564043e-115	1.0
33184	0.0	1.0
33185	2.2795730529377437e-79	1.0
33186	3.667060637002017e-167	1.0
33187	3.7913608242802756e-67	1.0
33188	1.2752369745381425e-178	1.0
33189	4.769817684496901e-80	1.0
33190	0.0	1.0
33191	2.458766316991593e-202	1.0
33192	9.41864440505174e-185	1.0
33193	3.431987456177025e-33	1.0
33194	2.5725595661102894e-58	1.0
33195	2.1480382751093113e-185	1.0
33196	2.53582941548731e-279	1.0
33197	2.3678688400979048e-91	1.0
33198	1.5350073665952379e-61	1.0
33199	6.922775014718851e-65	1.0
33200	5.273481330745387e-81	1.0
33201	1.4329453158349216e-72	1.0
33202	5.009915170633107e-81	1.0
33203	3.8004957229983954e-79	1.0
33204	4.1678639651533864e-75	1.0
33205	7.803043213955586e-47	1.0
33206	1.5066448954203513e-149	1.0
33207	0.0	1.0
33208	5.385893345973148e-85	1.0
33209	9.695685183006342e-213	1.0
33211	1.1411282479714747e-44	1.0
33212	1.4113807876041294e-69	1.0
33213	1.924899382045791e-175	1.0
33214	1.6629898670981212e-18	1.0
33215	1.5086380292548326e-91	1.0
33216	0.0	1.0
33217	0.0	1.0
33218	6.024596243516791e-45	1.0
33219	1.7196958178248142e-91	1.0
33220	3.455799247651245e-69	1.0
33221	0.0	1.0
33222	2.6959610588295815e-138	1.0
33223	1.9177294364769027e-144	1.0
33224	7.056510828791796e-75	1.0
33225	5.83192748842187e-54	1.0
33226	6.600468754799662e-78	1.0
33227	1.1641722785433997e-58	1.0
33228	4.0241542056909e-66	1.0
33229	2.2902973026872023e-122	1.0
33230	5.912819330756e-312	1.0
33231	0.0	1.0
33232	2.578887632602051e-163	1.0
33233	3.0562904428725318e-61	1.0
33234	1.4220191293482048e-72	1.0
33235	5.453421910169071e-34	1.0
33236	1.292110621649657e-94	1.0
33237	8.694693501065312e-47	1.0
33238	0.0	1.0
33239	3.69786046954648e-22	1.0
33241	2.7503737048281536e-15	0.9999999999999973
33242	4.014326516728094e-31	1.0
33243	1.3031064173496274e-133	1.0
33244	2.5205677619401598e-104	1.0
33245	0.0	1.0
33246	1.6482794819215814e-286	1.0
33247	7.258500929132199e-51	1.0
33248	7.642283983242429e-62	1.0
33249	5.6677439491901386e-142	1.0
33250	0.0	1.0
33251	0.0	1.0
33252	2.675806909702027e-39	1.0
33253	8.773473429626e-311	1.0
33254	2.0307292553739343e-190	1.0
33255	2.991693522234295e-85	1.0
33256	8.635786797835266e-202	1.0
33257	5.86142791599428e-38	1.0
33258	2.932433578173138e-193	1.0
33259	2.9703762448867164e-60	1.0
33260	6.183388383706653e-121	1.0
33261	0.0	1.0
33262	3.607096630898128e-13	0.9999999999996394
33263	3.707750387076232e-61	1.0
33264	3.47619145801558e-98	1.0
33265	4.585510719841486e-176	1.0
33266	9.359173403792298e-61	1.0
33267	1.826314148983695e-92	1.0
33268	0.0	1.0
33269	5.809078684509026e-49	1.0
33271	0.0	1.0
33272	4.122664956813775e-131	1.0
33273	5.263248529831759e-163	1.0
33274	4.8715035771991165e-82	1.0
33275	1.0889914257784743e-115	1.0
33276	2.118974453693914e-60	1.0
33277	1.68140085256797e-117	1.0
33278	1.1408586909905182e-63	1.0
33279	2.047671509835135e-88	1.0
33280	4.681736673002769e-215	1.0
33281	6.11453690347603e-48	1.0
33282	0.0	1.0
33283	3.579782647475405e-60	1.0
33284	3.513496704017635e-23	1.0
33285	1.7031032565252707e-65	1.0
33286	2.7575971212671515e-96	1.0
33287	3.665546751456447e-47	1.0
33288	3.8231380707940364e-74	1.0
33289	1.065404009575536e-49	1.0
33290	0.0	1.0
33291	2.0613324784065322e-131	1.0
33292	3.07060214728475e-91	1.0
33293	2.124833804420822e-16	0.9999999999999998
33294	3.909773960677832e-160	1.0
33295	0.0	1.0
33296	7.0697163193561e-135	1.0
33297	1.2284199241442793e-122	1.0
33298	1.2275745361342185e-64	1.0
33299	1.31505154553153e-92	1.0
33301	8.534832652858793e-92	1.0
33302	1.2735365950242243e-49	1.0
33303	4.780419512405106e-96	1.0
33304	0.0	1.0
33305	1.3111152598071771e-48	1.0
33306	5.453733634751252e-203	1.0
33307	7.584549720069351e-112	1.0
33308	1.938935620235287e-97	1.0
33309	1.2890017885020619e-195	1.0
33310	1.5938872149192312e-55	1.0
33311	1.3086615462038443e-69	1.0
33312	4.011540779868336e-236	1.0
33313	5.672090836807476e-107	1.0
33314	1.602022673235384e-26	1.0
33315	0.0	1.0
33316	0.0	1.0
33317	3.430477248713592e-73	1.0
33318	1.0737306607719234e-71	1.0
33319	6.067937719701207e-192	1.0
33320	6.679446479078251e-77	1.0
33321	1.7664922142811584e-85	1.0
33322	0.0	1.0
33323	2.4263625463220173e-38	1.0
33324	4.500187750589707e-75	1.0
33325	1.8468897018706797e-211	1.0
33326	2.937223149841274e-200	1.0
33327	3.7428291094999245e-85	1.0
33328	1.4250060074273392e-13	0.9999999999998574
33329	1.0939636316255035e-18	1.0
33331	1.080940103789119e-239	1.0
33332	2.3520696203814657e-60	1.0
33333	1.1905473967949923e-284	1.0
33334	8.035000787316913e-262	1.0
33335	4.109406405110317e-38	1.0
33336	0.0	1.0
33337	3.943741374296432e-47	1.0
33338	1.3868037360694882e-110	1.0
33339	3.814065578061633e-99	1.0
33340	9.638472094127827e-100	1.0
33341	4.44511485875264e-65	1.0
33342	1.42862350171327e-192	1.0
33343	0.0	1.0
33344	2.1438876124057352e-92	1.0
33345	1.6833533402886937e-220	1.0
33346	2.3616110030991464e-40	1.0
33347	3.977831010256545e-55	1.0
33348	3.0306862241601443e-179	1.0
33349	1.2424276740693884e-49	1.0
33350	6.236184729041003e-204	1.0
33351	7.559215977534972e-134	1.0
33352	1.0264427184514463e-54	1.0
33353	5.3153166910097625e-20	1.0
33354	3.749278020605605e-49	1.0
33355	4.2142817261149103e-63	1.0
33356	1.40037e-318	1.0
33357	1.7341148638327413e-124	1.0
33358	3.523197289761234e-92	1.0
33359	3.017178226695059e-13	0.9999999999996982
33361	3.8147017161065665e-55	1.0
33362	1.908917993077568e-161	1.0
33363	3.2790693291059685e-162	1.0
33364	7.101826162919185e-180	1.0
33365	4.15257991368353e-93	1.0
33366	1.0296642775529365e-100	1.0
33367	3.6795692185733213e-156	1.0
33368	2.4459237101836853e-37	1.0
33369	2.373820997846268e-55	1.0
33370	1.8139881044199433e-150	1.0
33371	1.2100577405245579e-91	1.0
33372	1.1080548701060317e-212	1.0
33373	1.647513511110171e-88	1.0
33374	1.846431073492959e-117	1.0
33375	2.349873978382306e-27	1.0
33376	8.945855779858042e-113	1.0
33377	2.2004131807444926e-15	0.9999999999999978
33378	1.0933609893137297e-48	1.0
33379	5.5665056687493255e-39	1.0
33380	0.0	1.0
33381	0.0	1.0
33382	0.0	1.0
33383	2.787677281090842e-133	1.0
33384	1.037305168257949e-15	0.9999999999999989
33385	3.343493413897648e-48	1.0
33386	8.02806475993181e-38	1.0
33387	0.0	1.0
33388	2.42809853841569e-102	1.0
33389	9.847315441347994e-106	1.0
33391	0.000326791298509876	0.9996732087014901
33392	2.647355576160393e-105	1.0
33393	0.0	1.0
33394	0.0	1.0
33395	3.2288702190403125e-121	1.0
33396	0.0	1.0
33397	9.327979632580138e-112	1.0
33398	1.458044502096252e-53	1.0
33399	0.0029411932458159504	0.9970588067541839
33400	3.497517682991988e-64	1.0
33401	0.0	1.0
33402	4.574089644269108e-63	1.0
33403	2.4535736823686194e-158	1.0
33404	4.8017019043299885e-139	1.0
33405	3.0079622412646868e-149	1.0
33406	1.1640769644967042e-39	1.0
33407	1.3141922374419005e-94	1.0
33408	4.1610860354727424e-98	1.0
33409	1.2950012451314626e-115	1.0
33410	1.94415400053855e-96	1.0
33411	0.0	1.0
33412	8.32256200579723e-70	1.0
33413	4.616486621283263e-236	1.0
33414	0.0	1.0
33415	2.6948072435433868e-45	1.0
33416	3.442004072555916e-61	1.0
33417	2.0035286029116646e-102	1.0
33418	3.12586696367578e-102	1.0
33419	3.8513969775517983e-28	1.0
33421	4.853796728938633e-36	1.0
33422	0.0	1.0
33423	3.9081586047395786e-32	1.0
33424	4.175020463589705e-130	1.0
33425	2.0076803893266207e-114	1.0
33426	1.0429224930340766e-121	1.0
33427	4.752596848212895e-91	1.0
33428	8.788758882470232e-27	1.0
33429	1.4033797485749582e-118	1.0
33430	4.863230851457931e-126	1.0
33431	3.208519598896689e-16	0.9999999999999998
33432	8.037074400939199e-162	1.0
33433	3.013880971121357e-83	1.0
33434	4.22628664641484e-204	1.0
33435	0.0	1.0
33436	9.566210186779723e-25	1.0
33437	9.057534360272447e-157	1.0
33438	2.053936452919657e-100	1.0
33439	5.115573330198782e-59	1.0
33440	6.043800322396011e-97	1.0
33441	7.575524715162637e-85	1.0
33442	0.0	1.0
33443	2.7214407578933005e-71	1.0
33444	0.0	1.0
33445	2.9372231498426097e-200	1.0
33446	8.277659210829563e-77	1.0
33447	3.680969675634378e-39	1.0
33448	1.0472451994217935e-168	1.0
33449	0.0	1.0
33451	7.576292651168761e-124	1.0
33452	1.0057468502698453e-154	1.0
33453	2.701318040967862e-181	1.0
33454	2.5691010726479212e-95	1.0
33455	3.8335295046922025e-67	1.0
33456	2.669256778797065e-20	1.0
33457	4.9271996187681754e-27	1.0
33458	3.0664806657225755e-45	1.0
33459	6.761094741488974e-29	1.0
33460	1.585082332888915e-161	1.0
33461	2.1138345401841796e-96	1.0
33462	0.0	1.0
33463	5.371120845618787e-66	1.0
33464	2.083220364654382e-87	1.0
33465	1.116702326669437e-82	1.0
33466	1.528344391262415e-36	1.0
33467	1.876328833978911e-63	1.0
33468	8.123938994449806e-22	1.0
33469	3.879492308160946e-95	1.0
33470	3.582731494207754e-96	1.0
33471	5.677777287893888e-212	1.0
33472	3.197846190625786e-99	1.0
33473	1.2990081844893818e-137	1.0
33474	1.7369073862971673e-116	1.0
33475	5.12590315467229e-65	1.0
33476	0.0	1.0
33477	2.9054050944486767e-15	0.9999999999999971
33478	2.8184869702246356e-95	1.0
33479	1.088855498852697e-121	1.0
33481	8.459519605377581e-106	1.0
33482	2.4557528854779894e-71	1.0
33483	7.676249913369804e-138	1.0
33484	1.077785882889315e-199	1.0
33485	3.542396308227761e-91	1.0
33486	1.6164266208084193e-30	1.0
33487	0.0	1.0
33488	0.0	1.0
33489	0.0	1.0
33490	2.954520502099118e-94	1.0
33491	1.0891173307728847e-27	1.0
33492	1.2873653160613868e-146	1.0
33493	5.6813187338878275e-174	1.0
33494	3.4680192062025115e-47	1.0
33495	6.315618289051526e-61	1.0
33496	7.768622143770158e-251	1.0
33497	3.435905285217197e-53	1.0
33498	0.0	1.0
33499	4.495635311998453e-115	1.0
33500	5.925001342547848e-83	1.0
33501	5.878032905960224e-145	1.0
33502	2.3984800892877894e-201	1.0
33503	6.579608884894753e-74	1.0
33504	1.1640185983539992e-42	1.0
33505	3.942980898219514e-91	1.0
33506	0.0	1.0
33507	2.5107083371601075e-181	1.0
33508	1.6417577956269502e-105	1.0
33509	3.405639376687279e-68	1.0
33511	8.84212355021852e-62	1.0
33512	7.533861811884706e-118	1.0
33513	1.248051907769979e-66	1.0
33514	4.173706283049042e-107	1.0
33515	2.3486347062451384e-35	1.0
33516	0.0	1.0
33517	5.1127061898878235e-67	1.0
33518	4.400824617096856e-30	1.0
33519	0.0	1.0
33520	0.0	1.0
33521	3.519660193533829e-13	0.9999999999996481
33522	2.1568448422629993e-106	1.0
33523	3.3777978308614167e-228	1.0
33524	3.640155704990824e-70	1.0
33525	1.5973587543903303e-88	1.0
33526	5.115573330199945e-59	1.0
33527	2.188446724518718e-83	1.0
33528	8.639921110912056e-54	1.0
33529	3.208946324561087e-96	1.0
33530	5.227008017452136e-243	1.0
33531	5.412531840927272e-99	1.0
33532	1.1906818772537233e-105	1.0
33533	0.0	1.0
33534	6.995274712274454e-75	1.0
33535	2.6738870778172995e-28	1.0
33536	3.6858513399935447e-128	1.0
33537	1.641145021718872e-154	1.0
33538	1.9362483005816167e-15	0.999999999999998
33539	4.450304178414466e-115	1.0
33541	2.299664075486645e-21	1.0
33542	6.012725135180419e-48	1.0
33543	1.6238213087692319e-28	1.0
33544	1.2533886728128362e-91	1.0
33545	3.4527247600588243e-168	1.0
33546	1.84150276296319e-97	1.0
33547	1.441836637404392e-107	1.0
33548	3.606994245249932e-62	1.0
33549	4.4698026398347063e-101	1.0
33550	1.2031570447897727e-152	1.0
33551	6.670647990371348e-104	1.0
33552	5.625375998261725e-37	1.0
33553	2.558835122735688e-92	1.0
33554	1.552849380879092e-14	0.9999999999999845
33555	1.0909861417679327e-121	1.0
33556	4.5296252598641405e-198	1.0
33557	1.5000113539771843e-64	1.0
33558	7.002334280243188e-26	1.0
33559	7.57366325490377e-75	1.0
33560	1.0788960011848108e-42	1.0
33561	7.851338258248737e-97	1.0
33562	2.721380940399e-311	1.0
33563	3.3960220421298787e-74	1.0
33564	4.263995821295897e-205	1.0
33565	1.1524477162088671e-113	1.0
33566	1.7779241044999129e-237	1.0
33567	7.448358838638791e-30	1.0
33568	1.8126678552778572e-17	1.0
33569	4.794051463417714e-19	1.0
33571	3.666269131264786e-33	1.0
33572	7.789400627643077e-197	1.0
33573	7.84424576256413e-161	1.0
33574	6.188957543957828e-128	1.0
33575	4.911657288017798e-57	1.0
33576	1.3429059167930257e-217	1.0
33577	0.0	1.0
33578	0.0	1.0
33579	0.0	1.0
33580	0.0	1.0
33581	9.28950446095934e-77	1.0
33582	0.0	1.0
33583	5.035553327047597e-228	1.0
33584	7.506748088930723e-75	1.0
33585	8.402602131642189e-76	1.0
33586	1.2574439144109687e-64	1.0
33587	2.8923170256089367e-58	1.0
33588	4.5912228578638e-159	1.0
33589	0.0	1.0
33590	4.8447642883705146e-251	1.0
33591	5.699271659454866e-82	1.0
33592	3.215489482760756e-93	1.0
33593	0.0	1.0
33594	8.984791387696352e-91	1.0
33595	8.240033703309354e-80	1.0
33596	9.096855257129897e-37	1.0
33597	5.517551461633736e-53	1.0
33598	4.386870806590189e-26	1.0
33599	0.0	1.0
33601	6.004567980259819e-188	1.0
33602	2.2807661807005534e-48	1.0
33603	1.0710518565546384e-105	1.0
33604	3.6579513104116384e-56	1.0
33605	4.908128494053118e-94	1.0
33606	8.200251200676883e-64	1.0
33607	0.0	1.0
33608	0.0	1.0
33609	0.0	1.0
33610	0.0	1.0
33611	0.0	1.0
33612	0.0	1.0
33613	0.0	1.0
33614	0.0	1.0
33615	7.023130043035438e-76	1.0
33616	1.7437296332649596e-160	1.0
33617	1.0973402000831485e-183	1.0
33618	1.3678932165087464e-77	1.0
33619	1.1527700680989281e-11	0.9999999999884723
33620	1.2670631124911385e-129	1.0
33621	1.8315185437928003e-76	1.0
33622	3.567500721329018e-40	1.0
33623	8.416319165071056e-27	1.0
33624	9.117746732590246e-110	1.0
33625	1.8846842484022473e-22	1.0
33626	0.0	1.0
33627	0.0	1.0
33628	6.101227973197446e-41	1.0
33629	0.0	1.0
33631	4.657165777938682e-211	1.0
33632	0.0	1.0
33633	5.575268486794652e-112	1.0
33634	1.0658267735861248e-21	1.0
33635	0.0	1.0
33636	1.7055124574584118e-103	1.0
33637	1.4169602251745031e-99	1.0
33638	3.844463710192288e-104	1.0
33639	1.0716163886403248e-238	1.0
33640	1.747633131836269e-61	1.0
33641	0.0	1.0
33642	2.9372231498426097e-200	1.0
33643	1.482736450831838e-32	1.0
33644	1.1030624319479259e-26	1.0
33645	5.934334912000194e-65	1.0
33646	1.748050474245005e-307	1.0
33647	1.9907330502907096e-113	1.0
33648	8.409364796904991e-99	1.0
33649	0.6454456716348356	0.35455432836516443
33650	0.0	1.0
33651	0.0	1.0
33652	9.790703010495183e-147	1.0
33653	3.624606597542354e-29	1.0
33654	2.145654538156588e-120	1.0
33655	5.120507616858342e-209	1.0
33656	1.2317718056953282e-292	1.0
33657	8.479630973675795e-65	1.0
33658	3.179492608011695e-238	1.0
33659	1.3799234134162666e-70	1.0
33661	2.067475548595881e-176	1.0
33662	6.719219230029409e-26	1.0
33663	0.0	1.0
33664	0.0	1.0
33665	0.0	1.0
33666	2.1089701105206335e-97	1.0
33667	4.234390567779937e-35	1.0
33668	4.971677631791776e-127	1.0
33669	2.29638219429909e-25	1.0
33670	2.3300356956802443e-76	1.0
33671	1.691473424394888e-93	1.0
33672	1.6125002392403796e-62	1.0
33673	1.30841163351745e-69	1.0
33674	1.6888959328836217e-235	1.0
33675	2.0803123970772068e-29	1.0
33676	0.0	1.0
33677	3.413033356557513e-42	1.0
33678	6.49445865423913e-76	1.0
33679	7.5457615582985035e-93	1.0
33680	1.3465044212219469e-120	1.0
33681	0.0	1.0
33682	7.261332376219373e-55	1.0
33683	8.079805236087872e-90	1.0
33684	2.137940088762329e-42	1.0
33685	1.624132156865533e-150	1.0
33686	1.5611912849147962e-64	1.0
33687	3.078250236147269e-64	1.0
33688	0.0	1.0
33689	1.85878039709263e-67	1.0
33691	8.416095369526395e-101	1.0
33692	1.6986161892594275e-108	1.0
33693	1.4198626837377514e-79	1.0
33694	0.0	1.0
33695	0.0	1.0
33696	0.0	1.0
33697	0.0	1.0
33698	0.0	1.0
33699	0.0	1.0
33700	0.0	1.0
33701	0.0	1.0
33702	0.0	1.0
33703	1.4134559989390766e-91	1.0
33704	0.0	1.0
33705	5.093659346970066e-45	1.0
33706	0.0	1.0
33707	1.0795224376098292e-111	1.0
33708	1.0734276544980439e-169	1.0
33709	2.7202321920141143e-206	1.0
33710	2.1533477561323456e-21	1.0
33711	9.046217782425425e-55	1.0
33712	2.10692193477342e-92	1.0
33713	9.023514844835075e-34	1.0
33714	7.349874470457444e-14	0.9999999999999265
33715	3.9318590909524196e-43	1.0
